,prism_tmax_mean_gs,prism_tmax_max_gs,prism_tmin_mean_gs,prism_tmin_min_gs,Precip_growseason_mm,GDD_Accumulated,prism_kdd30_gs,Tmax_Days_Above_35,prism_heat_exceedance_total_gs,nldas_et0_total_gs,nldas_rs_mean_gs,nldas_humidity_mean_gs,nldas_vpd_mean_gs,nldas_wind_mean_gs,spi1_prism_mean_gs,spi1_prism_min_gs,spi3_prism_mean_gs,spi3_prism_min_gs,spi6_prism_mean_gs,spi6_prism_min_gs,spi12_prism_mean_gs,spi12_prism_min_gs,SPEI_30_mean,SPEI_30_min,spei30_prism_nldas_max_gs,spei30_prism_nldas_drought_days_gs,spei90_prism_nldas_mean_gs,spei90_prism_nldas_min_gs,cdhw_count_gs,CDHW_Event_Count,cdhw_max_duration_gs,cdhw_max_severity_gs,CDHW_Severity_Score,pheno_veg_days,pheno_silk_days,prism_tmax_mean_veg,prism_tmax_days_gt35_veg,prism_ppt_total_veg,nldas_et0_total_veg,nldas_vpd_mean_veg,spi1_prism_min_veg,spei30_prism_nldas_mean_veg,spei30_prism_nldas_min_veg,cdhw_count_veg,cdhw_total_days_veg,CDHW_Severity_vegetative,prism_tmax_mean_silk,prism_tmax_days_gt35_silk,prism_ppt_total_silk,nldas_et0_total_silk,nldas_vpd_mean_silk,spi1_prism_min_silk,spei30_prism_nldas_mean_silk,spei30_prism_nldas_min_silk,cdhw_count_silk,cdhw_total_days_silk,CDHW_Severity_silking,prism_tmax_mean_grain,prism_tmax_days_gt35_grain,prism_ppt_total_grain,nldas_et0_total_grain,nldas_vpd_mean_grain,spi1_prism_min_grain,spei30_prism_nldas_mean_grain,spei30_prism_nldas_min_grain,cdhw_count_grain,cdhw_total_days_grain,CDHW_Severity_grainfill,noaa_hail_count_gs,noaa_thunderstorm_wind_count_gs,noaa_tornado_count_gs,noaa_max_hail_size_gs,soil_awc,soil_bulk_density,soil_clay,soil_silt,soil_organic_carbon,elevation_mean_m,elevation_std_m,slope_mean,nlcd_cropland_frac,nlcd_pasture_hay_frac,nlcd_forest_frac,nlcd_grass_shrub_frac,nlcd_developed_frac,nlcd_water_wetland_frac,CDHW_Flag,CDHW_Veg_Severity,CDHW_Silking_Severity,CDHW_GrainFill_Severity,Fourier_sin_P1_0,Fourier_cos_P1_0,Fourier_sin_P3_0,Fourier_cos_P3_0,Fourier_sin_P5_0,Fourier_cos_P5_0,Fourier_sin_P7_0,Fourier_cos_P7_0,Fourier_sin_P11_0,Fourier_cos_P11_0,Fourier_sin_P19_0,Fourier_cos_P19_0,Inter_SPEI_Tmax,Inter_Heat_Precip,Inter_CDHW_GDD
prism_tmax_mean_gs,1.0,0.5567728552868451,0.9008175167667629,0.6398641642563441,0.07712916354430556,0.973736458944404,0.7768234643669051,0.538245562659814,0.43747576058310705,0.494892239540783,0.7530412165108632,0.7815235949324668,0.3912378305784021,-0.4946911231468308,-0.15906480441041065,-0.13262884331169164,-0.14054948752598487,-0.11157667308220222,-0.1278452052282603,-0.0897536699334603,-0.0790821041761989,-0.03747477443863543,-0.23938988353055576,-0.26488574015709226,-0.14245560276543456,0.22607698636896098,-0.2173091223110438,-0.2023503254209006,0.35805992313599255,0.36851218269668545,0.3986689074025983,0.3190845508974759,0.29946021647274185,-0.9367668059171094,-0.8183181202293216,0.931802700855212,0.016435621150315733,-0.20132060129766136,-0.6842659394091419,0.12366088273874584,0.01760038908168814,-0.17744654649425629,-0.11481065659039794,0.05354476443164638,0.07166849513554503,0.05962935862631156,0.894537653780173,0.4694502709968716,-0.3293454957951845,-0.2201303862975947,0.3404805962771208,0.030888306470179396,-0.13910139732030513,-0.04457549116464663,0.3028404338637222,0.3136234861234935,0.25737324018826746,0.937325804286007,0.486441263058294,0.5963708569987399,0.9424836814488021,0.6813641555192059,-0.2962561112123438,-0.16543525058401612,-0.38086101413089013,0.34600213594376567,0.3274587828596705,0.2642728184309959,-0.10001305019339084,-0.030941483432722475,-0.062002043160154625,-0.06597429438504814,0.3552052414679307,0.2919155556316752,0.00764893271448005,0.64319491817775,-0.2731941639873994,-0.5603064321115323,-0.03652421018290078,0.3120102980742665,-0.18697685971592964,0.33126047694275146,0.33681051702193454,-0.14209570669264696,0.0009081160066416179,-0.4553381675876025,0.35944105280742483,0.05962935862631156,0.25737324018826746,0.2642728184309959,,,0.04082634114301165,0.030350376482279968,0.09891227001585622,-0.00400317031793156,-0.002042818606308076,-0.004313343239040599,0.08245615443889563,-0.029260265083246206,0.01452831511214978,0.09438616324244363,-0.3465642754690205,0.555091127766479,0.2604806000008896
prism_tmax_max_gs,0.5567728552868451,1.0,0.37967965046535895,0.13352829263229732,-0.24073909935859572,0.4926489732932248,0.8106005500127398,0.7705927918210004,0.691393033166144,0.5939046927874939,0.4369063492290787,0.17693874614071037,0.5994215097481995,-0.05049268266103488,-0.3909149569963601,-0.23932364581401872,-0.3719020858739688,-0.30497426791702803,-0.3269522797691059,-0.2930162347517397,-0.2653660380404636,-0.26428117709504934,-0.43995699486256484,-0.29063836784318686,-0.3244377312570754,0.44544363956771543,-0.4142017476936349,-0.29364662430822613,0.6351270451057919,0.612688787669708,0.6406928392115099,0.539787270481605,0.5242628380741676,-0.46995594436151283,-0.4691439233047729,0.5179948959720256,0.38704366908271676,-0.2932008310305935,-0.12030032467746399,0.4149952403187271,-0.12934094507816812,-0.27453810938299783,-0.17167415092465418,0.30525898170712956,0.30932253321862935,0.2878797736138306,0.6322213646484296,0.6986897024982048,-0.41085368659346744,0.1702505481551485,0.5994477988910232,-0.26152650408421396,-0.4391151373130486,-0.3081323532807513,0.5660322374339002,0.551256778686951,0.4586082280220531,0.3470069479808839,0.5210411556553233,0.24863622620699632,0.5820845111242946,0.5377182226222882,-0.1687589955962026,-0.22814797127967956,-0.2740334416417879,0.43148030131546816,0.40948303967954197,0.36675725535586157,0.00996471919748038,-0.08864367370108915,-0.03205640669633857,0.02265312039718967,0.20404292678625638,0.11213463026403321,0.03800649959261678,0.2547359815452462,-0.3223554322059629,-0.18736614460408257,-0.03048921619497049,0.07251196576786362,-0.027329899827630497,0.2263600541587668,0.04429292196402745,-0.03342318476921964,-0.05522196700831952,-0.20137986438872757,0.6295091632325597,0.2878797736138306,0.4586082280220531,0.36675725535586157,,,-0.056356610301134986,0.1169698511952158,0.12187872783058756,-0.09209842171630749,-0.0973205478279131,-0.05018215890861502,0.23107588459547024,-0.13472611805513415,0.14769477770650505,0.06395532216121377,-0.4570705603896611,0.7441927599906243,0.4474945001364281
prism_tmin_mean_gs,0.9008175167667629,0.37967965046535895,1.0,0.7164487489320926,0.31426832490519674,0.9626793771943807,0.6101316637949016,0.3464637609518337,0.2539874457546921,0.33296166990278303,0.6807354038145603,0.8853869096200121,0.20239174754616093,-0.487696418617858,0.10373576477508943,0.04443205576685814,0.11328681142252904,0.10533360525509351,0.11290093217056585,0.13082751394448777,0.11436519957604396,0.15443960803512524,0.018413180853945797,-0.09238957309865975,0.0436519330809717,-0.01031582740620926,0.03363710349216208,-0.0053980286573811955,0.15906413782455397,0.18374193463917,0.2271813037129177,0.1689856735137529,0.13993944186948057,-0.8966522017430595,-0.8136731155403122,0.7750146628709006,-0.1074365157615386,-0.01159604165590798,-0.7729681242819981,-0.07150372252837198,0.1916762336982622,0.03667371201965022,0.06567580870244744,-0.09358052932938946,-0.08648606160810283,-0.08916518766511941,0.8134710358761855,0.2795797897459348,-0.2111861916894862,-0.3506539257643418,0.1677035704070581,0.18587510180664235,0.04379708798574261,0.11822217760633456,0.11259058438583541,0.13459251233421632,0.11026874911651431,0.8869202304542024,0.3932399403291426,0.6792843075578792,0.8830098302686882,0.5303473800886058,-0.17670852098552758,0.005728603125731222,-0.23529227803486816,0.25951852746478826,0.255118550782458,0.19708404992731215,-0.05710285992267202,0.054228095481616,-0.04116895116986735,-0.043807132974496996,0.3300848791783146,0.34534507040565154,0.018282235054578967,0.6341269077534541,-0.2867562261671897,-0.6289919121710559,-0.08797850177138189,0.22663262504017098,-0.18694883414123412,0.3029241791777402,0.24907893043871157,-0.2145583724964112,0.131947908532404,-0.3900101629422756,0.19404059270215304,-0.08916518766511941,0.11026874911651431,0.19708404992731215,,,0.056539024157433046,-0.015264915807676964,0.09285243708443706,0.0542746127573063,-0.013793045240320405,0.028803863898622023,0.01750546421211159,0.025030214852947985,-0.08894931309228032,0.03708758205396144,-0.15060408512474163,0.4110100082183336,0.12145443300275369
prism_tmin_min_gs,0.6398641642563441,0.13352829263229732,0.7164487489320926,1.0,0.24289438584492995,0.6394062159593854,0.3310337811811432,0.18591113621770092,0.14029150700062795,0.13784986419371104,0.48102906056841777,0.6356956463979072,0.04345512514436637,-0.44790847955814006,0.08856139857909279,0.038107472229177715,0.09872057945187718,0.07654384150251395,0.11611299025121562,0.1283750598788052,0.1206254880664777,0.1587572923308401,0.029258824081830725,-0.05323865234415253,0.029576915942774992,-0.03987459411556072,0.03779854104352617,-0.011617561918384051,0.0683944919634151,0.09851323283232195,0.12220173620284745,0.11209115426435547,0.09056780542547649,-0.6184621351326136,-0.5472363448741605,0.6108168011685234,-0.20157914582105121,0.04620211004409512,-0.5963348531591048,-0.171469767027552,0.1890337005541016,0.04925367879785868,0.05912305096561262,-0.13901176493764456,-0.1263627814503018,-0.11027045758210481,0.5494359907736969,0.18315881802379574,-0.13767624243112736,-0.3045645859932373,0.03539224636010602,0.13041959842671766,0.05587083980137577,0.09801643338121588,0.0684320821701063,0.09794986263537973,0.09921594714709109,0.5658005869286874,0.20798499162802087,0.44508926736964405,0.5765102551892445,0.28325144687616005,-0.1765139954889324,-0.014585885881564542,-0.18316258117600082,0.13508306591392746,0.11851802220741732,0.07834974308527398,0.003288437110550268,0.10086791491603508,-0.024811808327905537,-0.0012422822448978472,0.19502817718047963,0.282901697092382,-0.018929494980300395,0.48037492018279465,-0.11084461659468654,-0.5338515144451181,-0.07626845757032906,0.18965249465588435,-0.16245734139201853,0.17492620996319047,0.23066751606446675,-0.19157774386554796,0.14019273382285902,-0.2892647429133558,0.06848021553236856,-0.11027045758210481,0.09921594714709109,0.07834974308527398,,,-0.014941755830065889,-0.04558518711489285,-0.0132483507431368,0.12380949241253926,-0.06561865196256306,0.07247418957486751,0.017814725901865214,-0.0768924654019488,0.015772102976124375,0.034323344386717525,-0.07384517062700416,0.22771505870865744,0.10740391276184819
Precip_growseason_mm,0.07712916354430556,-0.24073909935859572,0.31426832490519674,0.24289438584492995,1.0,0.18619555037233446,-0.14217100461620416,-0.23362421982372186,-0.2438142074689732,-0.2589913512835629,0.024357191956240597,0.4739712008642854,-0.375800068894929,-0.08352107812074179,0.8852450798632855,0.47045192824242343,0.8401796826917793,0.6328132582412578,0.7586165802548043,0.6207905402131466,0.5682692399126643,0.5356485386737374,0.8147466173634546,0.44470204424004545,0.6474141481697205,-0.6183430452989535,0.7782429069688577,0.561403649552259,-0.354596582367342,-0.298280752014671,-0.27321931390170495,-0.21937205908705393,-0.24301868766669477,-0.15653989472936825,-0.17123214452578736,-0.00301963104155526,-0.23738440743076727,0.69964820435957,-0.34676870247936786,-0.38510517952776496,0.5050119178347066,0.6016833147564333,0.4629366870397953,-0.2962243169210791,-0.2996065646779446,-0.2680555861547436,0.07164607501506412,-0.23944550307303827,0.4297534169925166,-0.3464999947601901,-0.33437923646827256,0.48954040854141684,0.5793111703209891,0.525755514695609,-0.3256777551016043,-0.27883532813447703,-0.21637989641037486,0.08938291610173721,-0.06878225986116857,0.5119677513824874,0.07033185242037251,-0.25362209389706697,0.29400759913652835,0.5659026888109963,0.38624867048640404,-0.14904353601907794,-0.11887191321338515,-0.10497528010292534,0.07831748746721424,0.1291506139181235,0.05952594743196793,0.07901494603633369,0.12019834615789793,0.07329597331160365,-0.011936381143751807,0.2147466652182425,-0.08211565361663925,-0.12064828205499714,0.0127155948349885,0.12637913112734156,-0.11349478811776419,0.1962384922033585,0.12169169499351419,-0.05022887924857757,0.007944391076945083,-0.14292676329494441,-0.3334452154217006,-0.2680555861547436,-0.21637989641037486,-0.10497528010292534,,,0.03529178262652452,-0.1517664416326365,-0.06898774927956458,0.09360143168038522,-0.005575356028482231,-0.020271552708384027,-0.10948394173227959,0.11729972110938358,-0.12109080711645993,-0.14999321425006806,0.4602992485400561,-0.06751650561304974,-0.20217128690805064
GDD_Accumulated,0.973736458944404,0.4926489732932248,0.9626793771943807,0.6394062159593854,0.18619555037233446,1.0,0.7233503491408136,0.4504216051536973,0.3439159583725442,0.4451113642268367,0.7401731252567125,0.851886441385884,0.3245903496124185,-0.49350722018623,-0.03780871526624074,-0.05359087867888676,-0.020781842319804136,-0.008417965712960771,-0.01876287552931692,0.010905341624397763,0.011261985496595876,0.049653431249933606,-0.12343138148262146,-0.19134358417261907,-0.056286151339061626,0.12140533191915333,-0.10031623629999295,-0.10956741001739773,0.26257765123105126,0.27371002306077336,0.3139464201933139,0.23584179437781957,0.21029704561164148,-0.9425732097075007,-0.8345061867778573,0.8685076439054477,-0.030019753228562925,-0.12366610200276279,-0.7357790013028264,0.05047811495750632,0.10208252298317505,-0.08035216113488046,-0.0263656106382657,-0.011955469288822552,-0.00029168024558011847,-0.010385023300932482,0.8697121645015407,0.3753134508761167,-0.2811313576734838,-0.28021019877770303,0.2711867035292352,0.11089199893894214,-0.05231109001029899,0.031923626331347044,0.2085866091966152,0.21767853093729075,0.17167208958881386,0.9438219723322774,0.4519821789935484,0.649708192888671,0.9454678428486077,0.6401457952258436,-0.2506264004010889,-0.0914205791431542,-0.3265749081160824,0.3062530816783589,0.294643849475224,0.23015132739075767,-0.08754166247095341,0.001969706731557747,-0.054627690661815435,-0.061110762207891585,0.35347774246517066,0.2995985171258896,0.00683173380559069,0.6460787608836513,-0.29232073020602606,-0.5960372188100748,-0.055403617432598994,0.2768864100912177,-0.19006105130335962,0.3238959557129009,0.30449168782635344,-0.1674851177868462,0.04734105713589177,-0.42556139869915294,0.2920488776985977,-0.010385023300932482,0.17167208958881386,0.23015132739075767,,,0.05355817212648597,0.003246554619572943,0.10175243712972318,0.009163579187596114,-0.01020585095179489,0.006013804212214124,0.06542367252248499,-0.0028011690213998555,-0.04859919698192307,0.07642011921682182,-0.26401889178236276,0.4919653021905607,0.17864602488463807
prism_kdd30_gs,0.7768234643669051,0.8106005500127398,0.6101316637949016,0.3310337811811432,-0.14217100461620416,0.7233503491408136,1.0,0.8793142705321514,0.7831005980333412,0.6086434350097543,0.6311723872434378,0.4342913198277289,0.5858281096790036,-0.24873361176303704,-0.33022086264173156,-0.21734019624547515,-0.3134961729460467,-0.28069146744635143,-0.2682688011392617,-0.23450751477608048,-0.1773925215580397,-0.17093369345420423,-0.39939958775680706,-0.3157532145115958,-0.26638122281553067,0.41679958939034156,-0.3717638590764045,-0.2977478424914781,0.6755681539707724,0.6983637709037078,0.6959211762973754,0.6125727825868952,0.6127466417195212,-0.6602993979837116,-0.6038759243312715,0.7298189107037892,0.2477473805963607,-0.27976662369380106,-0.3428123451674935,0.32751723316554165,-0.08735136657216172,-0.24645382359535517,-0.1684047249464034,0.23877074384745087,0.2669417155746236,0.2532463323996601,0.7507759164168646,0.7964409289695955,-0.43106870599012015,0.009677143854049301,0.5678648600907247,-0.20400019764489769,-0.3981078331964317,-0.27480813226006295,0.596992840462801,0.6309150010749726,0.5478237329827544,0.6254906061727395,0.6659381407606473,0.4077716688403876,0.7817607085409084,0.6480531034901358,-0.2065914547614398,-0.21083328795713163,-0.3309971907067155,0.5272509920311965,0.4961876864056922,0.43285562828868634,-0.03317216599437232,-0.07597290139233001,-0.05981881292239806,-0.022969981356519478,0.20918536055428993,0.05217978837714414,-0.08535808994494487,0.40764456111361574,-0.28228370024598626,-0.35964207709166657,0.03093480761272245,0.17999874387249698,-0.179139429404544,0.2978709051886894,0.224767239851209,-0.036768391279726594,-0.05688841350515167,-0.20854995596603648,0.5767286657135371,0.2532463323996601,0.5478237329827544,0.43285562828868634,,,-0.04533994514502235,0.09494217239342158,0.14890652700004028,-0.12240952748572494,-0.0764465260742938,-0.030194045712928476,0.17530819512179407,-0.09751561502934288,0.10858542629262741,0.058361004494845506,-0.45134333334472115,0.8585175694465549,0.5451881529643549
Tmax_Days_Above_35,0.538245562659814,0.7705927918210004,0.3464637609518337,0.18591113621770092,-0.23362421982372186,0.4504216051536973,0.8793142705321514,1.0,0.9372170995666137,0.5845141146185979,0.5015466964272524,0.13595609831021988,0.6085871763792724,-0.07656042546276505,-0.38645621525486507,-0.2582505413769942,-0.37365464248556324,-0.3351440364297281,-0.32503494381996395,-0.3040181866681118,-0.251185644170141,-0.2511216439440863,-0.4551466073028116,-0.34460722373938557,-0.31411603107761843,0.49121378241741115,-0.4334695862354826,-0.34392818158667743,0.8008688764314917,0.8573585272893463,0.8232597368029259,0.7538379567249911,0.7721427175254413,-0.4229613409785575,-0.3779811135744567,0.5395443365009394,0.34556510523825806,-0.27928711206395984,-0.0904674425506575,0.40884008708994635,-0.16382408252148517,-0.30196875831707953,-0.23846528677433418,0.3103342736976338,0.3581110299901045,0.35570166163164996,0.5480309163368074,0.9175418900590235,-0.3800507884992065,0.17165117571834534,0.6177079829315603,-0.29116040069126,-0.45399276566170577,-0.35155835716442835,0.7206741040810971,0.7845076167461106,0.6897794448988949,0.3881843505729833,0.7147298300761319,0.22125733650805485,0.5571168887778609,0.5529809213690325,-0.1751601463054172,-0.23234322460623014,-0.3024207273969532,0.593845000221431,0.5774323062425525,0.5318103580064999,0.02179824325833411,-0.06340167241284231,-0.0397555229833186,0.01355567950069816,0.11802254115377857,-0.024872993916700673,-0.09258351476394718,0.24521410992847262,-0.20313526064430854,-0.1684052773009808,0.061466508620375004,0.12808373786899896,-0.15823672342069559,0.2642504857351853,0.15395070332526,0.007120374902918917,-0.058022165805904476,-0.10723809132065901,0.6047456606166942,0.35570166163164996,0.6897794448988949,0.5318103580064999,,,-0.0569316358772566,0.14595089307790607,0.09085129695037826,-0.1620299017492449,-0.07189176505763341,-0.03651517769821906,0.19314367807714714,-0.1758205933776902,0.21571776324009348,0.050942120767721345,-0.4785435460284471,0.9487043598165771,0.6838198185077063
prism_heat_exceedance_total_gs,0.43747576058310705,0.691393033166144,0.2539874457546921,0.14029150700062795,-0.2438142074689732,0.3439159583725442,0.7831005980333412,0.9372170995666137,1.0,0.5452926353775813,0.44995610617685267,0.03711998651988195,0.58283976328748,-0.024710192104737915,-0.3732575945335414,-0.2505714290874366,-0.3709727534210755,-0.3295009565113092,-0.326965092799411,-0.30539861225137865,-0.24755820654404687,-0.247429498342179,-0.44935936900285994,-0.3402329833256156,-0.3007535611957435,0.49615738185997726,-0.4395658304817057,-0.34605447201978484,0.796935875656423,0.91162220866699,0.8482020356014698,0.8839757326843378,0.9095015574316035,-0.3347864284726442,-0.29435901077503185,0.4571873084944848,0.28724278161740086,-0.2823581767165996,-0.017863433006669947,0.41214665579066134,-0.19530814359532717,-0.323954206090429,-0.2654539206696814,0.28786776362522615,0.3400927003209746,0.3632228434773224,0.46526430857867845,0.8853871597635578,-0.34009141946289595,0.21906369656235186,0.6160048582243505,-0.2922789268503184,-0.45358892460087563,-0.3605108612958213,0.7251103850812061,0.85534298465568,0.833458211780564,0.2940581161062459,0.6408426565009919,0.1776506858737164,0.45944026057955445,0.48453280464560233,-0.13971156107115446,-0.206585781234952,-0.27880044746566834,0.5958342368629802,0.5889009955527514,0.5960214894420784,0.024499237343512854,-0.05246886977047885,-0.0390404837974104,0.014225393775669361,0.08787692100499934,-0.02527295577901503,-0.08115200893526321,0.18867582804329314,-0.14712391782632583,-0.10948808776932027,0.05847308447883921,0.10617527671795354,-0.13940122253847953,0.22589522261538683,0.12769089479864423,0.010547452308901386,-0.043305372318929086,-0.0810172114117232,0.5121716899783303,0.3632228434773224,0.833458211780564,0.5960214894420784,,,-0.04257941606408826,0.18151923190048536,0.07096090334343301,-0.16787229048972496,-0.07257926263778916,-0.017797822053599748,0.17487270570217509,-0.16379219754483645,0.2024810709033737,0.017554025869339438,-0.46472520898620506,0.8556075780901129,0.8315594042189327
nldas_et0_total_gs,0.494892239540783,0.5939046927874939,0.33296166990278303,0.13784986419371104,-0.2589913512835629,0.4451113642268367,0.6086434350097543,0.5845141146185979,0.5452926353775813,1.0,0.6661412770454653,-0.0234674950192185,0.9673285450911238,0.29254839059010784,-0.3593374182613778,-0.2506964310585919,-0.343809948942711,-0.33337869531678427,-0.31439670437521533,-0.29312647953247667,-0.24696634988125715,-0.2383791819204486,-0.6141736468026591,-0.5247345099166659,-0.3445277173219893,0.628392878644705,-0.5730744897853136,-0.503421316088759,0.592429765068353,0.5552181919866025,0.5287442978195309,0.4654065835634553,0.4850004534071186,-0.4591153458217909,-0.3399024006646989,0.49018939620908963,0.24258194487510937,-0.33022091196925873,0.19782553964287922,0.790299849888118,-0.13675255330350528,-0.4079071566834307,-0.3055574989142672,0.23159595073154354,0.23534933145025666,0.22052949558221888,0.4640482329627815,0.5389886121540713,-0.3254399435615582,0.6184516070577898,0.8855282087765662,-0.22239373588816483,-0.5135998447731951,-0.44683197994686824,0.5339366457667611,0.5126589442338592,0.4416147103421697,0.3663359610965632,0.3986767939747813,0.19442041826470136,0.6278271297673422,0.8149324779102,-0.17723027417852796,-0.37397733487190987,-0.4570114364894947,0.41296703203176977,0.3635158958825177,0.3140021375069487,0.11101606342080989,0.020546155444320747,0.022287204499691397,0.1102947462049044,0.23656593041026408,0.11016852048660195,0.13063607721218748,0.19266528345373068,-0.36634119699167317,-0.04092493357997397,-0.05426713231415862,0.001686928506066179,0.07919735726473517,0.19165785067685867,-0.06114760732921248,0.006560000350731237,-0.13430533027611796,-0.1797253754762141,0.5149873023915492,0.22052949558221888,0.4416147103421697,0.3140021375069487,,,-0.03060556179877035,0.11147303193202075,0.07689664401712074,-0.12179413438670172,-0.014591355856450747,0.017899294070992604,0.08460315037810759,-0.20240054663433296,0.05169019675080772,0.026897985329971306,-0.6026285568755564,0.5295733672429,0.43209219484906075
nldas_rs_mean_gs,0.7530412165108632,0.4369063492290787,0.6807354038145603,0.48102906056841777,0.024357191956240597,0.7401731252567125,0.6311723872434378,0.5015466964272524,0.44995610617685267,0.6661412770454653,1.0,0.48941933080717537,0.538628314207724,-0.19762351944810785,-0.13957257780259652,-0.15782581122170666,-0.08740161562602694,-0.12325787776286636,-0.06360498217976,-0.06175135241123417,0.02069483489599089,0.04856053244945811,-0.34126546199785784,-0.4132960821502472,-0.13166999589429945,0.3641301274009824,-0.27746869366016413,-0.3041220659062074,0.40793079521783615,0.42060154643031344,0.42668809292319076,0.373019929473493,0.3672254064824431,-0.687754995876044,-0.5868781958669466,0.6930026619919892,0.05999120045262358,-0.19323990560497042,-0.3053168035572626,0.2825243027240606,-4.649400656236204e-05,-0.21386766225108,-0.16814578311268627,0.11269274561674786,0.12292415338945863,0.10825613261205157,0.6379515322949227,0.4501877863693416,-0.2439707590481488,0.08451175086141138,0.47148526646704697,-0.03665233582500899,-0.23593188311353877,-0.2346595723341574,0.3643889491841431,0.38219608293602875,0.3365632057752907,0.6909687743979871,0.4159898284702499,0.4373773149738444,0.7867253302895482,0.6886162030525669,-0.23950723806208682,-0.25328097104442604,-0.45888974462758053,0.3260756077999177,0.3097380478052585,0.25634632502559707,0.027327088552287052,0.10365965997442127,-0.021659589160465335,0.020717931268350004,0.19777236291387154,0.12600323226596183,-0.07751461695493746,0.4385867035075801,-0.1956906648615157,-0.39598433991766135,0.03305504632782947,0.19331683012274337,-0.19987367237553827,0.26851518944185626,0.2645495139792175,-0.07718410832318856,-0.026785935142155354,-0.2160097718849937,0.3561069948617103,0.10825613261205157,0.3365632057752907,0.25634632502559707,,,-0.04691774159505021,0.034775213381540965,0.017627622551483643,-0.13766791149064447,-0.006795362906994397,-0.02097086751768857,0.08875183966566552,-0.032728676646299366,-0.10092478070751705,0.12348807347230643,-0.46670147171533805,0.4974814826590095,0.3355613686619851
nldas_humidity_mean_gs,0.7815235949324668,0.17693874614071037,0.8853869096200121,0.6356956463979072,0.4739712008642854,0.851886441385884,0.4342913198277289,0.13595609831021988,0.03711998651988195,-0.0234674950192185,0.48941933080717537,1.0,-0.17498417989961612,-0.6062748775226949,0.28258691411248,0.152059991544113,0.2951393873286078,0.2679815675974041,0.28021197261088304,0.28595620928099974,0.2588298099121915,0.2908597166201038,0.2953678787024882,0.11925547744123263,0.2086380997279882,-0.28603859195041714,0.30380901441637187,0.2240682295258521,-0.08682374246788388,-0.05087809573716755,0.012555367763878294,-0.03149273612840755,-0.07485192368625661,-0.7696080933803144,-0.7221858957519163,0.6505778274050539,-0.19092813240113157,0.1570696666055453,-0.8783623870882183,-0.3838932880024537,0.2894448610585915,0.22524517040384462,0.22251750938353315,-0.18748516754805986,-0.18218765088806596,-0.1830715274963109,0.6813611650267607,0.07783137998341777,-0.07410400311930017,-0.6162352856926411,-0.19422667358958742,0.3052657077575131,0.2855004389284025,0.3308294148549139,-0.1102593181125472,-0.0835227879489074,-0.08681878076534175,0.7676525419466739,0.2609353075927306,0.6463443466208548,0.69743518952809,0.17727091491815172,-0.10768970646755792,0.19068085645942254,-0.030103221099400602,0.0899621669994425,0.10289249640467595,0.06031675578644049,-0.12440438089517142,0.016610444563648127,-0.04962797276162789,-0.09660263624792001,0.27908784656159563,0.2611647723974875,-0.06564899984454058,0.6153992408295835,-0.16512785602593777,-0.616414951339065,-0.021411899628450165,0.30393063433246237,-0.2421576667651249,0.2802104933990578,0.37531106595956165,-0.17063226474189577,0.04995092100411613,-0.3719046124254207,-0.0020987265867567556,-0.1830715274963109,-0.08681878076534175,0.06031675578644049,,,0.09117148922807812,-0.08204998222288591,0.07866403311903063,0.09916492019711727,-0.02907430144702957,-0.0014966843116652289,0.004245930281082755,0.12738931517811036,-0.14394648846016636,0.0439864885694982,0.08707539328515142,0.23876942102784152,-0.07179672470566074
nldas_vpd_mean_gs,0.3912378305784021,0.5994215097481995,0.20239174754616093,0.04345512514436637,-0.375800068894929,0.3245903496124185,0.5858281096790036,0.6085871763792724,0.58283976328748,0.9673285450911238,0.538628314207724,-0.17498417989961612,1.0,0.2690040332031635,-0.44900518110373444,-0.2903581944654031,-0.4438702165385677,-0.40759633195959855,-0.41224675224499363,-0.37798844811463755,-0.347925319627447,-0.3429498418065178,-0.6856034384491149,-0.5400149706358576,-0.4088394961731591,0.6932811915723686,-0.6540907894449991,-0.5530412912530549,0.6462568170441279,0.608294356554191,0.5751823575974297,0.5116837793063411,0.5374820178429758,-0.3486162499297282,-0.23562073523744284,0.4099073000089325,0.2691802036412417,-0.39619483758829477,0.2835342348733875,0.8324077217644005,-0.2154724884790762,-0.4691215392552255,-0.36009248306267916,0.26964085379411523,0.27424030347602296,0.256128818042433,0.3747415677345537,0.5667633019098232,-0.3525960446679228,0.682968361744902,0.934625706142058,-0.303209276788815,-0.5933539418317655,-0.5247428797974719,0.5823478251729383,0.5632963392226716,0.4914318556937659,0.27124679365916515,0.3998445443568678,0.09973992175909255,0.5223619338804846,0.7838511383711342,-0.15807370609517396,-0.39205950496416764,-0.4370756399573574,0.4424215639747709,0.3884757825579828,0.3379883563755113,0.10211793874413506,-0.013144516203809737,0.01002617387219114,0.09939385236888362,0.18747396587787518,0.0504537603264756,0.12113866088528981,0.11127128093644403,-0.30165786866359046,-0.0020784476798346584,-0.04134238646681901,-0.011028633182301014,0.08389470076954635,0.1487684599538437,-0.07948788971601434,0.02640099334965988,-0.1282196555945444,-0.1210477376847144,0.5518272761188727,0.256128818042433,0.4914318556937659,0.3379883563755113,,,-0.04087900114217988,0.13844869002517116,0.06355443538011085,-0.15403228419977052,-0.020048027062461574,0.024932494482046846,0.08694830018008627,-0.24803354316995566,0.11842457787435968,-0.010236586585356956,-0.6209030371459369,0.5286236371180228,0.4798034138053886
nldas_wind_mean_gs,-0.4946911231468308,-0.05049268266103488,-0.487696418617858,-0.44790847955814006,-0.08352107812074179,-0.49350722018623,-0.24873361176303704,-0.07656042546276505,-0.024710192104737915,0.29254839059010784,-0.19762351944810785,-0.6062748775226949,0.2690040332031635,1.0,0.010793115569508368,0.01544218953983299,0.0016024550326595858,-0.04359939455411245,0.02736064147727169,-0.006919110112995202,0.038707440676576124,0.0018126185368073364,-0.09955399723182387,-0.05078835804921927,-0.04964212305940559,0.1293271399610139,-0.09018169629887929,-0.06927179521380258,0.05290314029872167,0.01958887467526316,-0.023344512590169345,0.006860162389716439,0.03283376483574623,0.4527853817805101,0.40288637385867065,-0.4672952412069374,0.13001773374885484,0.08118476423443387,0.7125399900869227,0.378955417717179,0.007072943842702861,-0.013809308605915413,-0.0014112914083357607,0.054508743923170705,0.04164260171659582,0.05374770749812145,-0.3956211134093586,-0.050513683338596696,0.10658144277453514,0.5787420483047545,0.26205919129292027,-0.10948553621342552,-0.167585003156105,-0.15307709065671998,0.06623912836841994,0.038588964357583265,0.03682654400787394,-0.44703850538507856,-0.14396985803048173,-0.30462200873152534,-0.32541874969662465,0.03303358279870786,0.1301482365914547,-0.06775154614288825,0.02296175759705492,-0.026623477739714827,-0.04072621137858584,-0.012336656887758245,0.2085099455162562,0.07257418042667317,0.09546121340546875,0.1784894875267791,-0.08604786299790901,-0.060536403383852015,0.14538886860760264,-0.3825899444956343,-0.21348833319465593,0.5550161710977122,-0.037123896673012066,-0.3693653098888267,0.2978332317735695,-0.12005023766822806,-0.45619792229557954,0.12162944815504625,-0.09474956158160636,0.24063909541867223,0.007059515480331967,0.05374770749812145,0.03682654400787394,-0.012336656887758245,,,-0.04941522690916709,-0.00148786802557893,0.03042143946564432,-0.01172616978328506,-0.001645523602966312,0.00729962646872928,-0.0706135522929721,-0.04007940094557174,-0.0022799003095947605,-0.02313634632729586,-0.041057792040554035,-0.10051930665998149,0.030294495843027455
spi1_prism_mean_gs,-0.15906480441041065,-0.3909149569963601,0.10373576477508943,0.08856139857909279,0.8852450798632855,-0.03780871526624074,-0.33022086264173156,-0.38645621525486507,-0.3732575945335414,-0.3593374182613778,-0.13957257780259652,0.28258691411248,-0.44900518110373444,0.010793115569508368,1.0,0.6039109721538332,0.9457307154542886,0.7661503528126731,0.8537413038993211,0.7360904692909543,0.6418994099260238,0.611323562339821,0.913364207742154,0.55903497139862,0.6816148677525379,-0.7455302988720802,0.8714680167617577,0.6720394759104984,-0.4733971072989197,-0.4198913527831837,-0.40020471785954415,-0.32539052151582293,-0.343215003055576,0.06605745205996774,0.044390794527762636,-0.2228108744868476,-0.24306088519054148,0.6711491048116854,-0.16218199725132515,-0.3823172900346123,0.5835810271180404,0.6929360453635928,0.5493328857292487,-0.33587832934518946,-0.3454491070497577,-0.31488010614892087,-0.1634310497871988,-0.37611832415461754,0.4889652030696736,-0.27968921723845147,-0.42292585502880553,0.5264591612453089,0.621913936943144,0.545037002115742,-0.4236182253404712,-0.37847896094921524,-0.2963688511473594,-0.07128303765616144,-0.20093908572009103,0.313451949732929,-0.15379129950441622,-0.35818496778387954,0.4036722690137628,0.6121203386807363,0.4777963490011462,-0.2547972455245568,-0.22554121416224263,-0.1979197992768552,0.10096835530585942,0.1528892149106677,0.08412237805322006,0.08862546048339269,-0.0021248626546011944,0.004443488238060363,-0.008582836515048207,0.01913849950999889,0.013689461370364883,-0.01994440548974022,0.004438720254308491,0.010538661819953703,-0.00542008709977888,-0.011935914725456779,0.013257858173713777,-0.008336116520859417,0.012366172228917607,-0.0063154211989064684,-0.4383504829881677,-0.31488010614892087,-0.2963688511473594,-0.1979197992768552,,,0.043514620146407904,-0.1788619019534496,-0.0634423155973891,0.09661127141615194,-0.023732419567498778,0.0022609461617152465,-0.13490987646996097,0.14379888743359118,-0.14638311621188144,-0.1277729259711983,0.5940361881363565,-0.23920612877336075,-0.28098448260846043
spi1_prism_min_gs,-0.13262884331169164,-0.23932364581401872,0.04443205576685814,0.038107472229177715,0.47045192824242343,-0.05359087867888676,-0.21734019624547515,-0.2582505413769942,-0.2505714290874366,-0.2506964310585919,-0.15782581122170666,0.152059991544113,-0.2903581944654031,0.01544218953983299,0.6039109721538332,1.0,0.4990132309005661,0.5732884729259127,0.4446127931014548,0.45193400922030985,0.32909768531686434,0.3366298393568305,0.5434369737646367,0.6990243407388027,0.26031686908004015,-0.5675453496042576,0.4776135738962397,0.5102994862996721,-0.3119191986439636,-0.2828939637472187,-0.28109758031940874,-0.24223286829193721,-0.2443440360148161,0.08185292226507307,0.03841894082975306,-0.16885680784497623,-0.17320372695165895,0.3273863961096797,-0.08521113595765839,-0.25622622868924144,0.5476481804065606,0.38625347738629945,0.4705239265524256,-0.22165389046102968,-0.2305488323983379,-0.2079596838641603,-0.11839794024687941,-0.246559303340712,0.24390231638565057,-0.19044890509269607,-0.2629751024303215,0.46644124122552694,0.33561710109110776,0.4099844480744994,-0.2852655181882749,-0.2609978641917017,-0.21676868066876032,-0.07128882334626993,-0.13832446224210232,0.21083970171354352,-0.1233332783036157,-0.2261976577829891,0.5764691017592701,0.4298820783180478,0.4972989601656125,-0.1551470510961045,-0.14108360569100614,-0.13288626296480063,0.05469189509645588,0.0709669089762525,0.0395017579229125,0.036784167542454504,0.03308148717094302,0.017942463895283933,0.027664343317280005,0.014699198252070621,-0.008087492747511917,-0.008791725861384865,-0.016320322345258837,0.0009151437887555907,0.007303297297344152,0.007979031931260665,-0.010626142403623353,-0.005352129799512581,0.0018269169631273628,-0.009906722237393051,-0.3044858693357071,-0.2079596838641603,-0.21676868066876032,-0.13288626296480063,,,-0.06108901103353589,-0.07820439638941612,0.040248174584025756,0.061728020884667785,-0.03356029318656282,0.0424100279853019,-0.12929283314441378,0.13737661968226605,-0.07627871496527071,-0.037632181784778514,0.6909634061283958,-0.18317591719244924,-0.2071516038678146
spi3_prism_mean_gs,-0.14054948752598487,-0.3719020858739688,0.11328681142252904,0.09872057945187718,0.8401796826917793,-0.020781842319804136,-0.3134961729460467,-0.37365464248556324,-0.3709727534210755,-0.343809948942711,-0.08740161562602694,0.2951393873286078,-0.4438702165385677,0.0016024550326595858,0.9457307154542886,0.4990132309005661,1.0,0.7731821492752126,0.9435751703226578,0.8103825552350079,0.7006868030761236,0.6612593926673418,0.8746269533576173,0.4834777785134391,0.7106542348570011,-0.6842284300633917,0.9228985382030435,0.6834084921832481,-0.47069949180010506,-0.423140163315959,-0.39864872708666926,-0.3303569244054285,-0.35087374201363086,0.06902350867062498,0.02700494760709461,-0.23314281721576827,-0.2456683047432062,0.7362604252681597,-0.17986053459205625,-0.42648543352656515,0.6051375789374229,0.7692253783914227,0.5839266665790389,-0.35688303104349367,-0.36879631748116515,-0.3409173522340999,-0.14890581757019808,-0.3696746879230214,0.4559168948529539,-0.2947270482764723,-0.4278335713490635,0.490351412750439,0.6217418417415895,0.5202080877135585,-0.42484459220818943,-0.38296090891059015,-0.3032497934083436,-0.03888305647888626,-0.18045072082861305,0.19511085109307488,-0.12234303741501805,-0.29641877233078673,0.23380454200770165,0.42851350100943825,0.32241012098843463,-0.2364357793380876,-0.21592076173851812,-0.19383444752821583,0.10616668252627022,0.1741019245760531,0.08540795502963573,0.09064733297723118,-0.003884074049374345,0.004780950986072986,-0.019464129589978323,0.03223746939330564,0.02434743459317984,-0.03556798374082035,0.010569142782721835,0.022057136921879387,-0.01893485996083576,-0.00977856878679517,0.032848142074957835,-0.013663168613278582,0.019055540646984705,-0.013936681398014053,-0.42168771465520033,-0.3409173522340999,-0.3032497934083436,-0.19383444752821583,,,0.027770192073725844,-0.20549264536043005,-0.0895944025696455,0.06601649889878675,-0.06627297236172709,-0.002232330946856946,-0.07353181341086121,0.10497833815665908,-0.16219992705202033,-0.13841722350721436,0.5214591040115923,-0.21939685766605263,-0.28714179129266165
spi3_prism_min_gs,-0.11157667308220222,-0.30497426791702803,0.10533360525509351,0.07654384150251395,0.6328132582412578,-0.008417965712960771,-0.28069146744635143,-0.3351440364297281,-0.3295009565113092,-0.33337869531678427,-0.12325787776286636,0.2679815675974041,-0.40759633195959855,-0.04359939455411245,0.7661503528126731,0.5732884729259127,0.7731821492752126,1.0,0.6923399791470304,0.7532921068618321,0.5265131899521296,0.5414805104553645,0.720600311076822,0.5376382200422408,0.3932057405705278,-0.672944486978665,0.7268178385361196,0.8487727478404439,-0.41876058901147073,-0.38098026743990526,-0.3669279971983069,-0.31125270443029673,-0.32546348894347005,0.04120814587045569,-0.003349076881357956,-0.1790571888845013,-0.20210809384197256,0.4744829204199441,-0.19659699375887518,-0.3845354450115105,0.5246282804748489,0.5645126462620037,0.5276281423340701,-0.30766921067054237,-0.31341477871917967,-0.2870497911933984,-0.10550831052106228,-0.32632686398633315,0.37018954651149427,-0.29418229142028984,-0.37781875750892635,0.47481583969898167,0.5087425945162153,0.4916791915950686,-0.37247684685684684,-0.3479172826293099,-0.290205994198462,-0.05091445605392237,-0.1771475669303526,0.21403714484181646,-0.10372595268934592,-0.2868818520457908,0.2638502802149811,0.4448333160883354,0.32824184050124117,-0.2258280099892929,-0.19581852837557223,-0.16912339867324672,0.049838968786915204,0.12170572147683924,0.06077948353792614,0.038717411500453505,0.04942727701878111,0.05600768234447088,0.03339379350681035,0.07242528730824162,-0.005378849831665321,-0.05932645623266636,-0.00805792906489,0.04496010706232016,0.002596968890183041,0.0011570232166283403,0.02494632231930974,-0.04152780461431797,0.012152544146716656,-0.057156997818951935,-0.39086475828072237,-0.2870497911933984,-0.290205994198462,-0.16912339867324672,,,0.04283698932653856,-0.13547074742645426,-0.0961551736636048,0.08415185166762953,-0.07789440050175804,0.051062744290364684,-0.028894628875471066,0.15123198305019758,-0.12007035493209209,-0.025266120890873284,0.558755189889901,-0.22399776143739064,-0.27777277772860687
spi6_prism_mean_gs,-0.1278452052282603,-0.3269522797691059,0.11290093217056585,0.11611299025121562,0.7586165802548043,-0.01876287552931692,-0.2682688011392617,-0.32503494381996395,-0.326965092799411,-0.31439670437521533,-0.06360498217976,0.28021197261088304,-0.41224675224499363,0.02736064147727169,0.8537413038993211,0.4446127931014548,0.9435751703226578,0.6923399791470304,1.0,0.8622969223386809,0.8035135910249712,0.7564154227640649,0.7920614225090655,0.44132058774945304,0.6566301671262604,-0.6128450672734816,0.8834178573271141,0.6374905932812914,-0.4042746326966791,-0.36115094241413664,-0.34058910281293875,-0.2860531330740775,-0.30409387305239943,0.08554190227993534,0.023012642670306508,-0.24708087167919612,-0.25184033956335194,0.7720222086349076,-0.18161541786933616,-0.4650745547824487,0.6391151913908776,0.8362533070597858,0.6284026940435674,-0.3548008933724508,-0.3654981303593397,-0.3336199654980619,-0.12561369858623364,-0.31922866123431554,0.31657534033224594,-0.2619667961373061,-0.3887587844149658,0.38504598923028394,0.4842242382571063,0.42358696052297856,-0.3618061875040739,-0.3259144002732462,-0.26026814467360937,-0.022762352952350153,-0.14703559667496147,0.13601954786266068,-0.10798754388357376,-0.23726009773051612,0.16143594418277654,0.3042760881752047,0.23627622511860613,-0.1808516966030432,-0.16570534777740686,-0.1587859570261616,0.11254005361731712,0.17925384000618955,0.07979462841023462,0.09110620378121354,-0.011245821758781317,0.0004240057153174316,-0.01909043643777144,0.019882386774915245,0.03177684393601741,-0.021736715768988103,0.01421059670640322,0.022044032270323862,-0.017341609489966863,-0.01193166306093313,0.029986039494312805,-0.010318121636409647,0.02088350049536394,-0.012553481970060952,-0.3626886766672508,-0.3336199654980619,-0.26026814467360937,-0.1587859570261616,,,0.017538975016110996,-0.2507407640957141,-0.08576407359813112,0.07535155172354985,-0.11505830220679909,0.027304036943501166,-0.06246778872576977,0.12141838479115101,-0.14421350985912093,-0.16206930404239311,0.4730625669489388,-0.17948248445406395,-0.24503802377792727
spi6_prism_min_gs,-0.0897536699334603,-0.2930162347517397,0.13082751394448777,0.1283750598788052,0.6207905402131466,0.010905341624397763,-0.23450751477608048,-0.3040181866681118,-0.30539861225137865,-0.29312647953247667,-0.06175135241123417,0.28595620928099974,-0.37798844811463755,-0.006919110112995202,0.7360904692909543,0.45193400922030985,0.8103825552350079,0.7532921068618321,0.8622969223386809,1.0,0.7217491792295494,0.7232059996426147,0.6896784736148844,0.44230798207228567,0.4606983701118776,-0.5886533500773985,0.7658303492350715,0.6984916243153867,-0.38198830764314196,-0.3423261898926287,-0.3211225605026373,-0.27390833076260235,-0.29026600120379714,0.055010425046257694,-0.016920790343672318,-0.19883024505084287,-0.2284059645395429,0.5787274145059247,-0.21088345955040222,-0.45077234763201474,0.5908287776151154,0.7120304365743302,0.5996454829945057,-0.3113798687465138,-0.32051458872137656,-0.29513564515889645,-0.0795937453153202,-0.29922847636963673,0.2698484003648221,-0.25875030611375105,-0.3433593579553852,0.3638073399467178,0.4124608373261369,0.3933780518523185,-0.34180113594023515,-0.30993185815154217,-0.2506032175971378,-0.011251439560604898,-0.13904147723559449,0.16104102452949487,-0.07338615393209916,-0.20947010722309,0.15695212069259612,0.2947369902931182,0.21430353161660595,-0.1846849743398091,-0.16552075526433294,-0.15562467564742657,0.06870566749755287,0.15289409125376832,0.0540319519481387,0.049686748918012086,0.03899409508251639,0.02986022480815044,0.025685668455982982,0.0661644528376304,0.02036226272510192,-0.04927321616030743,0.01112978756569207,0.05820601029672972,-0.021642290905877555,0.012382749820701703,0.04470433879112843,-0.03109312479334767,0.015348681130596748,-0.04676617450123766,-0.3439764957660822,-0.29513564515889645,-0.2506032175971378,-0.15562467564742657,,,0.08072633253364803,-0.2681688550866532,-0.12046816902280165,0.054555692281551035,-0.10482131054142085,0.07702796067902112,-0.007274811815961639,0.16268974546404777,-0.12583518858056894,-0.08995133761647,0.46767895255870995,-0.18891469629892385,-0.236548955772562
spi12_prism_mean_gs,-0.0790821041761989,-0.2653660380404636,0.11436519957604396,0.1206254880664777,0.5682692399126643,0.011261985496595876,-0.1773925215580397,-0.251185644170141,-0.24755820654404687,-0.24696634988125715,0.02069483489599089,0.2588298099121915,-0.347925319627447,0.038707440676576124,0.6418994099260238,0.32909768531686434,0.7006868030761236,0.5265131899521296,0.8035135910249712,0.7217491792295494,1.0,0.9268082706972057,0.5960283241532128,0.322360140572624,0.47576051380827655,-0.46701654297853556,0.6636663256796158,0.5128351009779382,-0.3100823137799027,-0.2753603087858038,-0.2660292400652478,-0.21507863736943192,-0.23080349605813508,0.03435268161796192,0.016304663352203416,-0.15768643344897484,-0.17811555384847277,0.5399736705247548,-0.1814643814037316,-0.40568552758757565,0.48835014562679424,0.6226105078141143,0.49692355482595435,-0.2805075891031105,-0.28836294305259597,-0.27223614543104013,-0.08808079828202502,-0.23756815537347573,0.24763149307767846,-0.21755703126769363,-0.33385982040960716,0.29481451952241583,0.3550123714284551,0.31438426841762074,-0.2715500724937423,-0.24455970862455656,-0.19030310915994908,0.000659913829000392,-0.13469385465550823,0.1357768015443274,-0.06015864738175406,-0.17953996443892364,0.1284655243392929,0.2505444007535443,0.16206181747072376,-0.14455964117312478,-0.13014643812938986,-0.13110462732661265,0.05228762976777593,0.1507849961730747,0.0449326653872425,0.03988544437679498,-0.017491190278220114,-0.014139868932032333,-0.024395001881953652,0.008831688315866285,0.030821791763932602,-0.008794620332036849,0.015468696733578481,0.017581920243013603,-0.014750674285569374,-0.016790421593676014,0.02561543375746383,-0.002527590012329879,0.012874191232975538,0.00022500214849127806,-0.28605933573900355,-0.27223614543104013,-0.19030310915994908,-0.13110462732661265,,,-0.02668116206039222,-0.21552281517171765,-0.03544735512347868,0.07716038339369219,-0.08133610176398837,0.043359755227500525,-0.06853868982930549,0.2319444355730014,-0.12167086192082051,-0.10930845296178417,0.3508076580813023,-0.1480236900069593,-0.17645901173997464
spi12_prism_min_gs,-0.03747477443863543,-0.26428117709504934,0.15443960803512524,0.1587572923308401,0.5356485386737374,0.049653431249933606,-0.17093369345420423,-0.2511216439440863,-0.247429498342179,-0.2383791819204486,0.04856053244945811,0.2908597166201038,-0.3429498418065178,0.0018126185368073364,0.611323562339821,0.3366298393568305,0.6612593926673418,0.5414805104553645,0.7564154227640649,0.7232059996426147,0.9268082706972057,1.0,0.5684251516281097,0.32099349151230955,0.42343343802527106,-0.4779701401036623,0.6229200024770662,0.5123116905700014,-0.31114773368424786,-0.27281306826030094,-0.261686631101861,-0.2108057031497207,-0.22869882834417912,-0.002287780200201225,-0.02682752424756204,-0.11567615945387119,-0.20568189332766554,0.47210931819128144,-0.21699448806350544,-0.41042562854761966,0.47861868903087756,0.5782244708830349,0.4777404876944631,-0.2913799396123989,-0.29839631755733714,-0.2838508879524034,-0.04620811443504337,-0.2249839370951178,0.21611382592248893,-0.22966030747825242,-0.3185581915004044,0.2855165901754954,0.3384469414203511,0.30527155275361884,-0.2620964357588785,-0.23601254304318986,-0.18706292066645805,0.027397825728431826,-0.1454569634057502,0.18160372463437247,-0.028243413298458555,-0.1758404146445474,0.12388480797733661,0.2590208553995718,0.15285620654802728,-0.1557291799449166,-0.13613406119356217,-0.12794453400276468,0.049368687124467715,0.1431898368866339,0.03114248683876118,0.039431266850970155,0.016535123378684204,-0.004540362312819053,0.0014650458400455896,0.04682476873539723,0.042186649839464296,-0.028534184246132223,0.03299630915800172,0.05662816767487015,-0.037087295747119116,0.017003133127185335,0.05533623161246424,-0.015362499497462233,0.010841179219554445,-0.02891557381985814,-0.29918770244986914,-0.2838508879524034,-0.18706292066645805,-0.12794453400276468,,,-0.01181404384559706,-0.18427015836107957,-0.005924478668670928,0.08909869685805885,-0.08418654414723722,0.04045847260331415,-0.059458903614172866,0.2625918327469038,-0.15365800291695525,-0.06119736674836329,0.3510202821818946,-0.15487800743610625,-0.17341094483542333
SPEI_30_mean,-0.23938988353055576,-0.43995699486256484,0.018413180853945797,0.029258824081830725,0.8147466173634546,-0.12343138148262146,-0.39939958775680706,-0.4551466073028116,-0.44935936900285994,-0.6141736468026591,-0.34126546199785784,0.2953678787024882,-0.6856034384491149,-0.09955399723182387,0.913364207742154,0.5434369737646367,0.8746269533576173,0.720600311076822,0.7920614225090655,0.6896784736148844,0.5960283241532128,0.5684251516281097,1.0,0.6941117370353773,0.686578079568209,-0.8643495741051959,0.9533595438683836,0.7804547227089296,-0.5728049860057769,-0.5119015936371125,-0.4826932010743208,-0.4091641365445031,-0.4330800335398356,0.16243780007987194,0.11103364964176309,-0.3076363449822229,-0.26270804331482484,0.675177986390094,-0.2414199961118829,-0.5762117382105393,0.522120905779402,0.7442748706098344,0.6046633003597339,-0.35272843299014733,-0.3538550760805387,-0.32385362742593216,-0.23479339225215706,-0.44208764463544814,0.4706813503212197,-0.46282345177950585,-0.6388269810290989,0.48945975930271146,0.7138146154321273,0.6582934034800143,-0.5152044978316578,-0.4712775684189914,-0.38908718068822107,-0.13372518182892532,-0.24662661987044113,0.20978214518116958,-0.28766320064982875,-0.5468773882370757,0.34981230323181567,0.6451354448876763,0.5636938395338598,-0.3284636565484516,-0.2827551748258015,-0.2415203359937064,0.03535839060620403,0.06377124645645821,0.06606056031370112,0.04193730613899499,-0.002856507868739742,0.0005126248325876166,-0.010660192228499761,0.015309367407804612,0.006979121419731835,-0.01615345103483594,0.004862374603496064,0.004798350808871113,-0.003740594966809003,-0.011639956324300312,0.008772341021022418,-0.006573839339995541,0.00942020474656529,-0.0007969087662321316,-0.5119803721305232,-0.32385362742593216,-0.38908718068822107,-0.2415203359937064,,,0.04622733330182436,-0.19521797098269145,-0.10784782136827185,0.11799722567521943,-0.02961003164795148,-0.02177069367276409,-0.13490546794181293,0.20159669216054976,-0.13512780212358372,-0.11676761862301527,0.7300391213268269,-0.31176765766973835,-0.37203675464710956
SPEI_30_min,-0.26488574015709226,-0.29063836784318686,-0.09238957309865975,-0.05323865234415253,0.44470204424004545,-0.19134358417261907,-0.3157532145115958,-0.34460722373938557,-0.3402329833256156,-0.5247345099166659,-0.4132960821502472,0.11925547744123263,-0.5400149706358576,-0.05078835804921927,0.55903497139862,0.6990243407388027,0.4834777785134391,0.5376382200422408,0.44132058774945304,0.44230798207228567,0.322360140572624,0.32099349151230955,0.6941117370353773,1.0,0.3301993268535947,-0.7033839117986544,0.6193248892552863,0.692751696737202,-0.4132729944857018,-0.37886521713316174,-0.36251628598337987,-0.3238572933049868,-0.3374759304079838,0.2182353660892148,0.14967419646495173,-0.2991422791933149,-0.18153740468393445,0.3708401809643167,-0.1107504752226397,-0.4226873145869265,0.4574437754479666,0.481412509568577,0.6093311952803486,-0.2297490623996863,-0.23034933954451856,-0.21764934679989745,-0.22533019306578198,-0.3252270922424347,0.2592291041089387,-0.33451124735415527,-0.4816285825836809,0.33003818824843667,0.4372928494191109,0.5270309128147938,-0.36917641285830327,-0.350206653627073,-0.3091289081340524,-0.2049291105384545,-0.2087550754825732,0.11018822931719476,-0.32137483738449346,-0.4849524886539204,0.4649922370758145,0.5406682371637784,0.6729269067160336,-0.25160308329351183,-0.21921682045993435,-0.18739381524666096,0.018509404094945236,-0.017238714152335192,0.048553988192950724,0.02649998042175585,0.02300386737654217,0.02604675613046669,0.06452157367884034,-0.05041975721475105,-0.054815337965991855,0.04801704921161912,-0.0463308419620657,-0.05669781316742959,0.080999364590633,-0.030199258457685015,-0.08770918276066113,-0.00648853565135706,-0.012987188730366512,-0.00632536122870843,-0.36898256709657606,-0.21764934679989745,-0.3091289081340524,-0.18739381524666096,,,-0.07977973537313708,-0.08038391267518254,-0.07015931277706505,0.04980404579473007,-0.08820123108411036,0.019717427302839433,-0.0997507826241963,0.16561368152538627,-0.01454910339397591,-0.03971964834815706,0.9822129523922273,-0.2732243759084599,-0.2977339990015442
spei30_prism_nldas_max_gs,-0.14245560276543456,-0.3244377312570754,0.0436519330809717,0.029576915942774992,0.6474141481697205,-0.056286151339061626,-0.26638122281553067,-0.31411603107761843,-0.3007535611957435,-0.3445277173219893,-0.13166999589429945,0.2086380997279882,-0.4088394961731591,-0.04964212305940559,0.6816148677525379,0.26031686908004015,0.7106542348570011,0.3932057405705278,0.6566301671262604,0.4606983701118776,0.47576051380827655,0.42343343802527106,0.686578079568209,0.3301993268535947,1.0,-0.46806629455892557,0.7001090928220933,0.39483732691335166,-0.37855799289295683,-0.3329566459419484,-0.30688897387919584,-0.2422150008168949,-0.2646332004146495,0.08394833493304373,0.08425329411089455,-0.1845260408920437,-0.18240946545226114,0.4983388486816409,-0.12611118892223197,-0.3206545632574929,0.29905864432828877,0.5128371951669002,0.3189822820719796,-0.23733098215564438,-0.2500683995964199,-0.24128820600514458,-0.16853522804027501,-0.30379398732616925,0.40526848813233163,-0.24479002726028326,-0.3913977717462219,0.2883965746361962,0.5168930869491382,0.3618003634534394,-0.34727200548927206,-0.30391833723361017,-0.22910704848959543,-0.04868343564576375,-0.17198235563054254,0.18453227352208082,-0.17285513774458205,-0.34489445475001784,0.16834701874756078,0.4192236693058077,0.28935684578399073,-0.20727848332896753,-0.18101426909599871,-0.15170951980893585,0.03942911929577118,0.08978755764980496,0.06077154857219395,0.045673872051357464,-0.05218481360663709,-0.02838471597836991,-0.0541171799393765,-0.015167070014025867,0.0359725623401206,-0.025051116707468103,0.00977098917009076,-0.012951291299759863,-0.019692306750988438,-0.03104546987705532,0.022450888431248494,-0.004105399165512072,0.026809857191318627,0.020853523877687186,-0.31981278030110727,-0.24128820600514458,-0.22910704848959543,-0.15170951980893585,,,0.08459061409259465,-0.09232034592241005,-0.032906473729061275,0.030435537678276847,0.041090825858461896,-0.013655345711249253,-0.07229826956563604,0.14862835558731302,-0.11958557369764565,-0.08442104705111057,0.37065187870522603,-0.18921944399932336,-0.21476092780193126
spei30_prism_nldas_drought_days_gs,0.22607698636896098,0.44544363956771543,-0.01031582740620926,-0.03987459411556072,-0.6183430452989535,0.12140533191915333,0.41679958939034156,0.49121378241741115,0.49615738185997726,0.628392878644705,0.3641301274009824,-0.28603859195041714,0.6932811915723686,0.1293271399610139,-0.7455302988720802,-0.5675453496042576,-0.6842284300633917,-0.672944486978665,-0.6128450672734816,-0.5886533500773985,-0.46701654297853556,-0.4779701401036623,-0.8643495741051959,-0.7033839117986544,-0.46806629455892557,1.0,-0.7955567673869975,-0.7297958168324733,0.6589692914850018,0.591367557835555,0.5446888082650566,0.4763564748390863,0.5053166135524997,-0.1672368475285416,-0.10461798809778969,0.2962562710674649,0.3132690525206784,-0.5396654233631824,0.2638179101294251,0.6097937493715984,-0.49407801826946346,-0.651004312074104,-0.5805459051611955,0.4133109722042921,0.4144430337127297,0.37096995416790046,0.22961758763155393,0.4678982756282337,-0.34357364500639276,0.4838584418206318,0.6603675779973174,-0.4459360423896054,-0.619274941752871,-0.6160877179220098,0.5906479343829435,0.5449842875055849,0.45600094954646786,0.11650935562975967,0.27073502325183707,-0.139846420375412,0.2812032893469059,0.5083798814799227,-0.33762509212107744,-0.5530275963280334,-0.5281916926086649,0.376153177130704,0.32330065213711023,0.2795201910671592,-0.013343351768209675,-0.026928339378924908,-0.05589234365478071,-0.021037164949154606,-0.009318741947924437,-0.021003606947007432,0.004547111225561274,-0.027304826313433648,0.004289249090930961,0.038855447846787045,0.007450435676387799,-0.0033483610930779405,-0.002156658242217513,0.01393757592732772,-0.007017148911970823,0.013526378169435246,-0.008495006688599848,0.00846602933288373,0.5533990978830352,0.37096995416790046,0.45600094954646786,0.2795201910671592,,,-0.018219322581698588,0.17405562406041006,0.046051488309465476,-0.18230376241199714,0.025519189260637738,0.020397430805286398,0.17016079090686326,-0.22245160197494399,0.16737633893819795,0.07695709534550489,-0.7451449480371128,0.3508971134451886,0.4372413225402507
spei90_prism_nldas_mean_gs,-0.2173091223110438,-0.4142017476936349,0.03363710349216208,0.03779854104352617,0.7782429069688577,-0.10031623629999295,-0.3717638590764045,-0.4334695862354826,-0.4395658304817057,-0.5730744897853136,-0.27746869366016413,0.30380901441637187,-0.6540907894449991,-0.09018169629887929,0.8714680167617577,0.4776135738962397,0.9228985382030435,0.7268178385361196,0.8834178573271141,0.7658303492350715,0.6636663256796158,0.6229200024770662,0.9533595438683836,0.6193248892552863,0.7001090928220933,-0.7955567673869975,1.0,0.7908621093989615,-0.5517598525129876,-0.5020169415590638,-0.4738594110955356,-0.41186051869067836,-0.4335533738340735,0.16485058331206665,0.08629827362846815,-0.32101948366208405,-0.2556347631736411,0.7458140518925593,-0.25098134290894686,-0.6084236749980018,0.5686421764976024,0.8260821908627484,0.6540120820747377,-0.3591831876450303,-0.3604014987818857,-0.3268592830776998,-0.21363103803444847,-0.4297154477091063,0.42383592851889795,-0.45611069258896675,-0.6163663088677919,0.4656006090165499,0.69061967292179,0.622489377443404,-0.5009267801219862,-0.465875329222641,-0.3922419613246862,-0.09555499961319762,-0.21850662120993072,0.10971502276046859,-0.24442406995688543,-0.46385798714908616,0.21288688677548964,0.46263574372475763,0.4119189105285701,-0.29922193146643267,-0.26467002216551716,-0.23375190080209696,0.045462680894405236,0.09227275129753686,0.067139203855137,0.04549444921844944,-0.007791381066239372,-0.003048713515407724,-0.022347276878071243,0.023267712019844768,0.018714572842169444,-0.027541389669660313,0.012086509041231867,0.015223667212077774,-0.016464594027426352,-0.010853089498753698,0.027165860688116415,-0.010166863900224444,0.01355430742386061,-0.004744126635924077,-0.48192405939847777,-0.3268592830776998,-0.3922419613246862,-0.23375190080209696,,,0.03714397186996148,-0.22784443942615645,-0.13853791602447074,0.09058044092242924,-0.06389771506261684,-0.02053440658128506,-0.07705467131923653,0.16463936732949414,-0.1448229993554755,-0.12828875468194922,0.6562011735995963,-0.2889326571736315,-0.3758789127965262
spei90_prism_nldas_min_gs,-0.2023503254209006,-0.29364662430822613,-0.0053980286573811955,-0.011617561918384051,0.561403649552259,-0.10956741001739773,-0.2977478424914781,-0.34392818158667743,-0.34605447201978484,-0.503421316088759,-0.3041220659062074,0.2240682295258521,-0.5530412912530549,-0.06927179521380258,0.6720394759104984,0.5102994862996721,0.6834084921832481,0.8487727478404439,0.6374905932812914,0.6984916243153867,0.5128351009779382,0.5123116905700014,0.7804547227089296,0.692751696737202,0.39483732691335166,-0.7297958168324733,0.7908621093989615,1.0,-0.4392684963838537,-0.40441729498279694,-0.39278391377325433,-0.33953725473197877,-0.35037818435566137,0.15547468369518924,0.07225689722784297,-0.272378832920974,-0.17422159075650043,0.47147737115247007,-0.19758948241258664,-0.4914914585714019,0.46986920770289603,0.606306732425895,0.6097615210671141,-0.25908553935302403,-0.2579026068148072,-0.23410650816200515,-0.16811748193844067,-0.3313541109285206,0.33537396971131056,-0.3847553265517424,-0.4946896174822275,0.3991368993801986,0.532569446788591,0.5608783810543676,-0.38374211369178435,-0.36646296176488385,-0.31532385269778046,-0.13391736371500484,-0.19962401353544926,0.12925855617287155,-0.23344341509351813,-0.4363178895181261,0.2582024504491987,0.4947516447132935,0.43759600282296246,-0.28061199166317313,-0.2435737533093626,-0.20551209123173933,0.011807803536487114,0.03181991574172418,0.05621514723172226,0.014175297367691339,0.0662257620125649,0.061732791610320775,0.05913622491908748,0.03590415093484823,-0.06184499476611721,-0.027531980070140797,-0.0338166268223042,-0.0038831691973272918,0.05080485792282563,-0.007052148784077546,-0.03805056410771034,-0.02324712844333316,-0.009388884966225515,-0.04276095132378624,-0.4006119565185206,-0.23410650816200515,-0.31532385269778046,-0.20551209123173933,,,0.0013502115702678369,-0.13555461235618793,-0.1688051325530079,0.0633429308556139,-0.09673392905985007,0.022540393394271763,-0.027382517274860903,0.190098537864106,-0.07329303034098308,-0.02241195056325235,0.6995136566363264,-0.25020865774024637,-0.30464877268300794
cdhw_count_gs,0.35805992313599255,0.6351270451057919,0.15906413782455397,0.0683944919634151,-0.354596582367342,0.26257765123105126,0.6755681539707724,0.8008688764314917,0.796935875656423,0.592429765068353,0.40793079521783615,-0.08682374246788388,0.6462568170441279,0.05290314029872167,-0.4733971072989197,-0.3119191986439636,-0.47069949180010506,-0.41876058901147073,-0.4042746326966791,-0.38198830764314196,-0.3100823137799027,-0.31114773368424786,-0.5728049860057769,-0.4132729944857018,-0.37855799289295683,0.6589692914850018,-0.5517598525129876,-0.4392684963838537,1.0,0.9195941364482312,0.79923203291365,0.7205872592820824,0.7943192002381236,-0.28017493657925985,-0.24955481965103932,0.39436784599857483,0.37766524517732275,-0.3567827207731882,0.10003229595003303,0.5151198617651473,-0.2345149814285258,-0.3953009304937069,-0.3063119225350584,0.4762389544069357,0.4957293906316892,0.486942765655174,0.40925851984695283,0.7834175511527629,-0.38093930621346167,0.3343914086502946,0.6888178581745412,-0.39688921220453804,-0.5806596807807526,-0.4938470372749794,0.9153290837250009,0.861705230492243,0.7244077881655657,0.20600044652048774,0.455331711793284,0.11238210020753515,0.39526477117398284,0.46873010949183924,-0.15618286771827106,-0.26918270308571746,-0.313370165836369,0.62512774720197,0.5347665233496603,0.45960998141292314,0.006803621674154171,-0.057307847074001994,-0.04157716330709767,-0.005061399944869299,0.0901641303283807,0.02246912115086933,0.0020156185543620695,0.11913644861192058,-0.12116496634096176,-0.07961986796442488,0.012251917231223732,0.049893303321058464,-0.03985571921815392,0.11366873006982042,0.04441289466420128,0.005856130853838231,-0.03356552255680949,-0.07084518399843319,0.7218450990020178,0.486942765655174,0.7244077881655657,0.45960998141292314,,,-0.008680324700210035,0.24651338491787278,0.06051082010739716,-0.22656492115597612,-0.08549967328550442,0.02140138157736847,0.13889918412520705,-0.19400868934349919,0.21290723729528693,0.029431176924103096,-0.5232630144164326,0.6725386801387377,0.703478905030845
CDHW_Event_Count,0.36851218269668545,0.612688787669708,0.18374193463917,0.09851323283232195,-0.298280752014671,0.27371002306077336,0.6983637709037078,0.8573585272893463,0.91162220866699,0.5552181919866025,0.42060154643031344,-0.05087809573716755,0.608294356554191,0.01958887467526316,-0.4198913527831837,-0.2828939637472187,-0.423140163315959,-0.38098026743990526,-0.36115094241413664,-0.3423261898926287,-0.2753603087858038,-0.27281306826030094,-0.5119015936371125,-0.37886521713316174,-0.3329566459419484,0.591367557835555,-0.5020169415590638,-0.40441729498279694,0.9195941364482312,1.0,0.9078313373229154,0.8802861193821353,0.9329169960909884,-0.28097530346589983,-0.24429706116891428,0.39838512054390524,0.31357035981184195,-0.31668554904206625,0.06171499362865001,0.4622545846414074,-0.22206060233101568,-0.36311371901159045,-0.29258003612083444,0.3781416847530685,0.42839375418297176,0.4335292814811496,0.4092123191129665,0.8255553667650535,-0.35654233798533697,0.2918036341163296,0.6550251163105231,-0.36037483658204317,-0.5283340240655408,-0.4439518865750787,0.839378584594235,0.9288645858329588,0.8460876375523846,0.22707539767601656,0.541986345055026,0.14030319146033926,0.3963276598452278,0.4592250020260286,-0.13615341503827075,-0.23067162310703015,-0.2911217441248314,0.6457399808835764,0.6421114221375366,0.6087391587851384,0.013035536095813902,-0.048754077998102746,-0.04040724829166849,-8.100736456711836e-05,0.07215107079680587,-0.0010938119153301804,-0.04212286036698587,0.1387932303487588,-0.11130871997616262,-0.08725187039485063,0.03058304409722306,0.07131990110316282,-0.08248995087924883,0.15209313346721628,0.08235966715354535,0.0034674704323673085,-0.03653152715126157,-0.06934985015218072,0.5994061609933302,0.4335292814811496,0.8460876375523846,0.6087391587851384,,,-0.006620394961065872,0.23330859188181313,0.05424889028302857,-0.21039746026082526,-0.08288678916545557,0.01582106750836725,0.1318662573596586,-0.1744800725773485,0.20789010715222428,0.0035371651091774163,-0.4891205153928543,0.7364965293677834,0.8362265330979227
cdhw_max_duration_gs,0.3986689074025983,0.6406928392115099,0.2271813037129177,0.12220173620284745,-0.27321931390170495,0.3139464201933139,0.6959211762973754,0.8232597368029259,0.8482020356014698,0.5287442978195309,0.42668809292319076,0.012555367763878294,0.5751823575974297,-0.023344512590169345,-0.40020471785954415,-0.28109758031940874,-0.39864872708666926,-0.3669279971983069,-0.34058910281293875,-0.3211225605026373,-0.2660292400652478,-0.261686631101861,-0.4826932010743208,-0.36251628598337987,-0.30688897387919584,0.5446888082650566,-0.4738594110955356,-0.39278391377325433,0.79923203291365,0.9078313373229154,1.0,0.8839807318640175,0.8252864348913009,-0.30488442681221006,-0.2628377493674851,0.406350197866159,0.2682235960338478,-0.29730981934367506,0.0028936283728715627,0.39584709748774033,-0.18931274589751843,-0.3360222902460372,-0.25516122876730124,0.3324282810378873,0.36492808686577405,0.3206465409364249,0.41288664268320063,0.744140015554222,-0.35321256463020995,0.2435882178902534,0.5968520437224816,-0.3488173737470845,-0.48033172562312987,-0.42007362463884484,0.7071584957693059,0.7970048112180916,0.7138327120403719,0.27281284998136157,0.6129279965994038,0.15681583885177164,0.4210431064161885,0.4845846290673457,-0.14869706646972783,-0.23260758611105584,-0.2957931668940703,0.610624944176009,0.6831039112254891,0.6524712150928944,0.026930864507065947,-0.04437675570228402,-0.042620877747504705,0.01268448484563206,0.06669262973727097,-0.017044855857213534,-0.08202835778769392,0.16754755363144036,-0.12025559518332972,-0.10183475779451466,0.05457560909033642,0.0977443443951787,-0.11729075480269945,0.1794846565875423,0.12297440005743403,0.004851071081995126,-0.03922038252218535,-0.07974182021615414,0.7001367967549893,0.3206465409364249,0.7138327120403719,0.6524712150928944,,,-0.015623449753416745,0.19721949842897463,0.06197859068395903,-0.18397592731675927,-0.07707412893380242,0.03368693702435537,0.11949519937008625,-0.16795618694119263,0.1894118388568607,0.018668977600973174,-0.4742737028773552,0.7477288922033308,0.7081349633954956
cdhw_max_severity_gs,0.3190845508974759,0.539787270481605,0.1689856735137529,0.11209115426435547,-0.21937205908705393,0.23584179437781957,0.6125727825868952,0.7538379567249911,0.8839757326843378,0.4654065835634553,0.373019929473493,-0.03149273612840755,0.5116837793063411,0.006860162389716439,-0.32539052151582293,-0.24223286829193721,-0.3303569244054285,-0.31125270443029673,-0.2860531330740775,-0.27390833076260235,-0.21507863736943192,-0.2108057031497207,-0.4091641365445031,-0.3238572933049868,-0.2422150008168949,0.4763564748390863,-0.41186051869067836,-0.33953725473197877,0.7205872592820824,0.8802861193821353,0.8839807318640175,1.0,0.9469356452624678,-0.2393460343938423,-0.20364187012325227,0.3424955317803468,0.18646849064821835,-0.2541295704008524,0.03600231550745651,0.3669977712518856,-0.1929828312380051,-0.3131077539558158,-0.2518531136117407,0.23935334034282002,0.2699001692496024,0.2794404481880421,0.3524390373326604,0.7259774955923272,-0.2899766400972145,0.2463228396883077,0.5635655833780014,-0.2904469848933509,-0.426719339380904,-0.36342257925072124,0.6592467487986738,0.8238075968046987,0.8743215764763791,0.2006537345742371,0.508597163526268,0.1476593292599627,0.3392341539703637,0.3910996100889156,-0.10679770072097752,-0.16572170445598314,-0.2490816222498657,0.5497334103770475,0.5963912685354691,0.6444930650740702,0.02835790965423925,-0.03009449374924705,-0.038806870084698034,0.019096954336036434,0.04923057358595054,-0.01589897832557381,-0.0648913374846534,0.12802762071028984,-0.08588966433072882,-0.07078057578069503,0.04548947680999895,0.07962722988140968,-0.0972119924410087,0.14390519590264741,0.0979111556818489,0.004316498314440693,-0.028312705961208846,-0.05797757886107335,0.45874482579843984,0.2794404481880421,0.8743215764763791,0.6444930650740702,,,-0.009584134940670038,0.20800034475258553,0.05763631589170628,-0.17061298530340288,-0.08234642246977127,0.035201804953742005,0.11237931236438095,-0.16484610382848722,0.15289496578171005,-0.03057530539857887,-0.4243299448841373,0.6705562946295585,0.8753838900889145
CDHW_Severity_Score,0.29946021647274185,0.5242628380741676,0.13993944186948057,0.09056780542547649,-0.24301868766669477,0.21029704561164148,0.6127466417195212,0.7721427175254413,0.9095015574316035,0.4850004534071186,0.3672254064824431,-0.07485192368625661,0.5374820178429758,0.03283376483574623,-0.343215003055576,-0.2443440360148161,-0.35087374201363086,-0.32546348894347005,-0.30409387305239943,-0.29026600120379714,-0.23080349605813508,-0.22869882834417912,-0.4330800335398356,-0.3374759304079838,-0.2646332004146495,0.5053166135524997,-0.4335533738340735,-0.35037818435566137,0.7943192002381236,0.9329169960909884,0.8252864348913009,0.9469356452624678,1.0,-0.2248986226806952,-0.19630372378657066,0.33822002803250883,0.24182167806258484,-0.27295075889324133,0.0777679961792721,0.4193124328327585,-0.21936408661457277,-0.33028651591897873,-0.28003455318313397,0.297196161139465,0.3431800555955718,0.38432139614370164,0.35336009531534307,0.7740612174053101,-0.2947188042835597,0.27762398558240375,0.6059915901823815,-0.30189482844154747,-0.46364040340225804,-0.3892792403197757,0.7342212014755833,0.8994117494261947,0.9458372932346139,0.1685143437772161,0.4520504722911676,0.13389433817309973,0.3238476711191234,0.3741142827207388,-0.09976888013766091,-0.16863210611022417,-0.2458232447591318,0.5641802275918824,0.5574651928903926,0.5866296264313617,0.012814593133952279,-0.03841268666773089,-0.038174683089702226,0.00314204263850238,0.05284264797404567,-0.0007621279603411433,-0.038409300532569315,0.1096123688243999,-0.08373740759295206,-0.06688595994032599,0.025089745338584442,0.05741869037717864,-0.07080815582167325,0.12290193195145147,0.06881175830223425,0.0017038886901062963,-0.02594966563142674,-0.05284983058328023,0.4291838973355237,0.38432139614370164,0.9458372932346139,0.5866296264313617,,,-0.002922702162488985,0.23047416082724695,0.04754410758996387,-0.19464793245151768,-0.08314606237912901,0.015610572294114378,0.12234836649089399,-0.1667344979768418,0.17177988186434867,-0.03750338836367733,-0.43662212538506345,0.6560044657659974,0.9420676708783883
pheno_veg_days,-0.9367668059171094,-0.46995594436151283,-0.8966522017430595,-0.6184621351326136,-0.15653989472936825,-0.9425732097075007,-0.6602993979837116,-0.4229613409785575,-0.3347864284726442,-0.4591153458217909,-0.687754995876044,-0.7696080933803144,-0.3486162499297282,0.4527853817805101,0.06605745205996774,0.08185292226507307,0.06902350867062498,0.04120814587045569,0.08554190227993534,0.055010425046257694,0.03435268161796192,-0.002287780200201225,0.16243780007987194,0.2182353660892148,0.08394833493304373,-0.1672368475285416,0.16485058331206665,0.15547468369518924,-0.28017493657925985,-0.28097530346589983,-0.30488442681221006,-0.2393460343938423,-0.2248986226806952,1.0,0.7674469904735988,-0.9193161251224496,-0.01533662950943785,0.19310180536805194,0.7216083499098304,-0.14464945216091327,-0.040610478100651916,0.16335905195445408,0.09851989861598824,-0.030762733537914044,-0.042838993825536874,-0.03266324645361844,-0.8485484388617442,-0.3704282701977471,0.24158970632603857,0.17139131287998213,-0.29793342585099847,-0.09142369511545306,0.07502035628881461,-0.008659089099329956,-0.2357500530908829,-0.23918789760779016,-0.19590929653311756,-0.8507748574743748,-0.3788437622598194,-0.6477643310525761,-0.9022833380601515,-0.6038415843390393,0.2237895737448715,0.05349495004897496,0.2947737558802813,-0.27536298855498315,-0.2543041061630908,-0.19679926588919533,0.09440300305574993,0.013826610948069301,0.05451989485295303,0.05808960327795455,-0.35383497646140116,-0.35821514129018944,-0.056637855930821865,-0.609670009214734,0.28962620793416405,0.547370286956206,0.09855797104902547,-0.26101379452738344,0.11664544218436704,-0.2814355358796654,-0.26089902338368337,0.1907535906087998,-0.040982971094941194,0.47813607736492936,-0.2908480154323306,-0.03266324645361844,-0.19590929653311756,-0.19679926588919533,,,-0.021634290440274106,-0.06560615410085695,-0.08462224264686148,-0.0021658517336429726,-0.01955024349915193,-0.03893238690660402,-0.06491834088132746,0.026678096860406803,-0.0291434926305281,-0.10342458733684538,0.28563505215269186,-0.4444809445517044,-0.19952491624419405
pheno_silk_days,-0.8183181202293216,-0.4691439233047729,-0.8136731155403122,-0.5472363448741605,-0.17123214452578736,-0.8345061867778573,-0.6038759243312715,-0.3779811135744567,-0.29435901077503185,-0.3399024006646989,-0.5868781958669466,-0.7221858957519163,-0.23562073523744284,0.40288637385867065,0.044390794527762636,0.03841894082975306,0.02700494760709461,-0.003349076881357956,0.023012642670306508,-0.016920790343672318,0.016304663352203416,-0.02682752424756204,0.11103364964176309,0.14967419646495173,0.08425329411089455,-0.10461798809778969,0.08629827362846815,0.07225689722784297,-0.24955481965103932,-0.24429706116891428,-0.2628377493674851,-0.20364187012325227,-0.19630372378657066,0.7674469904735988,1.0,-0.7103444380659664,-0.0608565973980221,0.07318268880485243,0.6308924208047524,-0.00547003080687925,-0.09029520005805645,0.04652747518366993,0.00789216048629753,-0.04733443374650721,-0.06191976862179292,-0.06561786748176537,-0.9116736058538579,-0.3506818004567867,0.35500577959845014,0.41636407789961677,-0.27500714495318695,-0.09439029779936875,0.10046201954415292,-0.0159492430526247,-0.22578507262852557,-0.22143489648038556,-0.17451018978097954,-0.8146739799102767,-0.28892337206540525,-0.6269936526866614,-0.8498594908314383,-0.5287626956163995,0.2507848350999108,0.06918530731302996,0.3024945346777685,-0.20473167443405074,-0.1848075803148661,-0.1475841512575003,0.07705719906769311,-0.025845492123042754,0.05611954664048333,0.07028497456757754,-0.4102657156586782,-0.4081699483529175,-0.15497876666091442,-0.5924079630629202,0.2699895066738039,0.5077769116013813,0.06489315702079006,-0.23865586751312443,0.10482122507485617,-0.2587500493982602,-0.19790578976163603,0.1402443569614767,-0.09312686962933395,0.4266885845452889,-0.2591606062891027,-0.06561786748176537,-0.17451018978097954,-0.1475841512575003,,,0.0072901269287741636,0.010276225813740684,-0.0965540030150301,-0.0023125749354019295,0.005940992111724004,0.03138928989643323,-0.10088873238397009,0.026614619286496888,0.025010384913747484,-0.07160480821633591,0.22163735861739847,-0.39690772357403514,-0.1731025147340456
prism_tmax_mean_veg,0.931802700855212,0.5179948959720256,0.7750146628709006,0.6108168011685234,-0.00301963104155526,0.8685076439054477,0.7298189107037892,0.5395443365009394,0.4571873084944848,0.49018939620908963,0.6930026619919892,0.6505778274050539,0.4099073000089325,-0.4672952412069374,-0.2228108744868476,-0.16885680784497623,-0.23314281721576827,-0.1790571888845013,-0.24708087167919612,-0.19883024505084287,-0.15768643344897484,-0.11567615945387119,-0.3076363449822229,-0.2991422791933149,-0.1845260408920437,0.2962562710674649,-0.32101948366208405,-0.272378832920974,0.39436784599857483,0.39838512054390524,0.406350197866159,0.3424955317803468,0.33822002803250883,-0.9193161251224496,-0.7103444380659664,1.0,0.08696235378512462,-0.3393030494677174,-0.5970639902696501,0.24749774753438508,-0.10618439201321705,-0.336419336563603,-0.24909140567787882,0.14604068439123824,0.1680502814183257,0.1523698118826963,0.8036163325141145,0.49586601937823443,-0.258306407712399,-0.14848140217109743,0.3524821442950523,0.00018459623225961142,-0.15873050903303695,-0.08124159463887576,0.3497386021128945,0.36126420808779597,0.3072130798758634,0.7711127713330235,0.4202035383638238,0.5641927691908981,0.8612846490480888,0.576876485354012,-0.23114196187619074,-0.09989494345673226,-0.30874405220776274,0.30227586613643065,0.2740487208538494,0.22146730875486723,-0.10931013761594525,-0.0648128681050985,-0.07002807047349434,-0.07221106107566692,0.3188551917712777,0.23756578751172844,-0.005523738907059377,0.5746575940339921,-0.21981284325135536,-0.4982570544740093,-0.015972720185811893,0.3109290020704753,-0.1722352228300443,0.2787214416334295,0.33770823451336224,-0.10506974587884726,-0.025206840824618753,-0.4151059842747787,0.35728592865915165,0.1523698118826963,0.3072130798758634,0.22146730875486723,,,0.014377986913844712,0.10900310795251453,0.09444941724028637,-0.015189679877207039,0.05616253973438955,0.0010939864662322003,0.08654753044849757,-0.0353680577053512,0.12092133948654862,0.16428417348000945,-0.3742256256035056,0.522165769803729,0.30548452289061656
prism_tmax_days_gt35_veg,0.016435621150315733,0.38704366908271676,-0.1074365157615386,-0.20157914582105121,-0.23738440743076727,-0.030019753228562925,0.2477473805963607,0.34556510523825806,0.28724278161740086,0.24258194487510937,0.05999120045262358,-0.19092813240113157,0.2691802036412417,0.13001773374885484,-0.24306088519054148,-0.17320372695165895,-0.2456683047432062,-0.20210809384197256,-0.25184033956335194,-0.2284059645395429,-0.17811555384847277,-0.20568189332766554,-0.26270804331482484,-0.18153740468393445,-0.18240946545226114,0.3132690525206784,-0.2556347631736411,-0.17422159075650043,0.37766524517732275,0.31357035981184195,0.2682235960338478,0.18646849064821835,0.24182167806258484,-0.01533662950943785,-0.0608565973980221,0.08696235378512462,1.0,-0.26285522496987157,0.24778844218174156,0.41819251098658616,-0.20347008472011263,-0.25498047564931897,-0.18902194782285672,0.7116493497688213,0.7667798183017027,0.6558670054480998,0.12264299908904541,0.2660436218503578,-0.04787368404287324,0.17295405535320046,0.2629779782945007,-0.1904324826423473,-0.2170352230380623,-0.23582508409041103,0.3113631658678778,0.2601635374822577,0.18176956146710854,-0.12709848858743125,0.0137121079191984,-0.05710431051013617,0.04246876848104483,0.04816515943909912,-0.008492259442451418,-0.07732703598022488,-0.04423266991355188,0.004429693807752768,0.007556294897015864,0.02966830959139312,-0.06925553539720097,-0.07351204706204185,-0.008788494775056565,-0.058328194698974475,0.01121485853389686,0.04007324873443036,0.09908511023284305,-0.08815488977965087,-0.07068390290933523,0.07663952077485019,-0.05909245734148425,-0.0856290688862734,0.14080655954614835,-0.07982317226786739,-0.13767781140878196,0.015196386594591542,-0.01668638196930914,-0.012726903391857275,0.3157930484967689,0.6558670054480998,0.18176956146710854,0.02966830959139312,,,0.009758368319614115,0.15077983337003598,0.008103435206131772,-0.10882966333568118,0.0891964607133783,-0.17704626699262485,0.21474314608840392,-0.054570941924790686,0.12465751456349697,0.09538123456037832,-0.24484491575985762,0.25547440388105397,0.15720873271913927
prism_ppt_total_veg,-0.20132060129766136,-0.2932008310305935,-0.01159604165590798,0.04620211004409512,0.69964820435957,-0.12366610200276279,-0.27976662369380106,-0.27928711206395984,-0.2823581767165996,-0.33022091196925873,-0.19323990560497042,0.1570696666055453,-0.39619483758829477,0.08118476423443387,0.6711491048116854,0.3273863961096797,0.7362604252681597,0.4744829204199441,0.7720222086349076,0.5787274145059247,0.5399736705247548,0.47210931819128144,0.675177986390094,0.3708401809643167,0.4983388486816409,-0.5396654233631824,0.7458140518925593,0.47147737115247007,-0.3567827207731882,-0.31668554904206625,-0.29730981934367506,-0.2541295704008524,-0.27295075889324133,0.19310180536805194,0.07318268880485243,-0.3393030494677174,-0.26285522496987157,1.0,-0.11921352480390165,-0.48266757469921395,0.5884005410787163,0.8533002044445868,0.5797200295315613,-0.35687315643668416,-0.3501904944572991,-0.2950293628337454,-0.1601725431072191,-0.2766021074633742,0.0910240748435004,-0.23455234457808752,-0.36200786358702414,0.270937990074846,0.3793331274624692,0.3777437944606437,-0.32899353828672756,-0.3006657971073227,-0.25185712610220046,-0.08811595091301945,-0.10578787658315904,-0.03985569986669082,-0.16653555069690332,-0.20421513840888383,0.06016386781981963,0.10868483522905566,0.168513722785313,-0.11750616883078518,-0.1042289092617815,-0.09794478047815106,0.1361389993245886,0.12179117071524438,0.09309646042784143,0.12078596548808289,0.015833731859655635,-0.024167433195882677,-0.014048800797445868,0.017318154037555877,-0.008954560220693202,0.0675391897025599,0.03501319568754862,0.03170833746831574,-0.03397946833817124,0.06630758643019666,0.0236925657844344,-0.00024209094302635512,-0.016863447422119135,-0.013983303188928382,-0.32197011172574647,-0.2950293628337454,-0.25185712610220046,-0.09794478047815106,,,-0.05270970449893872,-0.21165057357968284,-0.1419255452422719,0.11803964443746207,-0.08549465103460441,-0.04477931951142833,-0.10659539565350666,0.016147772161264593,-0.15187756194097232,-0.2965278646364867,0.40032862259788055,-0.1358047054649003,-0.23955206930866205
nldas_et0_total_veg,-0.6842659394091419,-0.12030032467746399,-0.7729681242819981,-0.5963348531591048,-0.34676870247936786,-0.7357790013028264,-0.3428123451674935,-0.0904674425506575,-0.017863433006669947,0.19782553964287922,-0.3053168035572626,-0.8783623870882183,0.2835342348733875,0.7125399900869227,-0.16218199725132515,-0.08521113595765839,-0.17986053459205625,-0.19659699375887518,-0.18161541786933616,-0.21088345955040222,-0.1814643814037316,-0.21699448806350544,-0.2414199961118829,-0.1107504752226397,-0.12611118892223197,0.2638179101294251,-0.25098134290894686,-0.19758948241258664,0.10003229595003303,0.06171499362865001,0.0028936283728715627,0.03600231550745651,0.0777679961792721,0.7216083499098304,0.6308924208047524,-0.5970639902696501,0.24778844218174156,-0.11921352480390165,1.0,0.5484392990133367,-0.2229085477862159,-0.23174024294642567,-0.20460586106186493,0.23363995984829983,0.22375001859540816,0.2185952718024073,-0.6117581328732257,-0.05504489702652416,0.14186871457436945,0.6378893542086618,0.25831501356367864,-0.22374671553855047,-0.215352556434192,-0.2824868583251222,0.11444107850522622,0.08609339323422692,0.08133051698328185,-0.6257105263319668,-0.21182631402841695,-0.5352922303345408,-0.5913979784341922,-0.08608894830563704,0.16032785676377584,-0.09911661786252039,0.05611712152223226,-0.0904466014699805,-0.09612978863799182,-0.051788841911013836,0.16687769634067354,0.01202867445115987,0.08888107292524487,0.13634760415018657,-0.2240566296645101,-0.25308163234593206,0.08673769651483362,-0.5818417830452858,0.03304522818643594,0.5978587398095433,-0.003096395068137141,-0.3442335306909171,0.28532523604558885,-0.24425669498450914,-0.4070852525636662,0.18933247895245414,-0.1437808148274251,0.362400362160371,0.013776896611079599,0.2185952718024073,0.08133051698328185,-0.051788841911013836,,,-0.022558075548555868,0.06473158768537558,-0.030718777981344248,-0.09376695565113993,0.01220848533997106,-0.06495903912748986,-0.001409843354191925,-0.07770948983519857,0.03122488595927618,-0.020530167959589934,-0.08849674317259197,-0.17057629919650816,0.06474847869005018
nldas_vpd_mean_veg,0.12366088273874584,0.4149952403187271,-0.07150372252837198,-0.171469767027552,-0.38510517952776496,0.05047811495750632,0.32751723316554165,0.40884008708994635,0.41214665579066134,0.790299849888118,0.2825243027240606,-0.3838932880024537,0.8324077217644005,0.378955417717179,-0.3823172900346123,-0.25622622868924144,-0.42648543352656515,-0.3845354450115105,-0.4650745547824487,-0.45077234763201474,-0.40568552758757565,-0.41042562854761966,-0.5762117382105393,-0.4226873145869265,-0.3206545632574929,0.6097937493715984,-0.6084236749980018,-0.4914914585714019,0.5151198617651473,0.4622545846414074,0.39584709748774033,0.3669977712518856,0.4193124328327585,-0.14464945216091327,-0.00547003080687925,0.24749774753438508,0.41819251098658616,-0.48266757469921395,0.5484392990133367,1.0,-0.3611556084942543,-0.5954976034383189,-0.47520626318176823,0.4158765810953859,0.42587522831944585,0.40130246341552844,0.12420994883764211,0.3926217191866281,-0.1033741106350988,0.6766801464261281,0.7369210834960473,-0.23279987948763575,-0.41845531329120866,-0.4059630543496378,0.47447908642230285,0.44108155897334916,0.3848700043726808,-0.0003684864992897661,0.16319061781022362,-0.011415131978241063,0.21454460423006416,0.4475043622947225,-0.004209268814337332,-0.1648224479676447,-0.18508095139560168,0.21831541227740342,0.18215404800048435,0.1770115739313512,0.07239959721509186,-0.056373746656988216,0.044124762072415794,0.08490240257426127,0.10748250524335917,0.05358906847371372,0.20520848091556193,-0.11869158668678129,-0.28893888162110826,0.16787096288213146,-0.13570703317133492,-0.1936911186460665,0.2896470527657068,-0.049213888568998936,-0.2895186516992435,0.042868397398754594,-0.1515438149381828,-0.03770515785542905,0.3874586850853024,0.40130246341552844,0.3848700043726808,0.1770115739313512,,,0.0072946947319729,0.20574812095110948,0.051989634178929336,-0.14822507777939983,0.05959179956737093,-0.044589341921105065,0.09350288355656812,-0.1582080608381638,0.12747484958053013,0.05809308222759717,-0.47834405922579404,0.29894607700996206,0.3648487780712014
spi1_prism_min_veg,0.01760038908168814,-0.12934094507816812,0.1916762336982622,0.1890337005541016,0.5050119178347066,0.10208252298317505,-0.08735136657216172,-0.16382408252148517,-0.19530814359532717,-0.13675255330350528,-4.649400656236204e-05,0.2894448610585915,-0.2154724884790762,0.007072943842702861,0.5835810271180404,0.5476481804065606,0.6051375789374229,0.5246282804748489,0.6391151913908776,0.5908287776151154,0.48835014562679424,0.47861868903087756,0.522120905779402,0.4574437754479666,0.29905864432828877,-0.49407801826946346,0.5686421764976024,0.46986920770289603,-0.2345149814285258,-0.22206060233101568,-0.18931274589751843,-0.1929828312380051,-0.21936408661457277,-0.040610478100651916,-0.09029520005805645,-0.10618439201321705,-0.20347008472011263,0.5884005410787163,-0.2229085477862159,-0.3611556084942543,1.0,0.7024715272280115,0.8626843272985675,-0.31409168876867455,-0.3187135649990189,-0.27433514786900104,0.026348168041038723,-0.1696851087969105,0.03282933875455007,-0.18702486117828518,-0.20246000887698495,0.2180873693787658,0.22152998314444008,0.2538496756093055,-0.20389790572812339,-0.20992567062332088,-0.20415098699258133,0.0748896702403741,-0.03191649915099481,0.1423760795193141,0.058786881155593815,-0.03144578123827121,0.05366779995390373,0.11835216085375148,0.07931586142987429,-0.05408026667218011,-0.045392189628640445,-0.05897658738571829,0.09019111981165982,0.10542833228359756,0.04896776029364618,0.06194870475363858,0.05650112868385667,0.03230469091231132,-0.008882904642075314,0.10925424082043568,-0.05177376126184797,-0.08271597715309703,0.0027953836116939735,0.0638670397349946,-0.03370366541886328,0.04999941932349533,0.06125432588713168,-0.027322259906511732,0.00015236656248540173,-0.07244026493962988,-0.17166051111975586,-0.27433514786900104,-0.20415098699258133,-0.05897658738571829,,,-0.027326375883451562,-0.15678961538721722,-0.016559672721462856,0.02035612354680957,-0.14506973198135814,0.02838644858284738,-0.047647817258845614,0.0028644528495768073,-0.0786289666089034,-0.09246671915856383,0.45051034689748176,-0.0524884596984602,-0.19218498459576383
spei30_prism_nldas_mean_veg,-0.17744654649425629,-0.27453810938299783,0.03667371201965022,0.04925367879785868,0.6016833147564333,-0.08035216113488046,-0.24645382359535517,-0.30196875831707953,-0.323954206090429,-0.4079071566834307,-0.21386766225108,0.22524517040384462,-0.4691215392552255,-0.013809308605915413,0.6929360453635928,0.38625347738629945,0.7692253783914227,0.5645126462620037,0.8362533070597858,0.7120304365743302,0.6226105078141143,0.5782244708830349,0.7442748706098344,0.481412509568577,0.5128371951669002,-0.651004312074104,0.8260821908627484,0.606306732425895,-0.3953009304937069,-0.36311371901159045,-0.3360222902460372,-0.3131077539558158,-0.33028651591897873,0.16335905195445408,0.04652747518366993,-0.336419336563603,-0.25498047564931897,0.8533002044445868,-0.23174024294642567,-0.5954976034383189,0.7024715272280115,1.0,0.755279148729657,-0.3831654263984678,-0.37931630220993906,-0.33004873210071406,-0.12943037971704338,-0.29390490516058737,0.05317066558707514,-0.3065960567707716,-0.42606763445992846,0.2047750913451516,0.31787774093182364,0.34290988555513613,-0.3536233387832698,-0.33728187209776483,-0.300160780677821,-0.06444737491279026,-0.13349552847081053,-0.007741505567075619,-0.155959201138033,-0.23803170350872593,0.06521016570835861,0.14564265984606165,0.18536501733433244,-0.15438537104812805,-0.14306249522033898,-0.14130977338015863,0.08967380918024698,0.09221902220950368,0.06842559325108559,0.07800675253243308,-0.017819074707309843,-0.012580194976566095,-0.03128781012772996,0.015667684132716075,0.014101356715874855,-0.016240866262087185,0.017951768613968844,0.014653594776300469,-0.020694626154985185,-0.001957732108844301,0.02584737841058813,-0.01018587458393403,0.013492828092471938,-0.0019012082578745238,-0.32035169412993975,-0.33004873210071406,-0.300160780677821,-0.14130977338015863,,,-0.04667790722456328,-0.2587967299366652,-0.10240544772944792,0.0662087488029167,-0.13024050569841192,-0.026494187926806873,-0.07073544012498009,0.07534608473735702,-0.13540062600775513,-0.20268508116726194,0.5023420879699132,-0.1616978103534664,-0.28459793448386317
spei30_prism_nldas_min_veg,-0.11481065659039794,-0.17167415092465418,0.06567580870244744,0.05912305096561262,0.4629366870397953,-0.0263656106382657,-0.1684047249464034,-0.23846528677433418,-0.2654539206696814,-0.3055574989142672,-0.16814578311268627,0.22251750938353315,-0.36009248306267916,-0.0014112914083357607,0.5493328857292487,0.4705239265524256,0.5839266665790389,0.5276281423340701,0.6284026940435674,0.5996454829945057,0.49692355482595435,0.4777404876944631,0.6046633003597339,0.6093311952803486,0.3189822820719796,-0.5805459051611955,0.6540120820747377,0.6097615210671141,-0.3063119225350584,-0.29258003612083444,-0.25516122876730124,-0.2518531136117407,-0.28003455318313397,0.09851989861598824,0.00789216048629753,-0.24909140567787882,-0.18902194782285672,0.5797200295315613,-0.20460586106186493,-0.47520626318176823,0.8626843272985675,0.755279148729657,1.0,-0.30936913241755026,-0.309065059870086,-0.27993794721585075,-0.07476130913464611,-0.23714817551990092,0.060206879520141005,-0.24655976533704327,-0.3207598589921054,0.1868895654700716,0.2694537481598998,0.31264856173281713,-0.26887565656471435,-0.2740609065180036,-0.2569375334282571,-0.04533315399330395,-0.10149348887781652,0.06331491335094491,-0.09361324683920844,-0.17729803755591084,0.08422929550360349,0.17834495717314525,0.1679585542610548,-0.12118879068712336,-0.10940018265618327,-0.11354842390281711,0.05288582752477819,0.054931786278153975,0.04936797723165725,0.04132614385184114,0.0525083076810882,0.04185484649928306,0.03130267327269601,0.053985861518770904,-0.0661587944019793,-0.03864201445383219,-0.017637692258550726,0.0278207093435751,0.01854907411750194,0.026092354016747452,0.0005213391449327005,-0.02247427915324335,-0.010717258366562184,-0.06326320283933008,-0.21538612227678808,-0.27993794721585075,-0.2569375334282571,-0.11354842390281711,,,-0.07578586044963406,-0.2005094970441733,-0.0806455453784955,-0.01635018047607044,-0.1603138721589077,0.041305196640698934,-0.03728584491758598,0.020299598095187624,-0.06709091974146206,-0.09682309471747524,0.5991173795075448,-0.13672134838644703,-0.2441401244112213
cdhw_count_veg,0.05354476443164638,0.30525898170712956,-0.09358052932938946,-0.13901176493764456,-0.2962243169210791,-0.011955469288822552,0.23877074384745087,0.3103342736976338,0.28786776362522615,0.23159595073154354,0.11269274561674786,-0.18748516754805986,0.26964085379411523,0.054508743923170705,-0.33587832934518946,-0.22165389046102968,-0.35688303104349367,-0.30766921067054237,-0.3548008933724508,-0.3113798687465138,-0.2805075891031105,-0.2913799396123989,-0.35272843299014733,-0.2297490623996863,-0.23733098215564438,0.4133109722042921,-0.3591831876450303,-0.25908553935302403,0.4762389544069357,0.3781416847530685,0.3324282810378873,0.23935334034282002,0.297196161139465,-0.030762733537914044,-0.04733443374650721,0.14604068439123824,0.7116493497688213,-0.35687315643668416,0.23363995984829983,0.4158765810953859,-0.31409168876867455,-0.3831654263984678,-0.30936913241755026,1.0,0.9206521071988356,0.7466932945931499,0.11567207125919357,0.27529798388658494,-0.07499034186969765,0.16768016022503457,0.265462622832961,-0.22971919107103997,-0.2568446459920935,-0.283716959477996,0.3514092781385124,0.31359478752003495,0.2354313246488792,-0.06498865191574874,0.019245061769188467,-0.02799818576561485,0.04081572535533718,0.05181156964203405,-0.0030481696836544463,-0.07931703379153404,-0.051674850228251676,0.01632097616212982,0.011011815811368546,0.030268753692411988,-0.08714778435610288,-0.08311420128372334,-0.0403892286995018,-0.08547398416110302,-0.02294803660162335,0.014291087634609711,0.035846191085953855,-0.06687187903192132,-0.0009317405778105427,0.03934538292410832,-0.028682346494671163,-0.04904896076815656,0.06367997449278835,-0.05288807027316013,-0.06523387066017675,0.007102015712584925,0.0013245610130615555,0.009521135450083039,0.41471121252576276,0.7466932945931499,0.2354313246488792,0.030268753692411988,,,0.016174583021650018,0.22985019491232414,-0.06330978026381011,-0.1356527772123674,0.08647233651485307,-0.12548947792814125,0.17579197641062305,-0.017016242131579637,0.12025003322694472,0.11040413698236214,-0.2799197280664704,0.18581825216353048,0.20517582663821154
cdhw_total_days_veg,0.07166849513554503,0.30932253321862935,-0.08648606160810283,-0.1263627814503018,-0.2996065646779446,-0.00029168024558011847,0.2669417155746236,0.3581110299901045,0.3400927003209746,0.23534933145025666,0.12292415338945863,-0.18218765088806596,0.27424030347602296,0.04164260171659582,-0.3454491070497577,-0.2305488323983379,-0.36879631748116515,-0.31341477871917967,-0.3654981303593397,-0.32051458872137656,-0.28836294305259597,-0.29839631755733714,-0.3538550760805387,-0.23034933954451856,-0.2500683995964199,0.4144430337127297,-0.3604014987818857,-0.2579026068148072,0.4957293906316892,0.42839375418297176,0.36492808686577405,0.2699001692496024,0.3431800555955718,-0.042838993825536874,-0.06191976862179292,0.1680502814183257,0.7667798183017027,-0.3501904944572991,0.22375001859540816,0.42587522831944585,-0.3187135649990189,-0.37931630220993906,-0.309065059870086,0.9206521071988356,1.0,0.8616965411316483,0.13556800204592181,0.3177940025247022,-0.09122840320098088,0.15454219060859103,0.2713039024314948,-0.24596985098773108,-0.26336030984507763,-0.2870154458704614,0.4038908392124813,0.35330303998873375,0.26103401447931723,-0.051649250229709336,0.04167337837894401,-0.028311027079264015,0.05560129649451508,0.05855060464929384,-0.019854425306517858,-0.08570934826928393,-0.05895231439145932,0.027676680888505462,0.03363758693781374,0.06269793051271434,-0.092711963409637,-0.09118471454431673,-0.03949334866972085,-0.09239002039738192,-0.0070090362630941,0.02023398208679112,0.04401566459642682,-0.04571153561062222,-0.006783833966516768,0.029207636860636026,-0.0248321099089999,-0.03780925386458058,0.052075525885771974,-0.03397306166704433,-0.0530684899906026,0.004519175925179728,-0.0016117394720865977,-0.000260334832315128,0.38284628566726286,0.8616965411316483,0.26103401447931723,0.06269793051271434,,,0.007597844101849124,0.23399723393074992,-0.08952752606106629,-0.15030104275675296,0.09893855615728032,-0.15474620924679014,0.18335910099651354,-0.017750788385028665,0.1399941877191891,0.11151570442660223,-0.2825073495578682,0.21017150269256293,0.22854735058196476
CDHW_Severity_vegetative,0.05962935862631156,0.2878797736138306,-0.08916518766511941,-0.11027045758210481,-0.2680555861547436,-0.010385023300932482,0.2532463323996601,0.35570166163164996,0.3632228434773224,0.22052949558221888,0.10825613261205157,-0.1830715274963109,0.256128818042433,0.05374770749812145,-0.31488010614892087,-0.2079596838641603,-0.3409173522340999,-0.2870497911933984,-0.3336199654980619,-0.29513564515889645,-0.27223614543104013,-0.2838508879524034,-0.32385362742593216,-0.21764934679989745,-0.24128820600514458,0.37096995416790046,-0.3268592830776998,-0.23410650816200515,0.486942765655174,0.4335292814811496,0.3206465409364249,0.2794404481880421,0.38432139614370164,-0.03266324645361844,-0.06561786748176537,0.1523698118826963,0.6558670054480998,-0.2950293628337454,0.2185952718024073,0.40130246341552844,-0.27433514786900104,-0.33004873210071406,-0.27993794721585075,0.7466932945931499,0.8616965411316483,1.0,0.13929395101795317,0.3415137570250341,-0.10269070169721957,0.1426599046689395,0.2669626130230082,-0.24194238250833466,-0.26486821194765403,-0.2752836326787272,0.44303228630251884,0.3833297127305898,0.28226282715871703,-0.0628787353371475,0.03666397458031152,-0.029202756854900456,0.04865738514044155,0.041829545168996625,-0.024431495436804517,-0.07695151326853363,-0.05729823297378997,0.031049147115229846,0.044077135224322085,0.08140955908907146,-0.08307861057452846,-0.08621304250179608,-0.029749253195371084,-0.09324696639077855,-0.0034762832859768075,0.02637373623733847,0.04974316835720076,-0.04635428429319326,-0.0023797919826970887,0.03951587943343107,-0.02241844835302373,-0.03604325880685396,0.053791321747758435,-0.03337062879364277,-0.05461045845196382,0.0012323704839842492,0.0028427727631398043,-0.006166249669516261,0.27821264370717896,1.0,0.28226282715871703,0.08140955908907146,,,0.0017359261089469947,0.2107550352229892,-0.10214747653585636,-0.15144355806736748,0.08251402391615681,-0.16264623344075532,0.1871324275410737,-0.026650821388362726,0.1566916334481582,0.10993011268666059,-0.2693386211197904,0.1971843845573717,0.24253972705887133
prism_tmax_mean_silk,0.894537653780173,0.6322213646484296,0.8134710358761855,0.5494359907736969,0.07164607501506412,0.8697121645015407,0.7507759164168646,0.5480309163368074,0.46526430857867845,0.4640482329627815,0.6379515322949227,0.6813611650267607,0.3747415677345537,-0.3956211134093586,-0.1634310497871988,-0.11839794024687941,-0.14890581757019808,-0.10550831052106228,-0.12561369858623364,-0.0795937453153202,-0.08808079828202502,-0.04620811443504337,-0.23479339225215706,-0.22533019306578198,-0.16853522804027501,0.22961758763155393,-0.21363103803444847,-0.16811748193844067,0.40925851984695283,0.4092123191129665,0.41288664268320063,0.3524390373326604,0.35336009531534307,-0.8485484388617442,-0.9116736058538579,0.8036163325141145,0.12264299908904541,-0.1601725431072191,-0.6117581328732257,0.12420994883764211,0.026348168041038723,-0.12943037971704338,-0.07476130913464611,0.11567207125919357,0.13556800204592181,0.13929395101795317,1.0,0.5358894609543751,-0.4164438016406352,-0.20209431450746793,0.42466799145199835,-0.03891489247501657,-0.24959715249318895,-0.11001752991523554,0.3888873175642893,0.3943802732683106,0.3326631170838716,0.7601208126998493,0.3609438925788332,0.6092271052493451,0.8669174677653364,0.5824607476098949,-0.2451079480615098,-0.13217932151240766,-0.33485513140099854,0.28270373452421993,0.250815390763112,0.2098178441301093,-0.06952763398828953,-0.008753190685572287,-0.05634278201782015,-0.05291573085962935,0.37633968744430923,0.4217278082514148,0.1421718875551677,0.5875699876984967,-0.29432209593499026,-0.4800074302282294,-0.10096357023571843,0.261044008972176,-0.08100428120139487,0.298833246578873,0.20827348293306652,-0.1812549248562016,0.05762229311615315,-0.5111915262194913,0.37607276845074367,0.1392939510179532,0.3326631170838716,0.2098178441301093,,,-0.0252738754477298,0.03791119738522362,0.12876877701355746,-0.03751921023838389,-0.03448224751142983,-0.03601068117028549,0.1278429096437894,-0.045633050390308565,0.033159635534293116,0.08620870674162717,-0.32491455029187094,0.5483836602002331,0.3287603997992219
prism_tmax_days_gt35_silk,0.4694502709968716,0.6986897024982048,0.2795797897459348,0.18315881802379574,-0.23944550307303827,0.3753134508761167,0.7964409289695955,0.9175418900590235,0.8853871597635578,0.5389886121540713,0.4501877863693416,0.07783137998341777,0.5667633019098232,-0.050513683338596696,-0.37611832415461754,-0.246559303340712,-0.3696746879230214,-0.32632686398633315,-0.31922866123431554,-0.29922847636963673,-0.23756815537347573,-0.2249839370951178,-0.44208764463544814,-0.3252270922424347,-0.30379398732616925,0.4678982756282337,-0.4297154477091063,-0.3313541109285206,0.7834175511527629,0.8255553667650535,0.744140015554222,0.7259774955923272,0.7740612174053101,-0.3704282701977471,-0.3506818004567867,0.49586601937823443,0.2660436218503578,-0.2766021074633742,-0.05504489702652416,0.3926217191866281,-0.1696851087969105,-0.29390490516058737,-0.23714817551990092,0.27529798388658494,0.3177940025247022,0.3415137570250341,0.5358894609543751,1.0,-0.393813648300929,0.20543533089803392,0.6422488604420517,-0.327475358559273,-0.5079975237598452,-0.38889370692600683,0.7970485302003412,0.8668584702494392,0.7764680252909847,0.30179013562557405,0.41180462276103996,0.21950502036728142,0.4778279449835318,0.4399142325398487,-0.1351889361759075,-0.18078841566463377,-0.26245717859133444,0.42292708618263763,0.34875773531475784,0.32323346718136164,0.015962923567934318,-0.06279870038379298,-0.042254219568101645,0.00785271403984132,0.1251130141523109,0.002035584257951969,-0.050755157325490685,0.2163501416935107,-0.1805293757533243,-0.14469183134706634,0.04963311549116121,0.11602141689838416,-0.13221663691288144,0.23393919317721035,0.12913463128236718,0.009359223967966544,-0.05177992120111797,-0.10186468111587656,0.5433872222503653,0.34151375702503417,0.7764680252909847,0.32323346718136164,,,-0.08323820461194793,0.1685195319099325,0.10662125107575673,-0.18661327069106212,-0.11117923801353138,-0.023606809341616172,0.17081824342397026,-0.16258925163606444,0.19428635518058768,0.03604485609464228,-0.4486729188476243,0.8503606117902379,0.7661775721475874
prism_ppt_total_silk,-0.3293454957951845,-0.41085368659346744,-0.2111861916894862,-0.13767624243112736,0.4297534169925166,-0.2811313576734838,-0.43106870599012015,-0.3800507884992065,-0.34009141946289595,-0.3254399435615582,-0.2439707590481488,-0.07410400311930017,-0.3525960446679228,0.10658144277453514,0.4889652030696736,0.24390231638565057,0.4559168948529539,0.37018954651149427,0.31657534033224594,0.2698484003648221,0.24763149307767846,0.21611382592248893,0.4706813503212197,0.2592291041089387,0.40526848813233163,-0.34357364500639276,0.42383592851889795,0.33537396971131056,-0.38093930621346167,-0.35654233798533697,-0.35321256463020995,-0.2899766400972145,-0.2947188042835597,0.24158970632603857,0.35500577959845014,-0.258306407712399,-0.04787368404287324,0.0910240748435004,0.14186871457436945,-0.1033741106350988,0.03282933875455007,0.05317066558707514,0.060206879520141005,-0.07499034186969765,-0.09122840320098088,-0.10269070169721957,-0.4164438016406352,-0.393813648300929,1.0,-0.09837401370194092,-0.40960754687371054,0.4810923307726816,0.6963672258117541,0.4757763158412806,-0.3655267674004906,-0.3392539305482209,-0.2704861714870344,-0.24827170784977795,-0.22691770916291734,-0.17484637355672247,-0.35433144517563153,-0.37629091769465906,0.2275498727755246,0.35986492670422376,0.3260256424237692,-0.2724740036478295,-0.23790485621997992,-0.1982730636273169,-0.0031449704451419528,0.04618847784504171,0.031986707158224964,0.008138385643491721,-0.11799959166576746,-0.0953417068296,-0.03739776964680038,-0.17261845060561665,0.09616754497875711,0.14715052136732842,-0.0059504136784032146,-0.0561293401219635,0.02988367168814855,-0.060854776650573296,-0.0590088077327725,0.020926253964857464,-0.010531959348224158,0.09903414253943563,-0.36495863917915566,-0.10269070169721957,-0.2704861714870344,-0.1982730636273169,,,0.09106269625366559,-0.10656195939128404,-0.03443471993252617,0.05483559371392385,0.11424085305267327,-0.033541264644743704,-0.10595861256741429,0.0935733013167266,-0.010601360534246769,-0.028441772689084835,0.3167255130901194,-0.3365989199828048,-0.26509947374803294
nldas_et0_total_silk,-0.2201303862975947,0.1702505481551485,-0.3506539257643418,-0.3045645859932373,-0.3464999947601901,-0.28021019877770303,0.009677143854049301,0.17165117571834534,0.21906369656235186,0.6184516070577898,0.08451175086141138,-0.6162352856926411,0.682968361744902,0.5787420483047545,-0.27968921723845147,-0.19044890509269607,-0.2947270482764723,-0.29418229142028984,-0.2619667961373061,-0.25875030611375105,-0.21755703126769363,-0.22966030747825242,-0.46282345177950585,-0.33451124735415527,-0.24479002726028326,0.4838584418206318,-0.45611069258896675,-0.3847553265517424,0.3343914086502946,0.2918036341163296,0.2435882178902534,0.2463228396883077,0.27762398558240375,0.17139131287998213,0.41636407789961677,-0.14848140217109743,0.17295405535320046,-0.23455234457808752,0.6378893542086618,0.6766801464261281,-0.18702486117828518,-0.3065960567707716,-0.24655976533704327,0.16768016022503457,0.15454219060859103,0.1426599046689395,-0.20209431450746793,0.20543533089803392,-0.09837401370194092,1.0,0.6829355299349594,-0.3470812452050621,-0.4980490702919893,-0.5031247368337266,0.33732727489062336,0.3068610154908994,0.2792567427261575,-0.3096790891083158,0.002092998221452821,-0.22470843648107455,-0.1533083670998577,0.2892753008909641,0.058091225157978335,-0.22418689430736946,-0.16979580493917232,0.1404145854244889,0.10537833859632526,0.10567400666361984,0.1722936813798218,0.0047681212272431385,0.05728957489726117,0.16409729825444025,-0.07353582912688661,-0.11688448877483856,0.09060898922349193,-0.2759606388287906,-0.09315807795311762,0.3832827446693835,-0.018398484984113048,-0.14313069613327228,0.1915934989823488,-0.014753504931578912,-0.23015015684891704,0.06646243235591566,-0.158905058176803,0.06902223168073109,0.2601285114911132,0.14265990466893952,0.2792567427261575,0.10567400666361984,,,-0.06471920522845696,0.14766320314465195,-0.02332614564597149,-0.15095747319577685,-0.01055174752113735,0.06215471417749982,-0.024088612859051707,-0.16248497769762904,0.07216534265351517,-0.017338825637475665,-0.34818896746255545,0.10085718561879031,0.2681147646690991
nldas_vpd_mean_silk,0.3404805962771208,0.5994477988910232,0.1677035704070581,0.03539224636010602,-0.33437923646827256,0.2711867035292352,0.5678648600907247,0.6177079829315603,0.6160048582243505,0.8855282087765662,0.47148526646704697,-0.19422667358958742,0.934625706142058,0.26205919129292027,-0.42292585502880553,-0.2629751024303215,-0.4278335713490635,-0.37781875750892635,-0.3887587844149658,-0.3433593579553852,-0.33385982040960716,-0.3185581915004044,-0.6388269810290989,-0.4816285825836809,-0.3913977717462219,0.6603675779973174,-0.6163663088677919,-0.4946896174822275,0.6888178581745412,0.6550251163105231,0.5968520437224816,0.5635655833780014,0.6059915901823815,-0.29793342585099847,-0.27500714495318695,0.3524821442950523,0.2629779782945007,-0.36200786358702414,0.25831501356367864,0.7369210834960473,-0.20246000887698495,-0.42606763445992846,-0.3207598589921054,0.265462622832961,0.2713039024314948,0.2669626130230082,0.42466799145199835,0.6422488604420517,-0.40960754687371054,0.6829355299349594,1.0,-0.361948793148988,-0.6760316528762166,-0.57815091622208,0.6716313247596154,0.6588860152684167,0.5915189300976275,0.1590552460504424,0.29835228519391777,0.17253074681055727,0.4521153358161864,0.6149304242097487,-0.0948266936392215,-0.2882987461494073,-0.35392751336379097,0.3913802046863839,0.32558932604841556,0.2948121695586988,0.11236962786437868,-0.00825745996777765,-0.0070499031770262215,0.0961437730637602,0.1957547531193845,0.06560037083520127,0.14238719844106074,0.12855965394367697,-0.2553833517021766,0.01810044401067807,-0.009944824657528746,0.04121695431403467,0.03460627037108104,0.20012706671543692,-0.05363893110879429,0.022402149432514167,-0.09282586763755298,-0.1309086410599601,0.5471414597654151,0.26696261302300817,0.5915189300976275,0.2948121695586988,,,-0.06611625241931025,0.1678964145492598,0.0686208463322958,-0.20147845145570734,-0.05880872854585718,0.026279677101208168,0.06595012292964536,-0.23218353575776657,0.14072862969670627,-0.007093344181061456,-0.5696524586959715,0.5296868988441612,0.5759306839588335
spi1_prism_min_silk,0.030888306470179396,-0.26152650408421396,0.18587510180664235,0.13041959842671766,0.48954040854141684,0.11089199893894214,-0.20400019764489769,-0.29116040069126,-0.2922789268503184,-0.22239373588816483,-0.03665233582500899,0.3052657077575131,-0.303209276788815,-0.10948553621342552,0.5264591612453089,0.46644124122552694,0.490351412750439,0.47481583969898167,0.38504598923028394,0.3638073399467178,0.29481451952241583,0.2855165901754954,0.48945975930271146,0.33003818824843667,0.2883965746361962,-0.4459360423896054,0.4656006090165499,0.3991368993801986,-0.39688921220453804,-0.36037483658204317,-0.3488173737470845,-0.2904469848933509,-0.30189482844154747,-0.09142369511545306,-0.09439029779936875,0.00018459623225961142,-0.1904324826423473,0.270937990074846,-0.22374671553855047,-0.23279987948763575,0.2180873693787658,0.2047750913451516,0.1868895654700716,-0.22971919107103997,-0.24596985098773108,-0.24194238250833466,-0.03891489247501657,-0.327475358559273,0.4810923307726816,-0.3470812452050621,-0.361948793148988,1.0,0.7054289664218997,0.848020973146831,-0.4174707092597424,-0.3718590361791374,-0.2913811639617871,0.09367506616392095,-0.07555563328637982,0.12166109824672416,0.046542096536722324,-0.12987451321252844,0.08776480344600117,0.20867158660817722,0.16454136148697415,-0.1363189940562113,-0.12186901722585684,-0.11044921478290243,-0.01092564705089367,0.09255566334146241,0.033799444771755095,0.0038866291294134656,0.0938317402282509,0.07555557896304683,0.04046582922779473,0.1226737062600851,-0.04195351833174505,-0.10767524499895177,-0.006905261049198552,0.052562357912578905,-0.028406944225568366,0.05422807533156677,0.043254432307400455,-0.030019489320082818,0.010365317050036845,-0.06882118856517798,-0.37247079262279825,-0.24194238250833466,-0.2913811639617871,-0.11044921478290243,,,0.0669731606184691,-0.14388457084520498,-0.058525543963291474,0.19696726475809817,0.05257073374732091,-0.01573289996320588,-0.07978724419468411,0.1036152158778315,-0.10446023689720312,-0.061542602111770366,0.359099566635014,-0.20957098764533585,-0.27939626885024343
spei30_prism_nldas_mean_silk,-0.13910139732030513,-0.4391151373130486,0.04379708798574261,0.05587083980137577,0.5793111703209891,-0.05231109001029899,-0.3981078331964317,-0.45399276566170577,-0.45358892460087563,-0.5135998447731951,-0.23593188311353877,0.2855004389284025,-0.5933539418317655,-0.167585003156105,0.621913936943144,0.33561710109110776,0.6217418417415895,0.5087425945162153,0.4842242382571063,0.4124608373261369,0.3550123714284551,0.3384469414203511,0.7138146154321273,0.4372928494191109,0.5168930869491382,-0.619274941752871,0.69061967292179,0.532569446788591,-0.5806596807807526,-0.5283340240655408,-0.48033172562312987,-0.426719339380904,-0.46364040340225804,0.07502035628881461,0.10046201954415292,-0.15873050903303695,-0.2170352230380623,0.3793331274624692,-0.215352556434192,-0.41845531329120866,0.22152998314444008,0.31787774093182364,0.2694537481598998,-0.2568446459920935,-0.26336030984507763,-0.26486821194765403,-0.24959715249318895,-0.5079975237598452,0.6963672258117541,-0.4980490702919893,-0.6760316528762166,0.7054289664218997,1.0,0.8168262574998681,-0.5949738265232151,-0.5512894213241888,-0.4621344912153357,-0.016842929841121373,-0.15100671789841105,-0.017552567090636656,-0.18253395132271455,-0.36758953175284736,0.0683400184704679,0.2887681187116203,0.27868304634507657,-0.25834226064421906,-0.20585045031036622,-0.1762900527290503,-0.04136206112630531,0.04965615111320934,0.044213101286778966,-0.018998992094436576,0.0127147305565602,0.009336145888819996,-0.015047476200956764,0.041856170529857815,0.023045882428107012,-0.0503905431004041,0.004299492982831603,0.02012299020096803,-0.02557490844306769,0.0010749663802333902,0.037871610177998435,-0.010188728580990326,0.010679387550371016,-0.010720893648883525,-0.49401181994662197,-0.26486821194765403,-0.4621344912153357,-0.1762900527290503,,,0.09972752412976049,-0.1472633427681515,-0.10402415339225868,0.1897379093340127,0.0922495617270306,-0.02570621406892326,-0.08885941815348537,0.15977630278486277,-0.1175867442360256,-0.0739471063906638,0.49522698409737204,-0.35462339782163854,-0.44726449973869464
spei30_prism_nldas_min_silk,-0.04457549116464663,-0.3081323532807513,0.11822217760633456,0.09801643338121588,0.525755514695609,0.031923626331347044,-0.27480813226006295,-0.35155835716442835,-0.3605108612958213,-0.44683197994686824,-0.2346595723341574,0.3308294148549139,-0.5247428797974719,-0.15307709065671998,0.545037002115742,0.4099844480744994,0.5202080877135585,0.4916791915950686,0.42358696052297856,0.3933780518523185,0.31438426841762074,0.30527155275361884,0.6582934034800143,0.5270309128147938,0.3618003634534394,-0.6160877179220098,0.622489377443404,0.5608783810543676,-0.4938470372749794,-0.4439518865750787,-0.42007362463884484,-0.36342257925072124,-0.3892792403197757,-0.008659089099329956,-0.0159492430526247,-0.08124159463887576,-0.23582508409041103,0.3777437944606437,-0.2824868583251222,-0.4059630543496378,0.2538496756093055,0.34290988555513613,0.31264856173281713,-0.283716959477996,-0.2870154458704614,-0.2752836326787272,-0.11001752991523554,-0.38889370692600683,0.4757763158412806,-0.5031247368337266,-0.57815091622208,0.848020973146831,0.8168262574998681,1.0,-0.4952944978494314,-0.45290355463759135,-0.38292424395879815,0.022871456430525565,-0.09991092694031607,0.06704711608557502,-0.07927253326369901,-0.3036160045322211,0.09693481825188115,0.3056857097418241,0.3043543013947833,-0.20503760576137056,-0.16674448821815419,-0.1391989238591148,-0.0340200181953163,0.024974630988499436,0.041031791161241324,0.002361066024758847,0.11932066186464335,0.0940924903494491,0.06274269011015417,0.12536498706203336,-0.11381091710941903,-0.0779254501310006,-0.02514180994712165,0.022164093849738907,0.016311862399821537,0.06278319754424887,-0.0037926282492551987,-0.03208605479055203,-0.01298618727588603,-0.08783848633174933,-0.4530738204300134,-0.2752836326787272,-0.38292424395879815,-0.1391989238591148,,,0.10318975794478849,-0.1410535250812652,-0.116312431594494,0.22050274147888066,0.031927305988998816,-0.02918151322001919,-0.09027851561377587,0.1488169550099494,-0.08872154418304222,-0.05929437456841512,0.5515423929857658,-0.2602358305797172,-0.36750621356645585
cdhw_count_silk,0.3028404338637222,0.5660322374339002,0.11259058438583541,0.0684320821701063,-0.3256777551016043,0.2085866091966152,0.596992840462801,0.7206741040810971,0.7251103850812061,0.5339366457667611,0.3643889491841431,-0.1102593181125472,0.5823478251729383,0.06623912836841994,-0.4236182253404712,-0.2852655181882749,-0.42484459220818943,-0.37247684685684684,-0.3618061875040739,-0.34180113594023515,-0.2715500724937423,-0.2620964357588785,-0.5152044978316578,-0.36917641285830327,-0.34727200548927206,0.5906479343829435,-0.5009267801219862,-0.38374211369178435,0.9153290837250009,0.839378584594235,0.7071584957693059,0.6592467487986738,0.7342212014755833,-0.2357500530908829,-0.22578507262852557,0.3497386021128945,0.3113631658678778,-0.32899353828672756,0.11444107850522622,0.47447908642230285,-0.20389790572812339,-0.3536233387832698,-0.26887565656471435,0.3514092781385124,0.4038908392124813,0.44303228630251884,0.3888873175642893,0.7970485302003412,-0.3655267674004906,0.33732727489062336,0.6716313247596154,-0.4174707092597424,-0.5949738265232151,-0.4952944978494314,1.0,0.8996539616846485,0.728120974126881,0.14401257652852906,0.2672070708819107,0.11663443771790094,0.3275528526994229,0.3607891312179211,-0.11060324657745588,-0.1940673488231262,-0.25813414812104113,0.3379511663841759,0.28629189453506143,0.2789176956375756,0.007003263077353028,-0.0520653012695651,-0.03850012873294329,-0.005083861661289204,0.09032087214306492,0.027278883871692017,0.019557100159046076,0.10146600684985778,-0.10628709476491006,-0.04969796039345629,0.014285428142435544,0.04853499103316544,-0.029929134742496664,0.10464933839925988,0.03290200345775077,0.009376590852707166,-0.03158596050536782,-0.06798716326757204,0.6206276807366374,0.44303228630251884,0.728120974126881,0.2789176956375756,,,-0.03765076317262486,0.24489054610662658,0.0575433505577507,-0.22045698259461075,-0.11844003979047943,-0.007648236072264102,0.11860965943303124,-0.20719740364605183,0.20221826014415276,0.029865810011236754,-0.46837041597743423,0.5947194977547723,0.7020237309965662
cdhw_total_days_silk,0.3136234861234935,0.551256778686951,0.13459251233421632,0.09794986263537973,-0.27883532813447703,0.21767853093729075,0.6309150010749726,0.7845076167461106,0.85534298465568,0.5126589442338592,0.38219608293602875,-0.0835227879489074,0.5632963392226716,0.038588964357583265,-0.37847896094921524,-0.2609978641917017,-0.38296090891059015,-0.3479172826293099,-0.3259144002732462,-0.30993185815154217,-0.24455970862455656,-0.23601254304318986,-0.4712775684189914,-0.350206653627073,-0.30391833723361017,0.5449842875055849,-0.465875329222641,-0.36646296176488385,0.861705230492243,0.9288645858329588,0.7970048112180916,0.8238075968046987,0.8994117494261947,-0.23918789760779016,-0.22143489648038556,0.36126420808779597,0.2601635374822577,-0.3006657971073227,0.08609339323422692,0.44108155897334916,-0.20992567062332088,-0.33728187209776483,-0.2740609065180036,0.31359478752003495,0.35330303998873375,0.3833297127305898,0.3943802732683106,0.8668584702494392,-0.3392539305482209,0.3068610154908994,0.6588860152684167,-0.3718590361791374,-0.5512894213241888,-0.45290355463759135,0.8996539616846485,1.0,0.9170404016678874,0.16011306724965188,0.32062846054554306,0.14077757024529938,0.3341852481700726,0.36279240205338453,-0.08312756339724177,-0.16758269835725914,-0.24207626905163715,0.41624385988739954,0.34584271779182973,0.3434074406354243,0.005264444583843093,-0.043036868833295425,-0.041715448130973665,-0.003908962151379009,0.07213981008373652,0.013125971573401063,-0.017294093482633027,0.11430919946129077,-0.0954550427329536,-0.06645172978337524,0.021748653838802916,0.05981214193673636,-0.060856401255719686,0.12705668310637203,0.061198083593947794,0.0035383042515963804,-0.030176299668476753,-0.06512278876166802,0.5167131622057571,0.3833297127305898,0.9170404016678874,0.3434074406354243,,,-0.029493356684977833,0.2416371282900831,0.06097643322309579,-0.20510881100449707,-0.12167393592121371,-0.0003974180422683405,0.1256237635445822,-0.1938806109005915,0.19614893745194462,-0.014638320162382434,-0.45118843321740937,0.664202967550951,0.9043774567076737
CDHW_Severity_silking,0.25737324018826746,0.4586082280220531,0.11026874911651431,0.09921594714709109,-0.21637989641037486,0.17167208958881386,0.5478237329827544,0.6897794448988949,0.833458211780564,0.4416147103421697,0.3365632057752907,-0.08681878076534175,0.4914318556937659,0.03682654400787394,-0.2963688511473594,-0.21676868066876032,-0.3032497934083436,-0.290205994198462,-0.26026814467360937,-0.2506032175971378,-0.19030310915994908,-0.18706292066645805,-0.38908718068822107,-0.3091289081340524,-0.22910704848959543,0.45600094954646786,-0.3922419613246862,-0.31532385269778046,0.7244077881655657,0.8460876375523846,0.7138327120403719,0.8743215764763791,0.9458372932346139,-0.19590929653311756,-0.17451018978097954,0.3072130798758634,0.18176956146710854,-0.25185712610220046,0.08133051698328185,0.3848700043726808,-0.20415098699258133,-0.300160780677821,-0.2569375334282571,0.2354313246488792,0.26103401447931723,0.28226282715871703,0.3326631170838716,0.7764680252909847,-0.2704861714870344,0.2792567427261575,0.5915189300976275,-0.2913811639617871,-0.4621344912153357,-0.38292424395879815,0.728120974126881,0.9170404016678874,1.0,0.12408637695731095,0.27517441159057304,0.13505652157991646,0.277414526556214,0.30441082525205626,-0.05586276812107874,-0.12191292738041073,-0.20793900579598298,0.4191230426737168,0.32744771982078835,0.32025939192055797,0.004801696799683255,-0.03190901619092063,-0.04201482829179566,0.001599095818708366,0.05042462270129267,0.009247086093242015,-0.024149895909316273,0.09328915460288911,-0.07043763074570585,-0.065391071489409,0.015786820041093406,0.04787233908563892,-0.054250452339404086,0.09440091674897891,0.05668929400011602,-0.001957839467275707,-0.02013079888851013,-0.04688046560662232,0.36300894768243774,0.28226282715871703,1.0,0.32025939192055797,,,-0.015950489392327225,0.22202589074439263,0.05776492985041721,-0.18621204759191787,-0.11408744467861526,0.021078894471337217,0.10836254437465685,-0.17880162256827078,0.1545106508945203,-0.06741193607195835,-0.3975275796189848,0.5811715589697838,0.9974291148277793
prism_tmax_mean_grain,0.937325804286007,0.3470069479808839,0.8869202304542024,0.5658005869286874,0.08938291610173721,0.9438219723322774,0.6254906061727395,0.3881843505729833,0.2940581161062459,0.3663359610965632,0.6909687743979871,0.7676525419466739,0.27124679365916515,-0.44703850538507856,-0.07128303765616144,-0.07128882334626993,-0.03888305647888626,-0.05091445605392237,-0.022762352952350153,-0.011251439560604898,0.000659913829000392,0.027397825728431826,-0.13372518182892532,-0.2049291105384545,-0.04868343564576375,0.11650935562975967,-0.09555499961319762,-0.13391736371500484,0.20600044652048774,0.22707539767601656,0.27281284998136157,0.2006537345742371,0.1685143437772161,-0.8507748574743748,-0.8146739799102767,0.7711127713330235,-0.12709848858743125,-0.08811595091301945,-0.6257105263319668,-0.0003684864992897661,0.0748896702403741,-0.06444737491279026,-0.04533315399330395,-0.06498865191574874,-0.051649250229709336,-0.0628787353371475,0.7601208126998493,0.30179013562557405,-0.24827170784977795,-0.3096790891083158,0.1590552460504424,0.09367506616392095,-0.016842929841121373,0.022871456430525565,0.14401257652852906,0.16011306724965188,0.12408637695731095,1.0,0.4585839426578394,0.458475496220717,0.8861826341243672,0.6623050304660658,-0.3249734964960283,-0.16852533636466968,-0.38656307424920106,0.30934847420865064,0.3042364234650785,0.24073031241183523,-0.08339086887084698,-0.015225062278931776,-0.049232881104655485,-0.06245807207188685,0.27691271164371173,0.03202351934051878,-0.1611468051987021,0.5700706910094518,-0.18770189548843175,-0.5179650574633748,0.06888039073983294,0.24836979389836616,-0.3159999509602765,0.2965541119717911,0.37901504270263847,-0.002340252671810624,-0.05357051025635525,-0.22267857861234183,0.24133267830867428,-0.06287873533714751,0.12408637695731095,0.24073031241183523,,,0.08218748396703637,-0.044633106160959723,0.06089294563064713,0.022049948656896197,-0.004719826634916248,0.01804713642645156,0.026612176169524878,-0.005931686274910859,-0.06274840105651841,0.023959489551766907,-0.24935114301191874,0.4314668155110791,0.13330807728428248
prism_tmax_days_gt35_grain,0.486441263058294,0.5210411556553233,0.3932399403291426,0.20798499162802087,-0.06878225986116857,0.4519821789935484,0.6659381407606473,0.7147298300761319,0.6408426565009919,0.3986767939747813,0.4159898284702499,0.2609353075927306,0.3998445443568678,-0.14396985803048173,-0.20093908572009103,-0.13832446224210232,-0.18045072082861305,-0.1771475669303526,-0.14703559667496147,-0.13904147723559449,-0.13469385465550823,-0.1454569634057502,-0.24662661987044113,-0.2087550754825732,-0.17198235563054254,0.27073502325183707,-0.21850662120993072,-0.19962401353544926,0.455331711793284,0.541986345055026,0.6129279965994038,0.508597163526268,0.4520504722911676,-0.3788437622598194,-0.28892337206540525,0.4202035383638238,0.0137121079191984,-0.10578787658315904,-0.21182631402841695,0.16319061781022362,-0.03191649915099481,-0.13349552847081053,-0.10149348887781652,0.019245061769188467,0.04167337837894401,0.03666397458031152,0.3609438925788332,0.41180462276103996,-0.22691770916291734,0.002092998221452821,0.29835228519391777,-0.07555563328637982,-0.15100671789841105,-0.09991092694031607,0.2672070708819107,0.32062846054554306,0.27517441159057304,0.4585839426578394,1.0,0.1789950376583366,0.5077168578748388,0.554143750242,-0.18484077646492253,-0.218961743083646,-0.2604333817796495,0.6993287534210285,0.7825216608888148,0.7091263934317901,0.050007686707997955,-0.019006759979164196,-0.02061423662594423,0.04005080177001303,0.06699217215105942,-0.07662771137930978,-0.17021918025683722,0.251837012948824,-0.15463196050352676,-0.1853591532086491,0.0841657235512446,0.14093641512666483,-0.2052115583129278,0.26480485201040815,0.19907203021723263,-0.004199539635932383,-0.04510433222045815,-0.07967393630775431,0.41273448149841263,0.03666397458031152,0.27517441159057304,0.7091263934317901,,,0.00013213210470127955,0.010654682035097432,0.0347390518641266,-0.033756243165918826,-0.017519544972197394,0.016846697035151216,0.09522657014744704,-0.125796132614406,0.14213249231369113,0.026078669602364102,-0.29741762524239673,0.7375805095977591,0.28704273944560826
prism_ppt_total_grain,0.5963708569987399,0.24863622620699632,0.6792843075578792,0.44508926736964405,0.5119677513824874,0.649708192888671,0.4077716688403876,0.22125733650805485,0.1776506858737164,0.19442041826470136,0.4373773149738444,0.6463443466208548,0.09973992175909255,-0.30462200873152534,0.313451949732929,0.21083970171354352,0.19511085109307488,0.21403714484181646,0.13601954786266068,0.16104102452949487,0.1357768015443274,0.18160372463437247,0.20978214518116958,0.11018822931719476,0.18453227352208082,-0.139846420375412,0.10971502276046859,0.12925855617287155,0.11238210020753515,0.14030319146033926,0.15681583885177164,0.1476593292599627,0.13389433817309973,-0.6477643310525761,-0.6269936526866614,0.5641927691908981,-0.05710431051013617,-0.03985569986669082,-0.5352922303345408,-0.011415131978241063,0.1423760795193141,-0.007741505567075619,0.06331491335094491,-0.02799818576561485,-0.028311027079264015,-0.029202756854900456,0.6092271052493451,0.21950502036728142,-0.17484637355672247,-0.22470843648107455,0.17253074681055727,0.12166109824672416,-0.017552567090636656,0.06704711608557502,0.11663443771790094,0.14077757024529938,0.13505652157991646,0.458475496220717,0.1789950376583366,1.0,0.5665199899719058,0.10727967879092078,0.25247625430883835,0.5573799500613387,0.20416648257561273,0.0977529878284448,0.10522912807363177,0.09033380239226685,-0.020732020252819755,0.03886092320082643,-0.030724577006972578,-0.011452141039392872,0.26609178570360337,0.2171640993499649,0.024811777506805334,0.4581717705455119,-0.19572572579321826,-0.38040152884266765,-0.013326684979227113,0.21131925038778285,-0.16803879246504455,0.28931323106407847,0.21476411912388943,-0.09645428303723373,0.039279275095913245,-0.29015020686352194,0.09603542614607553,-0.029202756854900456,0.1350565215799165,0.09033380239226685,,,0.044648881097756256,0.06935564389944127,0.07082651912651894,-0.02076745823349117,-0.0028810180240667316,0.042111479513045544,0.021872578850598276,0.09913472023689865,-0.020240108589035813,0.10526197655985577,0.05895635483445381,0.29785344334576697,0.14029506508509396
nldas_et0_total_grain,0.9424836814488021,0.5820845111242946,0.8830098302686882,0.5765102551892445,0.07033185242037251,0.9454678428486077,0.7817607085409084,0.5571168887778609,0.45944026057955445,0.6278271297673422,0.7867253302895482,0.69743518952809,0.5223619338804846,-0.32541874969662465,-0.15379129950441622,-0.1233332783036157,-0.12234303741501805,-0.10372595268934592,-0.10798754388357376,-0.07338615393209916,-0.06015864738175406,-0.028243413298458555,-0.28766320064982875,-0.32137483738449346,-0.17285513774458205,0.2812032893469059,-0.24442406995688543,-0.23344341509351813,0.39526477117398284,0.3963276598452278,0.4210431064161885,0.3392341539703637,0.3238476711191234,-0.9022833380601515,-0.8498594908314383,0.8612846490480888,0.04246876848104483,-0.16653555069690332,-0.5913979784341922,0.21454460423006416,0.058786881155593815,-0.155959201138033,-0.09361324683920844,0.04081572535533718,0.05560129649451508,0.04865738514044155,0.8669174677653364,0.4778279449835318,-0.35433144517563153,-0.1533083670998577,0.4521153358161864,0.046542096536722324,-0.18253395132271455,-0.07927253326369901,0.3275528526994229,0.3341852481700726,0.277414526556214,0.8861826341243672,0.5077168578748388,0.5665199899719058,1.0,0.8370011469250116,-0.3124473447439697,-0.26983923186821795,-0.4695266371463205,0.39793541581007463,0.3669118696177012,0.2946429922158956,-0.05019467922121081,0.012615127459044853,-0.04807745429338059,-0.031971899125044306,0.3849098953277654,0.29154437120985943,0.047044000584162714,0.6122919562218078,-0.343951767221294,-0.5155740899612213,-0.04487588297563738,0.23885276900597588,-0.15014714705235585,0.3220981411358128,0.24671442904051955,-0.11812396110430741,0.008962698636306936,-0.39379120300501264,0.39406669134379996,0.04865738514044152,0.27741452655621396,0.2946429922158956,,,0.010155852410158275,0.012386992863106489,0.1038663066617218,-0.006889142615709414,-0.01595118794734312,0.021634878711794092,0.09746237031875989,-0.09111166944311506,0.0034355162653713868,0.04543611964776686,-0.4049353073088011,0.5740351404367383,0.28116470490955214
nldas_vpd_mean_grain,0.6813641555192059,0.5377182226222882,0.5303473800886058,0.28325144687616005,-0.25362209389706697,0.6401457952258436,0.6480531034901358,0.5529809213690325,0.48453280464560233,0.8149324779102,0.6886162030525669,0.17727091491815172,0.7838511383711342,0.03303358279870786,-0.35818496778387954,-0.2261976577829891,-0.29641877233078673,-0.2868818520457908,-0.23726009773051612,-0.20947010722309,-0.17953996443892364,-0.1758404146445474,-0.5468773882370757,-0.4849524886539204,-0.34489445475001784,0.5083798814799227,-0.46385798714908616,-0.4363178895181261,0.46873010949183924,0.4592250020260286,0.4845846290673457,0.3910996100889156,0.3741142827207388,-0.6038415843390393,-0.5287626956163995,0.576876485354012,0.04816515943909912,-0.20421513840888383,-0.08608894830563704,0.4475043622947225,-0.03144578123827121,-0.23803170350872593,-0.17729803755591084,0.05181156964203405,0.05855060464929384,0.041829545168996625,0.5824607476098949,0.4399142325398487,-0.37629091769465906,0.2892753008909641,0.6149304242097487,-0.12987451321252844,-0.36758953175284736,-0.3036160045322211,0.3607891312179211,0.36279240205338453,0.30441082525205626,0.6623050304660658,0.554143750242,0.10727967879092078,0.8370011469250116,1.0,-0.35238800796764924,-0.5490287395407272,-0.609786466471716,0.5142563603725334,0.47358270744080444,0.38625933677502927,0.04679074541645536,0.01668746498507564,-0.013598537603269694,0.04731554545041621,0.24418166971258834,0.026292455588084254,-0.023110636458420757,0.3286878911960112,-0.2761779229560522,-0.22602681715637055,0.018029100304520075,0.0906181210016409,-0.09801356235129731,0.20837125651536167,0.12257232668616211,0.04818282753922599,-0.10457972038338884,-0.1541326061693314,0.470867782349797,0.04182954516899662,0.3044108252520562,0.38625933677502927,,,-0.03478811108334265,-0.012762223427736889,0.06097380979699654,-0.052730843746658256,-0.03591447754145374,0.07772194062303618,0.07258854604128827,-0.2327077187606316,0.022433328547019255,-0.06663035473476009,-0.5496397862960941,0.5342119909946766,0.30800412746916883
spi1_prism_min_grain,-0.2962561112123438,-0.1687589955962026,-0.17670852098552758,-0.1765139954889324,0.29400759913652835,-0.2506264004010889,-0.2065914547614398,-0.1751601463054172,-0.13971156107115446,-0.17723027417852796,-0.23950723806208682,-0.10768970646755792,-0.15807370609517396,0.1301482365914547,0.4036722690137628,0.5764691017592701,0.23380454200770165,0.2638502802149811,0.16143594418277654,0.15695212069259612,0.1284655243392929,0.12388480797733661,0.34981230323181567,0.4649922370758145,0.16834701874756078,-0.33762509212107744,0.21288688677548964,0.2582024504491987,-0.15618286771827106,-0.13615341503827075,-0.14869706646972783,-0.10679770072097752,-0.09976888013766091,0.2237895737448715,0.2507848350999108,-0.23114196187619074,-0.008492259442451418,0.06016386781981963,0.16032785676377584,-0.004209268814337332,0.05366779995390373,0.06521016570835861,0.08422929550360349,-0.0030481696836544463,-0.019854425306517858,-0.024431495436804517,-0.2451079480615098,-0.1351889361759075,0.2275498727755246,0.058091225157978335,-0.0948266936392215,0.08776480344600117,0.0683400184704679,0.09693481825188115,-0.11060324657745588,-0.08312756339724177,-0.05586276812107874,-0.3249734964960283,-0.18484077646492253,0.25247625430883835,-0.3124473447439697,-0.35238800796764924,1.0,0.6415198806730612,0.8300681079748378,-0.1986786525322179,-0.18717797550559748,-0.1619058127996471,0.05784626012977208,0.015510346890701306,0.034825773379495,0.04473025058521814,-0.06316358502650726,-0.018716659944589466,0.04203462622870246,-0.16360455181068648,0.02353942627759246,0.14053763259902088,-0.040680383707677244,-0.0859255682585761,0.10768973027956975,-0.0919021984766716,-0.12014533239583924,0.009271119004697268,-0.0001790984537372665,0.06309593212146399,-0.17881311114556844,-0.02443149543680451,-0.05586276812107875,-0.1619058127996471,,,-0.03996352893147903,0.07975678097103028,0.08599886284123082,-0.006542322381291789,0.022033779150626254,0.05633391609178532,-0.1237674093029742,0.12255309006639592,-0.03353168572292481,-0.02701401216158848,0.45841230175469644,-0.15629716876298816,-0.055546312191386366
spei30_prism_nldas_mean_grain,-0.16543525058401612,-0.22814797127967956,0.005728603125731222,-0.014585885881564542,0.5659026888109963,-0.0914205791431542,-0.21083328795713163,-0.23234322460623014,-0.206585781234952,-0.37397733487190987,-0.25328097104442604,0.19068085645942254,-0.39205950496416764,-0.06775154614288825,0.6121203386807363,0.4298820783180478,0.42851350100943825,0.4448333160883354,0.3042760881752047,0.2947369902931182,0.2505444007535443,0.2590208553995718,0.6451354448876763,0.5406682371637784,0.4192236693058077,-0.5530275963280334,0.46263574372475763,0.4947516447132935,-0.26918270308571746,-0.23067162310703015,-0.23260758611105584,-0.16572170445598314,-0.16863210611022417,0.05349495004897496,0.06918530731302996,-0.09989494345673226,-0.07732703598022488,0.10868483522905566,-0.09911661786252039,-0.1648224479676447,0.11835216085375148,0.14564265984606165,0.17834495717314525,-0.07931703379153404,-0.08570934826928393,-0.07695151326853363,-0.13217932151240766,-0.18078841566463377,0.35986492670422376,-0.22418689430736946,-0.2882987461494073,0.20867158660817722,0.2887681187116203,0.3056857097418241,-0.1940673488231262,-0.16758269835725914,-0.12191292738041073,-0.16852533636466968,-0.218961743083646,0.5573799500613387,-0.26983923186821795,-0.5490287395407272,0.6415198806730612,1.0,0.7755215521181403,-0.28668174484361564,-0.2439129013492047,-0.1891008877302338,0.005457404465292187,-0.012828280046288236,0.02060650235775025,0.014897343792091771,0.02021075932463388,0.018378200328714508,0.02303653483362716,0.0012039012065807593,-0.036837519246700055,0.006056443372701577,-0.014618851764459179,-0.010516855949874865,0.03047101932126692,-0.01471109391467671,-0.028753902857441952,0.00682642952765601,-0.0065073090916649545,-0.004261861157497412,-0.2811920532064393,-0.07695151326853364,-0.12191292738041073,-0.1891008877302338,,,0.0701878969818931,0.012723301928490553,-0.01277642771504096,0.04420102841379794,0.016448260359159125,-0.010471145413150853,-0.11290412377918416,0.23041896978300883,-0.022146170143273764,0.06698235895233175,0.5413332155203596,-0.16727735560547935,-0.11726220700567341
spei30_prism_nldas_min_grain,-0.38086101413089013,-0.2740334416417879,-0.23529227803486816,-0.18316258117600082,0.38624867048640404,-0.3265749081160824,-0.3309971907067155,-0.3024207273969532,-0.27880044746566834,-0.4570114364894947,-0.45888974462758053,-0.030103221099400602,-0.4370756399573574,0.02296175759705492,0.4777963490011462,0.4972989601656125,0.32241012098843463,0.32824184050124117,0.23627622511860613,0.21430353161660595,0.16206181747072376,0.15285620654802728,0.5636938395338598,0.6729269067160336,0.28935684578399073,-0.5281916926086649,0.4119189105285701,0.43759600282296246,-0.313370165836369,-0.2911217441248314,-0.2957931668940703,-0.2490816222498657,-0.2458232447591318,0.2947737558802813,0.3024945346777685,-0.30874405220776274,-0.04423266991355188,0.168513722785313,0.05611712152223226,-0.18508095139560168,0.07931586142987429,0.18536501733433244,0.1679585542610548,-0.051674850228251676,-0.05895231439145932,-0.05729823297378997,-0.33485513140099854,-0.26245717859133444,0.3260256424237692,-0.16979580493917232,-0.35392751336379097,0.16454136148697415,0.27868304634507657,0.3043543013947833,-0.25813414812104113,-0.24207626905163715,-0.20793900579598298,-0.38656307424920106,-0.2604333817796495,0.20416648257561273,-0.4695266371463205,-0.609786466471716,0.8300681079748378,0.7755215521181403,1.0,-0.3012209885525082,-0.2678241488664007,-0.22141404326843214,0.008820175643086159,-0.05055620523469208,0.03077434872846946,0.014319530462161745,-0.05417442475089562,0.009485590524035109,0.06534036868489179,-0.1750007278362891,0.0002652146932740957,0.14427962885257417,-0.060047193523023595,-0.1068972715973238,0.13167010720788883,-0.10372702675273027,-0.14428371775676063,-0.0045370955895569975,0.005784230148351651,0.05123739691647541,-0.31577002454745695,-0.05729823297378997,-0.207939005795983,-0.22141404326843214,,,-0.014053088990224746,0.021746165728770046,0.0028032057925904195,0.056796439233310715,0.027329432606631,0.006577122586293574,-0.12195162339157627,0.20561240573649647,-0.002014594992401168,-0.00605299287165569,0.674182930917953,-0.26829434381079437,-0.2063069350944631
cdhw_count_grain,0.34600213594376567,0.43148030131546816,0.25951852746478826,0.13508306591392746,-0.14904353601907794,0.3062530816783589,0.5272509920311965,0.593845000221431,0.5958342368629802,0.41296703203176977,0.3260756077999177,0.0899621669994425,0.4424215639747709,-0.026623477739714827,-0.2547972455245568,-0.1551470510961045,-0.2364357793380876,-0.2258280099892929,-0.1808516966030432,-0.1846849743398091,-0.14455964117312478,-0.1557291799449166,-0.3284636565484516,-0.25160308329351183,-0.20727848332896753,0.376153177130704,-0.29922193146643267,-0.28061199166317313,0.62512774720197,0.6457399808835764,0.610624944176009,0.5497334103770475,0.5641802275918824,-0.27536298855498315,-0.20473167443405074,0.30227586613643065,0.004429693807752768,-0.11750616883078518,-0.0904466014699805,0.21831541227740342,-0.05408026667218011,-0.15438537104812805,-0.12118879068712336,0.01632097616212982,0.027676680888505462,0.031049147115229846,0.28270373452421993,0.42292708618263763,-0.2724740036478295,0.1404145854244889,0.3913802046863839,-0.1363189940562113,-0.25834226064421906,-0.20503760576137056,0.3379511663841759,0.41624385988739954,0.4191230426737168,0.30934847420865064,0.6993287534210285,0.0977529878284448,0.39793541581007463,0.5142563603725334,-0.1986786525322179,-0.28668174484361564,-0.3012209885525082,1.0,0.8741593047310755,0.6985814095869342,0.05075948377855369,-0.0095180008904969,-0.014228034537118269,0.04055226719420167,0.08142679801725873,-0.005692873219752215,-0.05992786819380606,0.16977495400410755,-0.1177590388697493,-0.13792635676000162,0.02989416636370464,0.07860685300448524,-0.09762909677638756,0.1447999155813892,0.1050874687924372,-0.005646823166677177,-0.03399834197146578,-0.06422086479508153,0.4738775294145915,0.031049147115229846,0.4191230426737167,0.6985814095869342,,,0.0378968157765621,0.059176840854041436,0.07621974790263478,-0.1091704343345133,-0.04867929842632586,0.12663311823485843,0.04088525966131549,-0.10532352103778313,0.12123152489776615,-0.0325219799621323,-0.3262620798667209,0.5591402135338113,0.43182859934140466
cdhw_total_days_grain,0.3274587828596705,0.40948303967954197,0.255118550782458,0.11851802220741732,-0.11887191321338515,0.294643849475224,0.4961876864056922,0.5774323062425525,0.5889009955527514,0.3635158958825177,0.3097380478052585,0.10289249640467595,0.3884757825579828,-0.04072621137858584,-0.22554121416224263,-0.14108360569100614,-0.21592076173851812,-0.19581852837557223,-0.16570534777740686,-0.16552075526433294,-0.13014643812938986,-0.13613406119356217,-0.2827551748258015,-0.21921682045993435,-0.18101426909599871,0.32330065213711023,-0.26467002216551716,-0.2435737533093626,0.5347665233496603,0.6421114221375366,0.6831039112254891,0.5963912685354691,0.5574651928903926,-0.2543041061630908,-0.1848075803148661,0.2740487208538494,0.007556294897015864,-0.1042289092617815,-0.09612978863799182,0.18215404800048435,-0.045392189628640445,-0.14306249522033898,-0.10940018265618327,0.011011815811368546,0.03363758693781374,0.044077135224322085,0.250815390763112,0.34875773531475784,-0.23790485621997992,0.10537833859632526,0.32558932604841556,-0.12186901722585684,-0.20585045031036622,-0.16674448821815419,0.28629189453506143,0.34584271779182973,0.32744771982078835,0.3042364234650785,0.7825216608888148,0.10522912807363177,0.3669118696177012,0.47358270744080444,-0.18717797550559748,-0.2439129013492047,-0.2678241488664007,0.8741593047310755,1.0,0.9052077029342647,0.06134567000122468,-0.0074008643600040275,-0.008827204533390164,0.04463964034274198,0.05152117761843643,-0.03673812939122457,-0.0947684390921576,0.1600041025348411,-0.10346740056076593,-0.11140027126889983,0.04794534617977183,0.08591606243796757,-0.11902342280445025,0.1654031280960646,0.11841149945355685,0.0003835114693156442,-0.036462493318362106,-0.05500607305853075,0.4125203216527145,0.044077135224322085,0.32744771982078835,0.9052077029342647,,,0.037237783008372986,0.04704855314837228,0.05952038730531238,-0.09192863643335253,-0.019902179140571276,0.10473962808345763,0.027445993163506578,-0.07272059576074225,0.10701469779394786,-0.006940081635564331,-0.29082955244045045,0.554283540905532,0.3393528533933839
CDHW_Severity_grainfill,0.2642728184309959,0.36675725535586157,0.19708404992731215,0.07834974308527398,-0.10497528010292534,0.23015132739075767,0.43285562828868634,0.5318103580064999,0.5960214894420784,0.3140021375069487,0.25634632502559707,0.06031675578644049,0.3379883563755113,-0.012336656887758245,-0.1979197992768552,-0.13288626296480063,-0.19383444752821583,-0.16912339867324672,-0.1587859570261616,-0.15562467564742657,-0.13110462732661265,-0.12794453400276468,-0.2415203359937064,-0.18739381524666096,-0.15170951980893585,0.2795201910671592,-0.23375190080209696,-0.20551209123173933,0.45960998141292314,0.6087391587851384,0.6524712150928944,0.6444930650740702,0.5866296264313617,-0.19679926588919533,-0.1475841512575003,0.22146730875486723,0.02966830959139312,-0.09794478047815106,-0.051788841911013836,0.1770115739313512,-0.05897658738571829,-0.14130977338015863,-0.11354842390281711,0.030268753692411988,0.06269793051271434,0.08140955908907146,0.2098178441301093,0.32323346718136164,-0.1982730636273169,0.10567400666361984,0.2948121695586988,-0.11044921478290243,-0.1762900527290503,-0.1391989238591148,0.2789176956375756,0.3434074406354243,0.32025939192055797,0.24073031241183523,0.7091263934317901,0.09033380239226685,0.2946429922158956,0.38625933677502927,-0.1619058127996471,-0.1891008877302338,-0.22141404326843214,0.6985814095869342,0.9052077029342647,1.0,0.06233640272795554,-0.004386368564485096,-0.001166946151084502,0.04419486255668145,0.03956952453969064,-0.036727436563459004,-0.07991346140317357,0.12688381931201032,-0.08354208181235495,-0.06065951599475648,0.04811130906139283,0.0739597743668839,-0.10721974718042429,0.16081251653134285,0.09506568264173484,0.009839383167875,-0.03171913898032619,-0.04472394340595761,0.31434426216268413,0.08140955908907148,0.32025939192055797,1.0,,,0.030642646542085882,0.07467503901561398,0.04489263675775536,-0.07729877579288082,-0.005731220210691472,0.06248530607658994,0.032843360993451316,-0.05955632268085652,0.08372261960690607,0.008068022829256637,-0.2536421488268765,0.5073805631494801,0.3312656165859305
noaa_hail_count_gs,-0.10001305019339084,0.00996471919748038,-0.05710285992267202,0.003288437110550268,0.07831748746721424,-0.08754166247095341,-0.03317216599437232,0.02179824325833411,0.024499237343512854,0.11101606342080989,0.027327088552287052,-0.12440438089517142,0.10211793874413506,0.2085099455162562,0.10096835530585942,0.05469189509645588,0.10616668252627022,0.049838968786915204,0.11254005361731712,0.06870566749755287,0.05228762976777593,0.049368687124467715,0.03535839060620403,0.018509404094945236,0.03942911929577118,-0.013343351768209675,0.045462680894405236,0.011807803536487114,0.006803621674154171,0.013035536095813902,0.026930864507065947,0.02835790965423925,0.012814593133952279,0.09440300305574993,0.07705719906769311,-0.10931013761594525,-0.06925553539720097,0.1361389993245886,0.16687769634067354,0.07239959721509186,0.09019111981165982,0.08967380918024698,0.05288582752477819,-0.08714778435610288,-0.092711963409637,-0.08307861057452846,-0.06952763398828953,0.015962923567934318,-0.0031449704451419528,0.1722936813798218,0.11236962786437868,-0.01092564705089367,-0.04136206112630531,-0.0340200181953163,0.007003263077353028,0.005264444583843093,0.004801696799683255,-0.08339086887084698,0.050007686707997955,-0.020732020252819755,-0.05019467922121081,0.04679074541645536,0.05784626012977208,0.005457404465292187,0.008820175643086159,0.05075948377855369,0.06134567000122468,0.06233640272795554,1.0,0.4187341522322601,0.20006352447062564,0.6012887385328134,-0.07956603429916212,-0.108789399754924,-0.045400290945248896,-0.08693032466343101,-0.031207049718717243,0.14941995956329596,0.05184935293173503,-0.04211499051975073,-0.058721684356325105,0.022564749283516202,-0.0729911871711509,0.06288541619167616,0.15961867428113927,0.0943794239074466,0.01484258313988192,-0.08307861057452846,0.004801696799683252,0.06233640272795555,,,-0.0278180562489906,-0.0229482427100994,-0.00016770954096039954,-0.025789795045819814,-0.0517575221954012,-0.03315991811039743,-0.05379675952451138,-0.04474536181838306,-0.03265236744876897,0.04412239103689195,0.01559321328087338,0.056646952146246037,0.00804998219817441
noaa_thunderstorm_wind_count_gs,-0.030941483432722475,-0.08864367370108915,0.054228095481616,0.10086791491603508,0.1291506139181235,0.001969706731557747,-0.07597290139233001,-0.06340167241284231,-0.05246886977047885,0.020546155444320747,0.10365965997442127,0.016610444563648127,-0.013144516203809737,0.07257418042667317,0.1528892149106677,0.0709669089762525,0.1741019245760531,0.12170572147683924,0.17925384000618955,0.15289409125376832,0.1507849961730747,0.1431898368866339,0.06377124645645821,-0.017238714152335192,0.08978755764980496,-0.026928339378924908,0.09227275129753686,0.03181991574172418,-0.057307847074001994,-0.048754077998102746,-0.04437675570228402,-0.03009449374924705,-0.03841268666773089,0.013826610948069301,-0.025845492123042754,-0.0648128681050985,-0.07351204706204185,0.12179117071524438,0.01202867445115987,-0.056373746656988216,0.10542833228359756,0.09221902220950368,0.054931786278153975,-0.08311420128372334,-0.09118471454431673,-0.08621304250179608,-0.008753190685572287,-0.06279870038379298,0.04618847784504171,0.0047681212272431385,-0.00825745996777765,0.09255566334146241,0.04965615111320934,0.024974630988499436,-0.0520653012695651,-0.043036868833295425,-0.03190901619092063,-0.015225062278931776,-0.019006759979164196,0.03886092320082643,0.012615127459044853,0.01668746498507564,0.015510346890701306,-0.012828280046288236,-0.05055620523469208,-0.0095180008904969,-0.0074008643600040275,-0.004386368564485096,0.4187341522322601,1.0,0.19386539034422556,0.24386568229184372,-0.09492941588515316,0.007854287315239458,-0.03185766040715662,-0.012222367965330674,0.06895536860518744,0.010428425254125916,0.017086206142844725,-0.0390744623067058,-0.07412212313833151,-0.05041249152134606,-0.04703197411343135,0.003344781714895193,0.28322700578588633,0.06253751565356591,-0.05539113185925435,-0.0862130425017961,-0.03190901619092063,-0.004386368564485096,,,0.016259225690454886,-0.0638949101736875,-0.0030876929001801873,-0.0003280058578123471,-0.06223855038824576,-0.0044829734119974105,0.037188378173161875,-0.006142397763997456,-0.09383308997593791,0.021027257273294988,0.0016270465549361743,-0.03716051825201139,-0.028345462456770408
noaa_tornado_count_gs,-0.062002043160154625,-0.03205640669633857,-0.04116895116986735,-0.024811808327905537,0.05952594743196793,-0.054627690661815435,-0.05981881292239806,-0.0397555229833186,-0.0390404837974104,0.022287204499691397,-0.021659589160465335,-0.04962797276162789,0.01002617387219114,0.09546121340546875,0.08412237805322006,0.0395017579229125,0.08540795502963573,0.06077948353792614,0.07979462841023462,0.0540319519481387,0.0449326653872425,0.03114248683876118,0.06606056031370112,0.048553988192950724,0.06077154857219395,-0.05589234365478071,0.067139203855137,0.05621514723172226,-0.04157716330709767,-0.04040724829166849,-0.042620877747504705,-0.038806870084698034,-0.038174683089702226,0.05451989485295303,0.05611954664048333,-0.07002807047349434,-0.008788494775056565,0.09309646042784143,0.08888107292524487,0.044124762072415794,0.04896776029364618,0.06842559325108559,0.04936797723165725,-0.0403892286995018,-0.03949334866972085,-0.029749253195371084,-0.05634278201782015,-0.042254219568101645,0.031986707158224964,0.05728957489726117,-0.0070499031770262215,0.033799444771755095,0.044213101286778966,0.041031791161241324,-0.03850012873294329,-0.041715448130973665,-0.04201482829179566,-0.049232881104655485,-0.02061423662594423,-0.030724577006972578,-0.04807745429338059,-0.013598537603269694,0.034825773379495,0.02060650235775025,0.03077434872846946,-0.014228034537118269,-0.008827204533390164,-0.001166946151084502,0.20006352447062564,0.19386539034422556,1.0,0.17568901394470782,-0.016673394340686227,0.008435517711363697,0.03526683777773562,-0.04013314039865943,-0.0583878283080592,0.03994465992864358,-0.03273792643387225,-0.08427379264281326,0.09174196231325213,-0.05905356164570288,-0.10166748484009876,-0.011347014314280349,0.010033950157772208,0.0017920760150821268,-0.04209054923815476,-0.02974925319537107,-0.042014828291795675,-0.0011669461510844974,,,0.017719499326284242,-0.02858695699389099,-0.023373136337754237,0.024544935632465976,-0.04159912983589982,-0.015527940976217338,-0.000390431471456006,-0.012181158519928108,-0.04021202409549091,0.020105780370591193,0.05277823526109839,-0.021803914777247788,-0.04048013448894703
noaa_max_hail_size_gs,-0.06597429438504814,0.02265312039718967,-0.043807132974496996,-0.0012422822448978472,0.07901494603633369,-0.061110762207891585,-0.022969981356519478,0.01355567950069816,0.014225393775669361,0.1102947462049044,0.020717931268350004,-0.09660263624792001,0.09939385236888362,0.1784894875267791,0.08862546048339269,0.036784167542454504,0.09064733297723118,0.038717411500453505,0.09110620378121354,0.049686748918012086,0.03988544437679498,0.039431266850970155,0.04193730613899499,0.02649998042175585,0.045673872051357464,-0.021037164949154606,0.04549444921844944,0.014175297367691339,-0.005061399944869299,-8.100736456711836e-05,0.01268448484563206,0.019096954336036434,0.00314204263850238,0.05808960327795455,0.07028497456757754,-0.07221106107566692,-0.058328194698974475,0.12078596548808289,0.13634760415018657,0.08490240257426127,0.06194870475363858,0.07800675253243308,0.04132614385184114,-0.08547398416110302,-0.09239002039738192,-0.09324696639077855,-0.05291573085962935,0.00785271403984132,0.008138385643491721,0.16409729825444025,0.0961437730637602,0.0038866291294134656,-0.018998992094436576,0.002361066024758847,-0.005083861661289204,-0.003908962151379009,0.001599095818708366,-0.06245807207188685,0.04005080177001303,-0.011452141039392872,-0.031971899125044306,0.04731554545041621,0.04473025058521814,0.014897343792091771,0.014319530462161745,0.04055226719420167,0.04463964034274198,0.04419486255668145,0.6012887385328134,0.24386568229184372,0.17568901394470782,1.0,-0.03704746740463747,-0.08049676244723089,-0.024784079159756355,-0.06356691305622067,-0.06630197734281715,0.13869590528141526,0.02361042182947622,-0.04611185168710495,-0.007487579788216911,0.037304609401605515,-0.07562616260186807,0.04558027501881369,0.05697559447663876,0.049934921786072756,0.007270202226761907,-0.09324696639077856,0.0015990958187083674,0.044194862556681466,,,-0.005876965291317258,-0.018335118108959363,-0.010861194341593109,0.003677316131948681,-0.05562186561838625,-0.0420899207109793,-0.03078107949455455,-0.036562316733921456,-0.075990846282022,0.005697261597056416,0.02144724108536913,0.0492493764505957,0.006189164899040168
soil_awc,0.3552052414679307,0.20404292678625638,0.3300848791783146,0.19502817718047963,0.12019834615789793,0.35347774246517066,0.20918536055428993,0.11802254115377857,0.08787692100499934,0.23656593041026408,0.19777236291387154,0.27908784656159563,0.18747396587787518,-0.08604786299790901,-0.0021248626546011944,0.03308148717094302,-0.003884074049374345,0.04942727701878111,-0.011245821758781317,0.03899409508251639,-0.017491190278220114,0.016535123378684204,-0.002856507868739742,0.02300386737654217,-0.05218481360663709,-0.009318741947924437,-0.007791381066239372,0.0662257620125649,0.0901641303283807,0.07215107079680587,0.06669262973727097,0.04923057358595054,0.05284264797404567,-0.35383497646140116,-0.4102657156586782,0.3188551917712777,0.01121485853389686,0.015833731859655635,-0.2240566296645101,0.10748250524335917,0.05650112868385667,-0.017819074707309843,0.0525083076810882,-0.02294803660162335,-0.0070090362630941,-0.0034762832859768075,0.37633968744430923,0.1251130141523109,-0.11799959166576746,-0.07353582912688661,0.1957547531193845,0.0938317402282509,0.0127147305565602,0.11932066186464335,0.09032087214306492,0.07213981008373652,0.05042462270129267,0.27691271164371173,0.06699217215105942,0.26609178570360337,0.3849098953277654,0.24418166971258834,-0.06316358502650726,0.02021075932463388,-0.05417442475089562,0.08142679801725873,0.05152117761843643,0.03956952453969064,-0.07956603429916212,-0.09492941588515316,-0.016673394340686227,-0.03704746740463747,1.0,0.3667133907854301,0.604795415657271,0.6255915288611261,-0.35427432609415727,-0.1603722459068065,0.02149481489037344,0.19485594895319924,0.136289520838475,0.20044205294450634,-0.011186972135409267,-0.06228988161147337,-0.16175518280090592,-0.4237564012239561,0.08894485338397251,-0.00347628328597682,0.05042462270129265,0.039569524539690634,,,-4.555418200234372e-18,1.7295231914118328e-18,-8.935271302872386e-18,-6.43003985242788e-18,7.490305674910297e-18,-2.2505382867137425e-17,8.750490630282923e-17,1.690491356532617e-17,-3.14884012791196e-17,-6.65671238322212e-18,-0.015500978689233969,0.11573100854065922,0.04931191930941904
soil_bulk_density,0.2919155556316752,0.11213463026403321,0.34534507040565154,0.282901697092382,0.07329597331160365,0.2995985171258896,0.05217978837714414,-0.024872993916700673,-0.02527295577901503,0.11016852048660195,0.12600323226596183,0.2611647723974875,0.0504537603264756,-0.060536403383852015,0.004443488238060363,0.017942463895283933,0.004780950986072986,0.05600768234447088,0.0004240057153174316,0.02986022480815044,-0.014139868932032333,-0.004540362312819053,0.0005126248325876166,0.02604675613046669,-0.02838471597836991,-0.021003606947007432,-0.003048713515407724,0.061732791610320775,0.02246912115086933,-0.0010938119153301804,-0.017044855857213534,-0.01589897832557381,-0.0007621279603411433,-0.35821514129018944,-0.4081699483529175,0.23756578751172844,0.04007324873443036,-0.024167433195882677,-0.25308163234593206,0.05358906847371372,0.03230469091231132,-0.012580194976566095,0.04185484649928306,0.014291087634609711,0.02023398208679112,0.02637373623733847,0.4217278082514148,0.002035584257951969,-0.0953417068296,-0.11688448877483856,0.06560037083520127,0.07555557896304683,0.009336145888819996,0.0940924903494491,0.027278883871692017,0.013125971573401063,0.009247086093242015,0.03202351934051878,-0.07662771137930978,0.2171640993499649,0.29154437120985943,0.026292455588084254,-0.018716659944589466,0.018378200328714508,0.009485590524035109,-0.005692873219752215,-0.03673812939122457,-0.036727436563459004,-0.108789399754924,0.007854287315239458,0.008435517711363697,-0.08049676244723089,0.3667133907854301,1.0,0.5476995951996485,0.2566396775133208,-0.49339167009223955,-0.3201717622392308,-0.5040575475302311,-0.29114637830875495,0.5997526781185047,-0.2073646616914765,-0.43992948296972495,-0.328832760154741,0.07042162808294697,-0.5712600758563373,0.02111826606927371,0.026373736237338487,0.00924708609324199,-0.03672743656345903,,,8.267354252540179e-18,-5.508805625845469e-18,-1.2355021448665698e-17,-2.7329985746617347e-17,-4.978857390281173e-17,-4.1533751343329193e-17,2.21768913255046e-16,-2.1865933699553378e-17,-2.2407222415080114e-17,-4.765285092347096e-17,0.004288500549777,-0.05075672566615565,0.004670962567277564
soil_clay,0.00764893271448005,0.03800649959261678,0.018282235054578967,-0.018929494980300395,-0.011936381143751807,0.00683173380559069,-0.08535808994494487,-0.09258351476394718,-0.08115200893526321,0.13063607721218748,-0.07751461695493746,-0.06564899984454058,0.12113866088528981,0.14538886860760264,-0.008582836515048207,0.027664343317280005,-0.019464129589978323,0.03339379350681035,-0.01909043643777144,0.025685668455982982,-0.024395001881953652,0.0014650458400455896,-0.010660192228499761,0.06452157367884034,-0.0541171799393765,0.004547111225561274,-0.022347276878071243,0.05913622491908748,0.0020156185543620695,-0.04212286036698587,-0.08202835778769392,-0.0648913374846534,-0.038409300532569315,-0.056637855930821865,-0.15497876666091442,-0.005523738907059377,0.09908511023284305,-0.014048800797445868,0.08673769651483362,0.20520848091556193,-0.008882904642075314,-0.03128781012772996,0.03130267327269601,0.035846191085953855,0.04401566459642682,0.04974316835720076,0.1421718875551677,-0.050755157325490685,-0.03739776964680038,0.09060898922349193,0.14238719844106074,0.04046582922779473,-0.015047476200956764,0.06274269011015417,0.019557100159046076,-0.017294093482633027,-0.024149895909316273,-0.1611468051987021,-0.17021918025683722,0.024811777506805334,0.047044000584162714,-0.023110636458420757,0.04203462622870246,0.02303653483362716,0.06534036868489179,-0.05992786819380606,-0.0947684390921576,-0.07991346140317357,-0.045400290945248896,-0.03185766040715662,0.03526683777773562,-0.024784079159756355,0.604795415657271,0.5476995951996485,1.0,0.16136825264787016,-0.28475220112058647,0.016964094863750896,-0.2692776714144622,-0.14588878781874018,0.4972560266157756,-0.07788023164443204,-0.442629549780155,-0.14201138183337586,-0.049589706166516145,-0.3570759644188616,-0.01800826217544931,0.04974316835720074,-0.024149895909316273,-0.07991346140317357,,,-5.480590591660827e-19,-2.6508538661855867e-18,3.8484012411643104e-21,-1.317433147899079e-17,-1.5121813663295926e-18,-1.4025184274434454e-17,5.759145167293457e-17,-4.436769135069799e-18,-8.569341655242535e-18,-1.3492672658106958e-17,0.0539427191961784,-0.13144914478256398,-0.03145565932466435
soil_silt,0.64319491817775,0.2547359815452462,0.6341269077534541,0.48037492018279465,0.2147466652182425,0.6460787608836513,0.40764456111361574,0.24521410992847262,0.18867582804329314,0.19266528345373068,0.4385867035075801,0.6153992408295835,0.11127128093644403,-0.3825899444956343,0.01913849950999889,0.014699198252070621,0.03223746939330564,0.07242528730824162,0.019882386774915245,0.0661644528376304,0.008831688315866285,0.04682476873539723,0.015309367407804612,-0.05041975721475105,-0.015167070014025867,-0.027304826313433648,0.023267712019844768,0.03590415093484823,0.11913644861192058,0.1387932303487588,0.16754755363144036,0.12802762071028984,0.1096123688243999,-0.609670009214734,-0.5924079630629202,0.5746575940339921,-0.08815488977965087,0.017318154037555877,-0.5818417830452858,-0.11869158668678129,0.10925424082043568,0.015667684132716075,0.053985861518770904,-0.06687187903192132,-0.04571153561062222,-0.04635428429319326,0.5875699876984967,0.2163501416935107,-0.17261845060561665,-0.2759606388287906,0.12855965394367697,0.1226737062600851,0.041856170529857815,0.12536498706203336,0.10146600684985778,0.11430919946129077,0.09328915460288911,0.5700706910094518,0.251837012948824,0.4581717705455119,0.6122919562218078,0.3286878911960112,-0.16360455181068648,0.0012039012065807593,-0.1750007278362891,0.16977495400410755,0.1600041025348411,0.12688381931201032,-0.08693032466343101,-0.012222367965330674,-0.04013314039865943,-0.06356691305622067,0.6255915288611261,0.2566396775133208,0.16136825264787016,1.0,-0.23832341385843953,-0.3907292200740476,0.1848477996042822,0.4013109419168155,-0.20236740826317579,0.34420319465298477,0.35022183427840387,-0.12927412969827082,-0.05331447751487459,-0.45208689171307676,0.1317874989912457,-0.04635428429319326,0.0932891546028891,0.1268838193120103,,,4.102442952311585e-18,7.734789138166838e-19,2.3358401921275346e-18,8.672996793363676e-18,-3.495929368384626e-17,-2.0595197293795882e-17,8.672711149920856e-17,1.4954001460143327e-17,-1.0304158165366664e-17,-2.725070652595409e-17,-0.09187113037127662,0.27352320823637855,0.09873890000403315
soil_organic_carbon,-0.2731941639873994,-0.3223554322059629,-0.2867562261671897,-0.11084461659468654,-0.08211565361663925,-0.29232073020602606,-0.28228370024598626,-0.20313526064430854,-0.14712391782632583,-0.36634119699167317,-0.1956906648615157,-0.16512785602593777,-0.30165786866359046,-0.21348833319465593,0.013689461370364883,-0.008087492747511917,0.02434743459317984,-0.005378849831665321,0.03177684393601741,0.02036226272510192,0.030821791763932602,0.042186649839464296,0.006979121419731835,-0.054815337965991855,0.0359725623401206,0.004289249090930961,0.018714572842169444,-0.06184499476611721,-0.12116496634096176,-0.11130871997616262,-0.12025559518332972,-0.08588966433072882,-0.08373740759295206,0.28962620793416405,0.2699895066738039,-0.21981284325135536,-0.07068390290933523,-0.008954560220693202,0.03304522818643594,-0.28893888162110826,-0.05177376126184797,0.014101356715874855,-0.0661587944019793,-0.0009317405778105427,-0.006783833966516768,-0.0023797919826970887,-0.29432209593499026,-0.1805293757533243,0.09616754497875711,-0.09315807795311762,-0.2553833517021766,-0.04195351833174505,0.023045882428107012,-0.11381091710941903,-0.10628709476491006,-0.0954550427329536,-0.07043763074570585,-0.18770189548843175,-0.15463196050352676,-0.19572572579321826,-0.343951767221294,-0.2761779229560522,0.02353942627759246,-0.036837519246700055,0.0002652146932740957,-0.1177590388697493,-0.10346740056076593,-0.08354208181235495,-0.031207049718717243,0.06895536860518744,-0.0583878283080592,-0.06630197734281715,-0.35427432609415727,-0.49339167009223955,-0.28475220112058647,-0.23832341385843953,1.0,0.1355865165180424,0.3117131513570465,0.4369429497507099,-0.47321452925690183,-0.034222592472342196,0.49107242278391267,0.21665288791118828,0.15046005879965493,0.24297447940479838,-0.1395553785314903,-0.0023797919826970947,-0.07043763074570587,-0.08354208181235492,,,-1.4482831533565096e-19,1.0866602432388923e-18,7.79412872603707e-18,1.2431746648580352e-17,-4.163339574087383e-17,3.864285449151173e-17,-1.5435113708793552e-16,-6.47916907813184e-19,4.562223695857668e-18,1.2154929154109054e-17,0.008733116487792594,-0.21199996372590504,-0.07100537399880634
elevation_mean_m,-0.5603064321115323,-0.18736614460408257,-0.6289919121710559,-0.5338515144451181,-0.12064828205499714,-0.5960372188100748,-0.35964207709166657,-0.1684052773009808,-0.10948808776932027,-0.04092493357997397,-0.39598433991766135,-0.616414951339065,-0.0020784476798346584,0.5550161710977122,-0.01994440548974022,-0.008791725861384865,-0.03556798374082035,-0.05932645623266636,-0.021736715768988103,-0.04927321616030743,-0.008794620332036849,-0.028534184246132223,-0.01615345103483594,0.04801704921161912,-0.025051116707468103,0.038855447846787045,-0.027541389669660313,-0.027531980070140797,-0.07961986796442488,-0.08725187039485063,-0.10183475779451466,-0.07078057578069503,-0.06688595994032599,0.547370286956206,0.5077769116013813,-0.4982570544740093,0.07663952077485019,0.0675391897025599,0.5978587398095433,0.16787096288213146,-0.08271597715309703,-0.016240866262087185,-0.03864201445383219,0.03934538292410832,0.029207636860636026,0.03951587943343107,-0.4800074302282294,-0.14469183134706634,0.14715052136732842,0.3832827446693835,0.01810044401067807,-0.10767524499895177,-0.0503905431004041,-0.0779254501310006,-0.04969796039345629,-0.06645172978337524,-0.065391071489409,-0.5179650574633748,-0.1853591532086491,-0.38040152884266765,-0.5155740899612213,-0.22602681715637055,0.14053763259902088,0.006056443372701577,0.14427962885257417,-0.13792635676000162,-0.11140027126889983,-0.06065951599475648,0.14941995956329596,0.010428425254125916,0.03994465992864358,0.13869590528141526,-0.1603722459068065,-0.3201717622392308,0.016964094863750896,-0.3907292200740476,0.1355865165180424,1.0,0.23766996681682784,0.010776797392762504,0.035232608642561246,0.10904640701119231,-0.10661474414179072,0.28381041586183753,-0.14790042976969578,0.08678343648148443,-0.10059673573366593,0.03951587943343106,-0.06539107148940898,-0.06065951599475645,,,-1.7868374044988358e-18,3.2135084326877954e-19,9.218719842655196e-18,-2.017905273154368e-18,4.990969872325537e-17,4.308923534942289e-17,-1.823509685340118e-16,-6.87445514663619e-18,1.7871700978719827e-18,3.961473485692814e-17,0.07680881201671541,-0.17651778783195082,-0.07031444064777992
elevation_std_m,-0.03652421018290078,-0.03048921619497049,-0.08797850177138189,-0.07626845757032906,0.0127155948349885,-0.055403617432598994,0.03093480761272245,0.061466508620375004,0.05847308447883921,-0.05426713231415862,0.03305504632782947,-0.021411899628450165,-0.04134238646681901,-0.037123896673012066,0.004438720254308491,-0.016320322345258837,0.010569142782721835,-0.00805792906489,0.01421059670640322,0.01112978756569207,0.015468696733578481,0.03299630915800172,0.004862374603496064,-0.0463308419620657,0.00977098917009076,0.007450435676387799,0.012086509041231867,-0.0338166268223042,0.012251917231223732,0.03058304409722306,0.05457560909033642,0.04548947680999895,0.025089745338584442,0.09855797104902547,0.06489315702079006,-0.015972720185811893,-0.05909245734148425,0.03501319568754862,-0.003096395068137141,-0.13570703317133492,0.0027953836116939735,0.017951768613968844,-0.017637692258550726,-0.028682346494671163,-0.0248321099089999,-0.02241844835302373,-0.10096357023571843,0.04963311549116121,-0.0059504136784032146,-0.018398484984113048,-0.009944824657528746,-0.006905261049198552,0.004299492982831603,-0.02514180994712165,0.014285428142435544,0.021748653838802916,0.015786820041093406,0.06888039073983294,0.0841657235512446,-0.013326684979227113,-0.04487588297563738,0.018029100304520075,-0.040680383707677244,-0.014618851764459179,-0.060047193523023595,0.02989416636370464,0.04794534617977183,0.04811130906139283,0.05184935293173503,0.017086206142844725,-0.03273792643387225,0.02361042182947622,0.02149481489037344,-0.5040575475302311,-0.2692776714144622,0.1848477996042822,0.3117131513570465,0.23766996681682784,1.0,0.5614035213201365,-0.5354284655749701,0.24961014480438642,0.5513027692860761,0.30150805424183136,-0.059101574126136106,0.1459681290943017,0.0161487664637411,-0.022418448353023722,0.015786820041093396,0.04811130906139284,,,-6.242130283843801e-19,-4.48652904966711e-19,8.116488308759115e-18,1.5166910549166388e-17,-3.5625065497475855e-18,3.6212933267472066e-17,-1.7712853506453444e-16,2.6267944858187043e-18,3.725079956004208e-18,3.132928658683906e-17,-0.03800084660301226,0.08168974470352013,0.018726064932352984
slope_mean,0.3120102980742665,0.07251196576786362,0.22663262504017098,0.18965249465588435,0.12637913112734156,0.2768864100912177,0.17999874387249698,0.12808373786899896,0.10617527671795354,0.001686928506066179,0.19331683012274337,0.30393063433246237,-0.011028633182301014,-0.3693653098888267,0.010538661819953703,0.0009151437887555907,0.022057136921879387,0.04496010706232016,0.022044032270323862,0.05820601029672972,0.017581920243013603,0.05662816767487015,0.004798350808871113,-0.05669781316742959,-0.012951291299759863,-0.0033483610930779405,0.015223667212077774,-0.0038831691973272918,0.049893303321058464,0.07131990110316282,0.0977443443951787,0.07962722988140968,0.05741869037717864,-0.26101379452738344,-0.23865586751312443,0.3109290020704753,-0.0856290688862734,0.03170833746831574,-0.3442335306909171,-0.1936911186460665,0.0638670397349946,0.014653594776300469,0.0278207093435751,-0.04904896076815656,-0.03780925386458058,-0.03604325880685396,0.261044008972176,0.11602141689838416,-0.0561293401219635,-0.14313069613327228,0.04121695431403467,0.052562357912578905,0.02012299020096803,0.022164093849738907,0.04853499103316544,0.05981214193673636,0.04787233908563892,0.24836979389836616,0.14093641512666483,0.21131925038778285,0.23885276900597588,0.0906181210016409,-0.0859255682585761,-0.010516855949874865,-0.1068972715973238,0.07860685300448524,0.08591606243796757,0.0739597743668839,-0.04211499051975073,-0.0390744623067058,-0.08427379264281326,-0.04611185168710495,0.19485594895319924,-0.29114637830875495,-0.14588878781874018,0.4013109419168155,0.4369429497507099,0.010776797392762504,0.5614035213201365,1.0,-0.6493233674736663,0.4495770263096977,0.8435296741016186,0.23300242651403474,-0.09620115118388131,-0.24222307882764302,0.056871764555789725,-0.03604325880685397,0.04787233908563892,0.07395977436688393,,,-6.271670164107734e-19,-1.1592014168205284e-18,6.523295158483497e-18,1.614078466324342e-17,-1.782714871233296e-17,2.821593542538661e-17,-1.4473539912213177e-16,7.556463663763581e-18,-1.2867865370107833e-18,1.811678693540217e-17,-0.06545155404666152,0.15312033227520702,0.05074595487741546
nlcd_cropland_frac,-0.18697685971592964,-0.027329899827630497,-0.18694883414123412,-0.16245734139201853,-0.11349478811776419,-0.19006105130335962,-0.179139429404544,-0.15823672342069559,-0.13940122253847953,0.07919735726473517,-0.19987367237553827,-0.2421576667651249,0.08389470076954635,0.2978332317735695,-0.00542008709977888,0.007303297297344152,-0.01893485996083576,0.002596968890183041,-0.017341609489966863,-0.021642290905877555,-0.014750674285569374,-0.037087295747119116,-0.003740594966809003,0.080999364590633,-0.019692306750988438,-0.002156658242217513,-0.016464594027426352,0.05080485792282563,-0.03985571921815392,-0.08248995087924883,-0.11729075480269945,-0.0972119924410087,-0.07080815582167325,0.11664544218436704,0.10482122507485617,-0.1722352228300443,0.14080655954614835,-0.03397946833817124,0.28532523604558885,0.2896470527657068,-0.03370366541886328,-0.020694626154985185,0.01854907411750194,0.06367997449278835,0.052075525885771974,0.053791321747758435,-0.08100428120139487,-0.13221663691288144,0.02988367168814855,0.1915934989823488,0.03460627037108104,-0.028406944225568366,-0.02557490844306769,0.016311862399821537,-0.029929134742496664,-0.060856401255719686,-0.054250452339404086,-0.3159999509602765,-0.2052115583129278,-0.16803879246504455,-0.15014714705235585,-0.09801356235129731,0.10768973027956975,0.03047101932126692,0.13167010720788883,-0.09762909677638756,-0.11902342280445025,-0.10721974718042429,-0.058721684356325105,-0.07412212313833151,0.09174196231325213,-0.007487579788216911,0.136289520838475,0.5997526781185047,0.4972560266157756,-0.20236740826317579,-0.47321452925690183,0.035232608642561246,-0.5354284655749701,-0.6493233674736663,1.0,-0.5776871743300087,-0.7937391748621816,-0.2641130908054762,-0.2117392420997953,-0.27933293934815234,-0.04368520005500239,0.053791321747758435,-0.05425045233940408,-0.10721974718042432,,,8.14585197254553e-19,1.8372752452067336e-18,-8.122444881672864e-18,-2.5878583306780886e-17,2.2249263445392783e-17,-3.839129795560513e-17,2.0650716524270525e-16,-9.218165374533092e-18,-3.0420072965048454e-19,-2.5485090219664388e-17,0.07929308914756521,-0.20377351905072258,-0.06049372283052669
nlcd_pasture_hay_frac,0.33126047694275146,0.2263600541587668,0.3029241791777402,0.17492620996319047,0.1962384922033585,0.3238959557129009,0.2978709051886894,0.2642504857351853,0.22589522261538683,0.19165785067685867,0.26851518944185626,0.2802104933990578,0.1487684599538437,-0.12005023766822806,-0.011935914725456779,0.007979031931260665,-0.00977856878679517,0.0011570232166283403,-0.01193166306093313,0.012382749820701703,-0.016790421593676014,0.017003133127185335,-0.011639956324300312,-0.030199258457685015,-0.03104546987705532,0.01393757592732772,-0.010853089498753698,-0.007052148784077546,0.11366873006982042,0.15209313346721628,0.1794846565875423,0.14390519590264741,0.12290193195145147,-0.2814355358796654,-0.2587500493982602,0.2787214416334295,-0.07982317226786739,0.06630758643019666,-0.24425669498450914,-0.049213888568998936,0.04999941932349533,-0.001957732108844301,0.026092354016747452,-0.05288807027316013,-0.03397306166704433,-0.03337062879364277,0.298833246578873,0.23393919317721035,-0.060854776650573296,-0.014753504931578912,0.20012706671543692,0.05422807533156677,0.0010749663802333902,0.06278319754424887,0.10464933839925988,0.12705668310637203,0.09440091674897891,0.2965541119717911,0.26480485201040815,0.28931323106407847,0.3220981411358128,0.20837125651536167,-0.0919021984766716,-0.01471109391467671,-0.10372702675273027,0.1447999155813892,0.1654031280960646,0.16081251653134285,0.022564749283516202,-0.05041249152134606,-0.05905356164570288,0.037304609401605515,0.20044205294450634,-0.2073646616914765,-0.07788023164443204,0.34420319465298477,-0.034222592472342196,0.10904640701119231,0.24961014480438642,0.4495770263096977,-0.5776871743300087,1.0,0.39624712937998186,0.07840379683578708,-0.16274290779732262,-0.2003033652302124,0.11132431631023905,-0.03337062879364276,0.09440091674897891,0.16081251653134285,,,-1.3389043093637348e-18,-2.664484945471558e-19,8.284648189778973e-18,2.3130293955283035e-17,1.3014537169557617e-18,3.3404479571383205e-17,-1.906321634325947e-16,9.479827834706577e-18,2.9422625914376382e-18,3.4389072111716047e-17,-0.0682544810792264,0.3183683734047288,0.09821032697524766
nlcd_forest_frac,0.33681051702193454,0.04429292196402745,0.24907893043871157,0.23066751606446675,0.12169169499351419,0.30449168782635344,0.224767239851209,0.15395070332526,0.12769089479864423,-0.06114760732921248,0.2645495139792175,0.37531106595956165,-0.07948788971601434,-0.45619792229557954,0.013257858173713777,-0.010626142403623353,0.032848142074957835,0.02494632231930974,0.029986039494312805,0.04470433879112843,0.02561543375746383,0.05533623161246424,0.008772341021022418,-0.08770918276066113,0.022450888431248494,-0.007017148911970823,0.027165860688116415,-0.03805056410771034,0.04441289466420128,0.08235966715354535,0.12297440005743403,0.0979111556818489,0.06881175830223425,-0.26089902338368337,-0.19790578976163603,0.33770823451336224,-0.13767781140878196,0.0236925657844344,-0.4070852525636662,-0.2895186516992435,0.06125432588713168,0.02584737841058813,0.0005213391449327005,-0.06523387066017675,-0.0530684899906026,-0.05461045845196382,0.20827348293306652,0.12913463128236718,-0.0590088077327725,-0.23015015684891704,-0.05363893110879429,0.043254432307400455,0.037871610177998435,-0.0037926282492551987,0.03290200345775077,0.061198083593947794,0.05668929400011602,0.37901504270263847,0.19907203021723263,0.21476411912388943,0.24671442904051955,0.12257232668616211,-0.12014533239583924,-0.028753902857441952,-0.14428371775676063,0.1050874687924372,0.11841149945355685,0.09506568264173484,-0.0729911871711509,-0.04703197411343135,-0.10166748484009876,-0.07562616260186807,-0.011186972135409267,-0.43992948296972495,-0.442629549780155,0.35022183427840387,0.49107242278391267,-0.10661474414179072,0.5513027692860761,0.8435296741016186,-0.7937391748621816,0.39624712937998186,1.0,0.23878899500349243,-0.11557674399610982,-0.07762478385759027,0.058677329628967906,-0.05461045845196382,0.056689294000116006,0.09506568264173484,,,-4.570588765745359e-19,-2.5682343947406074e-19,4.5379216300341906e-18,2.0565646598590564e-17,-2.928731292985301e-17,2.515138227309327e-17,-1.3584080590239434e-16,1.0594380923616067e-17,-1.3648417278425116e-18,1.3233996824111658e-17,-0.08946652853961833,0.1916107208255096,0.062353486389164665
nlcd_grass_shrub_frac,-0.14209570669264696,-0.03342318476921964,-0.2145583724964112,-0.19157774386554796,-0.05022887924857757,-0.1674851177868462,-0.036768391279726594,0.007120374902918917,0.010547452308901386,0.006560000350731237,-0.07718410832318856,-0.17063226474189577,0.02640099334965988,0.12162944815504625,-0.008336116520859417,-0.005352129799512581,-0.013663168613278582,-0.04152780461431797,-0.010318121636409647,-0.03109312479334767,-0.002527590012329879,-0.015362499497462233,-0.006573839339995541,-0.00648853565135706,-0.004105399165512072,0.013526378169435246,-0.010166863900224444,-0.02324712844333316,0.005856130853838231,0.0034674704323673085,0.004851071081995126,0.004316498314440693,0.0017038886901062963,0.1907535906087998,0.1402443569614767,-0.10506974587884726,0.015196386594591542,-0.00024209094302635512,0.18933247895245414,0.042868397398754594,-0.027322259906511732,-0.01018587458393403,-0.02247427915324335,0.007102015712584925,0.004519175925179728,0.0012323704839842492,-0.1812549248562016,0.009359223967966544,0.020926253964857464,0.06646243235591566,0.022402149432514167,-0.030019489320082818,-0.010188728580990326,-0.03208605479055203,0.009376590852707166,0.0035383042515963804,-0.001957839467275707,-0.002340252671810624,-0.004199539635932383,-0.09645428303723373,-0.11812396110430741,0.04818282753922599,0.009271119004697268,0.00682642952765601,-0.0045370955895569975,-0.005646823166677177,0.0003835114693156442,0.009839383167875,0.06288541619167616,0.003344781714895193,-0.011347014314280349,0.04558027501881369,-0.06228988161147337,-0.328832760154741,-0.14201138183337586,-0.12927412969827082,0.21665288791118828,0.28381041586183753,0.30150805424183136,0.23300242651403474,-0.2641130908054762,0.07840379683578708,0.23878899500349243,1.0,-0.09638004865016817,0.18503402034434221,-0.0002586938937960224,0.0012323704839842518,-0.0019578394672757093,0.009839383167875004,,,-3.977537857489111e-19,1.7969578896628826e-19,4.630273272358371e-18,3.629376520855002e-18,2.0872703653231567e-17,1.4104107871942506e-17,-8.634511054074307e-17,-2.4379698126805257e-18,2.3113595014716058e-18,1.3328161562048424e-17,0.0007845985396531281,0.009254893119660398,-0.002459547035797852
nlcd_developed_frac,0.0009081160066416179,-0.05522196700831952,0.131947908532404,0.14019273382285902,0.007944391076945083,0.04734105713589177,-0.05688841350515167,-0.058022165805904476,-0.043305372318929086,-0.13430533027611796,-0.026785935142155354,0.04995092100411613,-0.1282196555945444,-0.09474956158160636,0.012366172228917607,0.0018269169631273628,0.019055540646984705,0.012152544146716656,0.02088350049536394,0.015348681130596748,0.012874191232975538,0.010841179219554445,0.00942020474656529,-0.012987188730366512,0.026809857191318627,-0.008495006688599848,0.01355430742386061,-0.009388884966225515,-0.03356552255680949,-0.03653152715126157,-0.03922038252218535,-0.028312705961208846,-0.02594966563142674,-0.040982971094941194,-0.09312686962933395,-0.025206840824618753,-0.01668638196930914,-0.016863447422119135,-0.1437808148274251,-0.1515438149381828,0.00015236656248540173,0.013492828092471938,-0.010717258366562184,0.0013245610130615555,-0.0016117394720865977,0.0028427727631398043,0.05762229311615315,-0.05177992120111797,-0.010531959348224158,-0.158905058176803,-0.09282586763755298,0.010365317050036845,0.010679387550371016,-0.01298618727588603,-0.03158596050536782,-0.030176299668476753,-0.02013079888851013,-0.05357051025635525,-0.04510433222045815,0.039279275095913245,0.008962698636306936,-0.10457972038338884,-0.0001790984537372665,-0.0065073090916649545,0.005784230148351651,-0.03399834197146578,-0.036462493318362106,-0.03171913898032619,0.15961867428113927,0.28322700578588633,0.010033950157772208,0.05697559447663876,-0.16175518280090592,0.07042162808294697,-0.049589706166516145,-0.05331447751487459,0.15046005879965493,-0.14790042976969578,-0.059101574126136106,-0.09620115118388131,-0.2117392420997953,-0.16274290779732262,-0.11557674399610982,-0.09638004865016817,1.0,0.010317776260656712,-0.034550580606095546,0.0028427727631398034,-0.02013079888851014,-0.031719138980326196,,,2.446743068283691e-19,-2.596437108707186e-19,6.90012498536154e-19,3.461172964285368e-18,-2.853308708109402e-17,3.965459335952572e-18,-2.67042624526113e-18,3.999316782160979e-18,2.7260787511270053e-18,-6.468125753441141e-18,-0.0009812334378489366,-0.062363902040180844,-0.01937910723924137
nlcd_water_wetland_frac,-0.4553381675876025,-0.20137986438872757,-0.3900101629422756,-0.2892647429133558,-0.14292676329494441,-0.42556139869915294,-0.20854995596603648,-0.10723809132065901,-0.0810172114117232,-0.1797253754762141,-0.2160097718849937,-0.3719046124254207,-0.1210477376847144,0.24063909541867223,-0.0063154211989064684,-0.009906722237393051,-0.013936681398014053,-0.057156997818951935,-0.012553481970060952,-0.04676617450123766,0.00022500214849127806,-0.02891557381985814,-0.0007969087662321316,-0.00632536122870843,0.020853523877687186,0.00846602933288373,-0.004744126635924077,-0.04276095132378624,-0.07084518399843319,-0.06934985015218072,-0.07974182021615414,-0.05797757886107335,-0.05284983058328023,0.47813607736492936,0.4266885845452889,-0.4151059842747787,-0.012726903391857275,-0.013983303188928382,0.362400362160371,-0.03770515785542905,-0.07244026493962988,-0.0019012082578745238,-0.06326320283933008,0.009521135450083039,-0.000260334832315128,-0.006166249669516261,-0.5111915262194913,-0.10186468111587656,0.09903414253943563,0.06902223168073109,-0.1309086410599601,-0.06882118856517798,-0.010720893648883525,-0.08783848633174933,-0.06798716326757204,-0.06512278876166802,-0.04688046560662232,-0.22267857861234183,-0.07967393630775431,-0.29015020686352194,-0.39379120300501264,-0.1541326061693314,0.06309593212146399,-0.004261861157497412,0.05123739691647541,-0.06422086479508153,-0.05500607305853075,-0.04472394340595761,0.0943794239074466,0.06253751565356591,0.0017920760150821268,0.049934921786072756,-0.4237564012239561,-0.5712600758563373,-0.3570759644188616,-0.45208689171307676,0.24297447940479838,0.08678343648148443,0.1459681290943017,-0.24222307882764302,-0.27933293934815234,-0.2003033652302124,-0.07762478385759027,0.18503402034434221,0.010317776260656712,1.0,-0.08144882965901241,-0.00616624966951626,-0.04688046560662232,-0.04472394340595761,,,3.918874043850296e-19,-4.386260646186536e-19,3.202773252187752e-18,-1.0640795111576334e-18,1.8925983703781588e-17,9.172012917244476e-18,-5.4651709379736843e-17,-5.3667169442673625e-18,-2.986641634791397e-19,1.2212971976410071e-17,0.030866818299314973,-0.11423443025276113,-0.045910904066641355
CDHW_Flag,0.35944105280742483,0.6295091632325597,0.19404059270215304,0.06848021553236856,-0.3334452154217006,0.2920488776985977,0.5767286657135371,0.6047456606166942,0.5121716899783303,0.5149873023915492,0.3561069948617103,-0.0020987265867567556,0.5518272761188727,0.007059515480331967,-0.4383504829881677,-0.3044858693357071,-0.42168771465520033,-0.39086475828072237,-0.3626886766672508,-0.3439764957660822,-0.28605933573900355,-0.29918770244986914,-0.5119803721305232,-0.36898256709657606,-0.31981278030110727,0.5533990978830352,-0.48192405939847777,-0.4006119565185206,0.7218450990020178,0.5994061609933302,0.7001367967549893,0.45874482579843984,0.4291838973355237,-0.2908480154323306,-0.2591606062891027,0.35728592865915165,0.3157930484967689,-0.32197011172574647,0.013776896611079599,0.3874586850853024,-0.17166051111975586,-0.32035169412993975,-0.21538612227678808,0.41471121252576276,0.38284628566726286,0.27821264370717896,0.37607276845074367,0.5433872222503653,-0.36495863917915566,0.2601285114911132,0.5471414597654151,-0.37247079262279825,-0.49401181994662197,-0.4530738204300134,0.6206276807366374,0.5167131622057571,0.36300894768243774,0.24133267830867428,0.41273448149841263,0.09603542614607553,0.39406669134379996,0.470867782349797,-0.17881311114556844,-0.2811920532064393,-0.31577002454745695,0.4738775294145915,0.4125203216527145,0.31434426216268413,0.01484258313988192,-0.05539113185925435,-0.04209054923815476,0.007270202226761907,0.08894485338397251,0.02111826606927371,-0.01800826217544931,0.1317874989912457,-0.1395553785314903,-0.10059673573366593,0.0161487664637411,0.056871764555789725,-0.04368520005500239,0.11132431631023905,0.058677329628967906,-0.0002586938937960224,-0.034550580606095546,-0.08144882965901241,1.0,0.2782126437071789,0.36300894768243774,0.3143442621626842,,,-0.03221293853405097,0.1613704033012222,0.0724253798154785,-0.1723925633605919,-0.07580840805464928,0.04871562170418171,0.11288677727696574,-0.19172964980203064,0.14931978965305484,0.07767177394197448,-0.4675061145974736,0.5562414371385421,0.3494292816711058
CDHW_Veg_Severity,0.05962935862631156,0.2878797736138306,-0.08916518766511941,-0.11027045758210481,-0.2680555861547436,-0.010385023300932482,0.2532463323996601,0.35570166163164996,0.3632228434773224,0.22052949558221888,0.10825613261205157,-0.1830715274963109,0.256128818042433,0.05374770749812145,-0.31488010614892087,-0.2079596838641603,-0.3409173522340999,-0.2870497911933984,-0.3336199654980619,-0.29513564515889645,-0.27223614543104013,-0.2838508879524034,-0.32385362742593216,-0.21764934679989745,-0.24128820600514458,0.37096995416790046,-0.3268592830776998,-0.23410650816200515,0.486942765655174,0.4335292814811496,0.3206465409364249,0.2794404481880421,0.38432139614370164,-0.03266324645361844,-0.06561786748176537,0.1523698118826963,0.6558670054480998,-0.2950293628337454,0.2185952718024073,0.40130246341552844,-0.27433514786900104,-0.33004873210071406,-0.27993794721585075,0.7466932945931499,0.8616965411316483,1.0,0.1392939510179532,0.34151375702503417,-0.10269070169721957,0.14265990466893952,0.26696261302300817,-0.24194238250833466,-0.26486821194765403,-0.2752836326787272,0.44303228630251884,0.3833297127305898,0.28226282715871703,-0.06287873533714751,0.03666397458031152,-0.029202756854900456,0.04865738514044152,0.04182954516899662,-0.02443149543680451,-0.07695151326853364,-0.05729823297378997,0.031049147115229846,0.044077135224322085,0.08140955908907148,-0.08307861057452846,-0.0862130425017961,-0.02974925319537107,-0.09324696639077856,-0.00347628328597682,0.026373736237338487,0.04974316835720074,-0.04635428429319326,-0.0023797919826970947,0.03951587943343106,-0.022418448353023722,-0.03604325880685397,0.053791321747758435,-0.03337062879364276,-0.05461045845196382,0.0012323704839842518,0.0028427727631398034,-0.00616624966951626,0.2782126437071789,1.0,0.28226282715871703,0.08140955908907146,,,0.0017359261089469947,0.2107550352229892,-0.10214747653585636,-0.15144355806736748,0.08251402391615681,-0.16264623344075532,0.1871324275410737,-0.026650821388362726,0.1566916334481582,0.10993011268666059,-0.2693386211197904,0.1971843845573717,0.24253972705887133
CDHW_Silking_Severity,0.25737324018826746,0.4586082280220531,0.11026874911651431,0.09921594714709109,-0.21637989641037486,0.17167208958881386,0.5478237329827544,0.6897794448988949,0.833458211780564,0.4416147103421697,0.3365632057752907,-0.08681878076534175,0.4914318556937659,0.03682654400787394,-0.2963688511473594,-0.21676868066876032,-0.3032497934083436,-0.290205994198462,-0.26026814467360937,-0.2506032175971378,-0.19030310915994908,-0.18706292066645805,-0.38908718068822107,-0.3091289081340524,-0.22910704848959543,0.45600094954646786,-0.3922419613246862,-0.31532385269778046,0.7244077881655657,0.8460876375523846,0.7138327120403719,0.8743215764763791,0.9458372932346139,-0.19590929653311756,-0.17451018978097954,0.3072130798758634,0.18176956146710854,-0.25185712610220046,0.08133051698328185,0.3848700043726808,-0.20415098699258133,-0.300160780677821,-0.2569375334282571,0.2354313246488792,0.26103401447931723,0.28226282715871703,0.3326631170838716,0.7764680252909847,-0.2704861714870344,0.2792567427261575,0.5915189300976275,-0.2913811639617871,-0.4621344912153357,-0.38292424395879815,0.728120974126881,0.9170404016678874,1.0,0.12408637695731095,0.27517441159057304,0.1350565215799165,0.27741452655621396,0.3044108252520562,-0.05586276812107875,-0.12191292738041073,-0.207939005795983,0.4191230426737167,0.32744771982078835,0.32025939192055797,0.004801696799683252,-0.03190901619092063,-0.042014828291795675,0.0015990958187083674,0.05042462270129265,0.00924708609324199,-0.024149895909316273,0.0932891546028891,-0.07043763074570587,-0.06539107148940898,0.015786820041093396,0.04787233908563892,-0.05425045233940408,0.09440091674897891,0.056689294000116006,-0.0019578394672757093,-0.02013079888851014,-0.04688046560662232,0.36300894768243774,0.28226282715871703,1.0,0.32025939192055797,,,-0.015950489392327225,0.22202589074439263,0.05776492985041721,-0.18621204759191787,-0.11408744467861526,0.021078894471337217,0.10836254437465685,-0.17880162256827078,0.1545106508945203,-0.06741193607195835,-0.3975275796189848,0.5811715589697838,0.9974291148277793
CDHW_GrainFill_Severity,0.2642728184309959,0.36675725535586157,0.19708404992731215,0.07834974308527398,-0.10497528010292534,0.23015132739075767,0.43285562828868634,0.5318103580064999,0.5960214894420784,0.3140021375069487,0.25634632502559707,0.06031675578644049,0.3379883563755113,-0.012336656887758245,-0.1979197992768552,-0.13288626296480063,-0.19383444752821583,-0.16912339867324672,-0.1587859570261616,-0.15562467564742657,-0.13110462732661265,-0.12794453400276468,-0.2415203359937064,-0.18739381524666096,-0.15170951980893585,0.2795201910671592,-0.23375190080209696,-0.20551209123173933,0.45960998141292314,0.6087391587851384,0.6524712150928944,0.6444930650740702,0.5866296264313617,-0.19679926588919533,-0.1475841512575003,0.22146730875486723,0.02966830959139312,-0.09794478047815106,-0.051788841911013836,0.1770115739313512,-0.05897658738571829,-0.14130977338015863,-0.11354842390281711,0.030268753692411988,0.06269793051271434,0.08140955908907146,0.2098178441301093,0.32323346718136164,-0.1982730636273169,0.10567400666361984,0.2948121695586988,-0.11044921478290243,-0.1762900527290503,-0.1391989238591148,0.2789176956375756,0.3434074406354243,0.32025939192055797,0.24073031241183523,0.7091263934317901,0.09033380239226685,0.2946429922158956,0.38625933677502927,-0.1619058127996471,-0.1891008877302338,-0.22141404326843214,0.6985814095869342,0.9052077029342647,1.0,0.06233640272795555,-0.004386368564485096,-0.0011669461510844974,0.044194862556681466,0.039569524539690634,-0.03672743656345903,-0.07991346140317357,0.1268838193120103,-0.08354208181235492,-0.06065951599475645,0.04811130906139284,0.07395977436688393,-0.10721974718042432,0.16081251653134285,0.09506568264173484,0.009839383167875004,-0.031719138980326196,-0.04472394340595761,0.3143442621626842,0.08140955908907146,0.32025939192055797,1.0,,,0.030642646542085882,0.07467503901561398,0.04489263675775536,-0.07729877579288082,-0.005731220210691472,0.06248530607658994,0.032843360993451316,-0.05955632268085652,0.08372261960690607,0.008068022829256637,-0.2536421488268765,0.5073805631494801,0.3312656165859305
Fourier_sin_P1_0,,,,,,,,,,,,,,,,,,,,,,,,,,,,,,,,,,,,,,,,,,,,,,,,,,,,,,,,,,,,,,,,,,,,,,,,,,,,,,,,,,,,,,,,,,,,,,,,,,,,,,,,,
Fourier_cos_P1_0,,,,,,,,,,,,,,,,,,,,,,,,,,,,,,,,,,,,,,,,,,,,,,,,,,,,,,,,,,,,,,,,,,,,,,,,,,,,,,,,,,,,,,,,,,,,,,,,,,,,,,,,,
Fourier_sin_P3_0,0.04082634114301165,-0.056356610301134986,0.056539024157433046,-0.014941755830065889,0.03529178262652452,0.05355817212648597,-0.04533994514502235,-0.0569316358772566,-0.04257941606408826,-0.03060556179877035,-0.04691774159505021,0.09117148922807812,-0.04087900114217988,-0.04941522690916709,0.043514620146407904,-0.06108901103353589,0.027770192073725844,0.04283698932653856,0.017538975016110996,0.08072633253364803,-0.02668116206039222,-0.01181404384559706,0.04622733330182436,-0.07977973537313708,0.08459061409259465,-0.018219322581698588,0.03714397186996148,0.0013502115702678369,-0.008680324700210035,-0.006620394961065872,-0.015623449753416745,-0.009584134940670038,-0.002922702162488985,-0.021634290440274106,0.0072901269287741636,0.014377986913844712,0.009758368319614115,-0.05270970449893872,-0.022558075548555868,0.0072946947319729,-0.027326375883451562,-0.04667790722456328,-0.07578586044963406,0.016174583021650018,0.007597844101849124,0.0017359261089469947,-0.0252738754477298,-0.08323820461194793,0.09106269625366559,-0.06471920522845696,-0.06611625241931025,0.0669731606184691,0.09972752412976049,0.10318975794478849,-0.03765076317262486,-0.029493356684977833,-0.015950489392327225,0.08218748396703637,0.00013213210470127955,0.044648881097756256,0.010155852410158275,-0.03478811108334265,-0.03996352893147903,0.0701878969818931,-0.014053088990224746,0.0378968157765621,0.037237783008372986,0.030642646542085882,-0.0278180562489906,0.016259225690454886,0.017719499326284242,-0.005876965291317258,-4.555418200234372e-18,8.267354252540179e-18,-5.480590591660827e-19,4.102442952311585e-18,-1.4482831533565096e-19,-1.7868374044988358e-18,-6.242130283843801e-19,-6.271670164107734e-19,8.14585197254553e-19,-1.3389043093637348e-18,-4.570588765745359e-19,-3.977537857489111e-19,2.446743068283691e-19,3.918874043850296e-19,-0.03221293853405097,0.0017359261089469947,-0.015950489392327225,0.030642646542085882,,,1.0,1.792021990640765e-18,0.026395518593141168,0.018773448319767502,0.008658965836067525,0.037340163440407734,0.00473283307367249,0.03224060270747557,-0.005052122528655313,0.0008221551501255718,-0.0636927521373138,-0.05586000512258639,-0.015386988247420266
Fourier_cos_P3_0,0.030350376482279968,0.1169698511952158,-0.015264915807676964,-0.04558518711489285,-0.1517664416326365,0.003246554619572943,0.09494217239342158,0.14595089307790607,0.18151923190048536,0.11147303193202075,0.034775213381540965,-0.08204998222288591,0.13844869002517116,-0.00148786802557893,-0.1788619019534496,-0.07820439638941612,-0.20549264536043005,-0.13547074742645426,-0.2507407640957141,-0.2681688550866532,-0.21552281517171765,-0.18427015836107957,-0.19521797098269145,-0.08038391267518254,-0.09232034592241005,0.17405562406041006,-0.22784443942615645,-0.13555461235618793,0.24651338491787278,0.23330859188181313,0.19721949842897463,0.20800034475258553,0.23047416082724695,-0.06560615410085695,0.010276225813740684,0.10900310795251453,0.15077983337003598,-0.21165057357968284,0.06473158768537558,0.20574812095110948,-0.15678961538721722,-0.2587967299366652,-0.2005094970441733,0.22985019491232414,0.23399723393074992,0.2107550352229892,0.03791119738522362,0.1685195319099325,-0.10656195939128404,0.14766320314465195,0.1678964145492598,-0.14388457084520498,-0.1472633427681515,-0.1410535250812652,0.24489054610662658,0.2416371282900831,0.22202589074439263,-0.044633106160959723,0.010654682035097432,0.06935564389944127,0.012386992863106489,-0.012762223427736889,0.07975678097103028,0.012723301928490553,0.021746165728770046,0.059176840854041436,0.04704855314837228,0.07467503901561398,-0.0229482427100994,-0.0638949101736875,-0.02858695699389099,-0.018335118108959363,1.7295231914118328e-18,-5.508805625845469e-18,-2.6508538661855867e-18,7.734789138166838e-19,1.0866602432388923e-18,3.2135084326877954e-19,-4.48652904966711e-19,-1.1592014168205284e-18,1.8372752452067336e-18,-2.664484945471558e-19,-2.5682343947406074e-19,1.7969578896628826e-19,-2.596437108707186e-19,-4.386260646186536e-19,0.1613704033012222,0.2107550352229892,0.22202589074439263,0.07467503901561398,,,1.792021990640765e-18,1.0,0.003597594694577837,0.04591412677496469,-0.023015861554531468,0.05613526023179749,-0.0132198003297212,0.052826321494248776,-0.008750532905694278,-0.00047467149724064376,-0.10109686073249012,0.08007767020433,0.21047746758140679
Fourier_sin_P5_0,0.09891227001585622,0.12187872783058756,0.09285243708443706,-0.0132483507431368,-0.06898774927956458,0.10175243712972318,0.14890652700004028,0.09085129695037826,0.07096090334343301,0.07689664401712074,0.017627622551483643,0.07866403311903063,0.06355443538011085,0.03042143946564432,-0.0634423155973891,0.040248174584025756,-0.0895944025696455,-0.0961551736636048,-0.08576407359813112,-0.12046816902280165,-0.03544735512347868,-0.005924478668670928,-0.10784782136827185,-0.07015931277706505,-0.032906473729061275,0.046051488309465476,-0.13853791602447074,-0.1688051325530079,0.06051082010739716,0.05424889028302857,0.06197859068395903,0.05763631589170628,0.04754410758996387,-0.08462224264686148,-0.0965540030150301,0.09444941724028637,0.008103435206131772,-0.1419255452422719,-0.030718777981344248,0.051989634178929336,-0.016559672721462856,-0.10240544772944792,-0.0806455453784955,-0.06330978026381011,-0.08952752606106629,-0.10214747653585636,0.12876877701355746,0.10662125107575673,-0.03443471993252617,-0.02332614564597149,0.0686208463322958,-0.058525543963291474,-0.10402415339225868,-0.116312431594494,0.0575433505577507,0.06097643322309579,0.05776492985041721,0.06089294563064713,0.0347390518641266,0.07082651912651894,0.1038663066617218,0.06097380979699654,0.08599886284123082,-0.01277642771504096,0.0028032057925904195,0.07621974790263478,0.05952038730531238,0.04489263675775536,-0.00016770954096039954,-0.0030876929001801873,-0.023373136337754237,-0.010861194341593109,-8.935271302872386e-18,-1.2355021448665698e-17,3.8484012411643104e-21,2.3358401921275346e-18,7.79412872603707e-18,9.218719842655196e-18,8.116488308759115e-18,6.523295158483497e-18,-8.122444881672864e-18,8.284648189778973e-18,4.5379216300341906e-18,4.630273272358371e-18,6.90012498536154e-19,3.202773252187752e-18,0.0724253798154785,-0.10214747653585636,0.05776492985041721,0.04489263675775536,,,0.026395518593141168,0.003597594694577837,1.0,0.01547154408337708,0.05278444499450164,0.05047980246206779,0.016967205803638627,0.028539792884284206,-0.007872082409365138,0.05290458624855879,-0.08572128960670605,0.12131744470361423,0.06262959814503855
Fourier_cos_P5_0,-0.00400317031793156,-0.09209842171630749,0.0542746127573063,0.12380949241253926,0.09360143168038522,0.009163579187596114,-0.12240952748572494,-0.1620299017492449,-0.16787229048972496,-0.12179413438670172,-0.13766791149064447,0.09916492019711727,-0.15403228419977052,-0.01172616978328506,0.09661127141615194,0.061728020884667785,0.06601649889878675,0.08415185166762953,0.07535155172354985,0.054555692281551035,0.07716038339369219,0.08909869685805885,0.11799722567521943,0.04980404579473007,0.030435537678276847,-0.18230376241199714,0.09058044092242924,0.0633429308556139,-0.22656492115597612,-0.21039746026082526,-0.18397592731675927,-0.17061298530340288,-0.19464793245151768,-0.0021658517336429726,-0.0023125749354019295,-0.015189679877207039,-0.10882966333568118,0.11803964443746207,-0.09376695565113993,-0.14822507777939983,0.02035612354680957,0.0662087488029167,-0.01635018047607044,-0.1356527772123674,-0.15030104275675296,-0.15144355806736748,-0.03751921023838389,-0.18661327069106212,0.05483559371392385,-0.15095747319577685,-0.20147845145570734,0.19696726475809817,0.1897379093340127,0.22050274147888066,-0.22045698259461075,-0.20510881100449707,-0.18621204759191787,0.022049948656896197,-0.033756243165918826,-0.02076745823349117,-0.006889142615709414,-0.052730843746658256,-0.006542322381291789,0.04420102841379794,0.056796439233310715,-0.1091704343345133,-0.09192863643335253,-0.07729877579288082,-0.025789795045819814,-0.0003280058578123471,0.024544935632465976,0.003677316131948681,-6.43003985242788e-18,-2.7329985746617347e-17,-1.317433147899079e-17,8.672996793363676e-18,1.2431746648580352e-17,-2.017905273154368e-18,1.5166910549166388e-17,1.614078466324342e-17,-2.5878583306780886e-17,2.3130293955283035e-17,2.0565646598590564e-17,3.629376520855002e-18,3.461172964285368e-18,-1.0640795111576334e-18,-0.1723925633605919,-0.15144355806736748,-0.18621204759191787,-0.07729877579288082,,,0.018773448319767502,0.04591412677496469,0.01547154408337708,1.0,-0.0451443690994889,0.10621946152337934,-0.017924540174524002,0.07626283580128326,-0.02371735215477519,-0.016827583969291224,0.07589684829640908,-0.12112339544814955,-0.17786109814809112
Fourier_sin_P7_0,-0.002042818606308076,-0.0973205478279131,-0.013793045240320405,-0.06561865196256306,-0.005575356028482231,-0.01020585095179489,-0.0764465260742938,-0.07189176505763341,-0.07257926263778916,-0.014591355856450747,-0.006795362906994397,-0.02907430144702957,-0.020048027062461574,-0.001645523602966312,-0.023732419567498778,-0.03356029318656282,-0.06627297236172709,-0.07789440050175804,-0.11505830220679909,-0.10482131054142085,-0.08133610176398837,-0.08418654414723722,-0.02961003164795148,-0.08820123108411036,0.041090825858461896,0.025519189260637738,-0.06389771506261684,-0.09673392905985007,-0.08549967328550442,-0.08288678916545557,-0.07707412893380242,-0.08234642246977127,-0.08314606237912901,-0.01955024349915193,0.005940992111724004,0.05616253973438955,0.0891964607133783,-0.08549465103460441,0.01220848533997106,0.05959179956737093,-0.14506973198135814,-0.13024050569841192,-0.1603138721589077,0.08647233651485307,0.09893855615728032,0.08251402391615681,-0.03448224751142983,-0.11117923801353138,0.11424085305267327,-0.01055174752113735,-0.05880872854585718,0.05257073374732091,0.0922495617270306,0.031927305988998816,-0.11844003979047943,-0.12167393592121371,-0.11408744467861526,-0.004719826634916248,-0.017519544972197394,-0.0028810180240667316,-0.01595118794734312,-0.03591447754145374,0.022033779150626254,0.016448260359159125,0.027329432606631,-0.04867929842632586,-0.019902179140571276,-0.005731220210691472,-0.0517575221954012,-0.06223855038824576,-0.04159912983589982,-0.05562186561838625,7.490305674910297e-18,-4.978857390281173e-17,-1.5121813663295926e-18,-3.495929368384626e-17,-4.163339574087383e-17,4.990969872325537e-17,-3.5625065497475855e-18,-1.782714871233296e-17,2.2249263445392783e-17,1.3014537169557617e-18,-2.928731292985301e-17,2.0872703653231567e-17,-2.853308708109402e-17,1.8925983703781588e-17,-0.07580840805464928,0.08251402391615681,-0.11408744467861526,-0.005731220210691472,,,0.008658965836067525,-0.023015861554531468,0.05278444499450164,-0.0451443690994889,1.0,-0.007640646216747098,-0.010262944148476852,-0.007445778250018229,0.011463778989665625,0.1261762567516037,-0.06468555984181272,-0.0941080634417866,-0.11460847090061876
Fourier_cos_P7_0,-0.004313343239040599,-0.05018215890861502,0.028803863898622023,0.07247418957486751,-0.020271552708384027,0.006013804212214124,-0.030194045712928476,-0.03651517769821906,-0.017797822053599748,0.017899294070992604,-0.02097086751768857,-0.0014966843116652289,0.024932494482046846,0.00729962646872928,0.0022609461617152465,0.0424100279853019,-0.002232330946856946,0.051062744290364684,0.027304036943501166,0.07702796067902112,0.043359755227500525,0.04045847260331415,-0.02177069367276409,0.019717427302839433,-0.013655345711249253,0.020397430805286398,-0.02053440658128506,0.022540393394271763,0.02140138157736847,0.01582106750836725,0.03368693702435537,0.035201804953742005,0.015610572294114378,-0.03893238690660402,0.03138928989643323,0.0010939864662322003,-0.17704626699262485,-0.04477931951142833,-0.06495903912748986,-0.044589341921105065,0.02838644858284738,-0.026494187926806873,0.041305196640698934,-0.12548947792814125,-0.15474620924679014,-0.16264623344075532,-0.03601068117028549,-0.023606809341616172,-0.033541264644743704,0.06215471417749982,0.026279677101208168,-0.01573289996320588,-0.02570621406892326,-0.02918151322001919,-0.007648236072264102,-0.0003974180422683405,0.021078894471337217,0.01804713642645156,0.016846697035151216,0.042111479513045544,0.021634878711794092,0.07772194062303618,0.05633391609178532,-0.010471145413150853,0.006577122586293574,0.12663311823485843,0.10473962808345763,0.06248530607658994,-0.03315991811039743,-0.0044829734119974105,-0.015527940976217338,-0.0420899207109793,-2.2505382867137425e-17,-4.1533751343329193e-17,-1.4025184274434454e-17,-2.0595197293795882e-17,3.864285449151173e-17,4.308923534942289e-17,3.6212933267472066e-17,2.821593542538661e-17,-3.839129795560513e-17,3.3404479571383205e-17,2.515138227309327e-17,1.4104107871942506e-17,3.965459335952572e-18,9.172012917244476e-18,0.04871562170418171,-0.16264623344075532,0.021078894471337217,0.06248530607658994,,,0.037340163440407734,0.05613526023179749,0.05047980246206779,0.10621946152337934,-0.007640646216747098,1.0,-0.0062210923710567705,0.024999991008557005,-0.04943552565637499,0.02834560638072899,0.025341174465222834,-0.024055039317787463,0.02739260629426903
Fourier_sin_P11_0,0.08245615443889563,0.23107588459547024,0.01750546421211159,0.017814725901865214,-0.10948394173227959,0.06542367252248499,0.17530819512179407,0.19314367807714714,0.17487270570217509,0.08460315037810759,0.08875183966566552,0.004245930281082755,0.08694830018008627,-0.0706135522929721,-0.13490987646996097,-0.12929283314441378,-0.07353181341086121,-0.028894628875471066,-0.06246778872576977,-0.007274811815961639,-0.06853868982930549,-0.059458903614172866,-0.13490546794181293,-0.0997507826241963,-0.07229826956563604,0.17016079090686326,-0.07705467131923653,-0.027382517274860903,0.13889918412520705,0.1318662573596586,0.11949519937008625,0.11237931236438095,0.12234836649089399,-0.06491834088132746,-0.10088873238397009,0.08654753044849757,0.21474314608840392,-0.10659539565350666,-0.001409843354191925,0.09350288355656812,-0.047647817258845614,-0.07073544012498009,-0.03728584491758598,0.17579197641062305,0.18335910099651354,0.1871324275410737,0.1278429096437894,0.17081824342397026,-0.10595861256741429,-0.024088612859051707,0.06595012292964536,-0.07978724419468411,-0.08885941815348537,-0.09027851561377587,0.11860965943303124,0.1256237635445822,0.10836254437465685,0.026612176169524878,0.09522657014744704,0.021872578850598276,0.09746237031875989,0.07258854604128827,-0.1237674093029742,-0.11290412377918416,-0.12195162339157627,0.04088525966131549,0.027445993163506578,0.032843360993451316,-0.05379675952451138,0.037188378173161875,-0.000390431471456006,-0.03078107949455455,8.750490630282923e-17,2.21768913255046e-16,5.759145167293457e-17,8.672711149920856e-17,-1.5435113708793552e-16,-1.823509685340118e-16,-1.7712853506453444e-16,-1.4473539912213177e-16,2.0650716524270525e-16,-1.906321634325947e-16,-1.3584080590239434e-16,-8.634511054074307e-17,-2.67042624526113e-18,-5.4651709379736843e-17,0.11288677727696574,0.1871324275410737,0.10836254437465685,0.032843360993451316,,,0.00473283307367249,-0.0132198003297212,0.016967205803638627,-0.017924540174524002,-0.010262944148476852,-0.0062210923710567705,1.0,-0.006101671401007717,0.02305908291280187,0.26310307269735445,-0.13892319953044088,0.16438231320133698,0.10164912599992111
Fourier_cos_P11_0,-0.029260265083246206,-0.13472611805513415,0.025030214852947985,-0.0768924654019488,0.11729972110938358,-0.0028011690213998555,-0.09751561502934288,-0.1758205933776902,-0.16379219754483645,-0.20240054663433296,-0.032728676646299366,0.12738931517811036,-0.24803354316995566,-0.04007940094557174,0.14379888743359118,0.13737661968226605,0.10497833815665908,0.15123198305019758,0.12141838479115101,0.16268974546404777,0.2319444355730014,0.2625918327469038,0.20159669216054976,0.16561368152538627,0.14862835558731302,-0.22245160197494399,0.16463936732949414,0.190098537864106,-0.19400868934349919,-0.1744800725773485,-0.16795618694119263,-0.16484610382848722,-0.1667344979768418,0.026678096860406803,0.026614619286496888,-0.0353680577053512,-0.054570941924790686,0.016147772161264593,-0.07770948983519857,-0.1582080608381638,0.0028644528495768073,0.07534608473735702,0.020299598095187624,-0.017016242131579637,-0.017750788385028665,-0.026650821388362726,-0.045633050390308565,-0.16258925163606444,0.0935733013167266,-0.16248497769762904,-0.23218353575776657,0.1036152158778315,0.15977630278486277,0.1488169550099494,-0.20719740364605183,-0.1938806109005915,-0.17880162256827078,-0.005931686274910859,-0.125796132614406,0.09913472023689865,-0.09111166944311506,-0.2327077187606316,0.12255309006639592,0.23041896978300883,0.20561240573649647,-0.10532352103778313,-0.07272059576074225,-0.05955632268085652,-0.04474536181838306,-0.006142397763997456,-0.012181158519928108,-0.036562316733921456,1.690491356532617e-17,-2.1865933699553378e-17,-4.436769135069799e-18,1.4954001460143327e-17,-6.47916907813184e-19,-6.87445514663619e-18,2.6267944858187043e-18,7.556463663763581e-18,-9.218165374533092e-18,9.479827834706577e-18,1.0594380923616067e-17,-2.4379698126805257e-18,3.999316782160979e-18,-5.3667169442673625e-18,-0.19172964980203064,-0.026650821388362726,-0.17880162256827078,-0.05955632268085652,,,0.03224060270747557,0.052826321494248776,0.028539792884284206,0.07626283580128326,-0.007445778250018229,0.024999991008557005,-0.006101671401007717,1.0,-0.1570813097846097,0.037050581424119176,0.18349944841499768,-0.16885221589838967,-0.17555909312757192
Fourier_sin_P19_0,0.01452831511214978,0.14769477770650505,-0.08894931309228032,0.015772102976124375,-0.12109080711645993,-0.04859919698192307,0.10858542629262741,0.21571776324009348,0.2024810709033737,0.05169019675080772,-0.10092478070751705,-0.14394648846016636,0.11842457787435968,-0.0022799003095947605,-0.14638311621188144,-0.07627871496527071,-0.16219992705202033,-0.12007035493209209,-0.14421350985912093,-0.12583518858056894,-0.12167086192082051,-0.15365800291695525,-0.13512780212358372,-0.01454910339397591,-0.11958557369764565,0.16737633893819795,-0.1448229993554755,-0.07329303034098308,0.21290723729528693,0.20789010715222428,0.1894118388568607,0.15289496578171005,0.17177988186434867,-0.0291434926305281,0.025010384913747484,0.12092133948654862,0.12465751456349697,-0.15187756194097232,0.03122488595927618,0.12747484958053013,-0.0786289666089034,-0.13540062600775513,-0.06709091974146206,0.12025003322694472,0.1399941877191891,0.1566916334481582,0.033159635534293116,0.19428635518058768,-0.010601360534246769,0.07216534265351517,0.14072862969670627,-0.10446023689720312,-0.1175867442360256,-0.08872154418304222,0.20221826014415276,0.19614893745194462,0.1545106508945203,-0.06274840105651841,0.14213249231369113,-0.020240108589035813,0.0034355162653713868,0.022433328547019255,-0.03353168572292481,-0.022146170143273764,-0.002014594992401168,0.12123152489776615,0.10701469779394786,0.08372261960690607,-0.03265236744876897,-0.09383308997593791,-0.04021202409549091,-0.075990846282022,-3.14884012791196e-17,-2.2407222415080114e-17,-8.569341655242535e-18,-1.0304158165366664e-17,4.562223695857668e-18,1.7871700978719827e-18,3.725079956004208e-18,-1.2867865370107833e-18,-3.0420072965048454e-19,2.9422625914376382e-18,-1.3648417278425116e-18,2.3113595014716058e-18,2.7260787511270053e-18,-2.986641634791397e-19,0.14931978965305484,0.1566916334481582,0.1545106508945203,0.08372261960690607,,,-0.005052122528655313,-0.008750532905694278,-0.007872082409365138,-0.02371735215477519,0.011463778989665625,-0.04943552565637499,0.02305908291280187,-0.1570813097846097,1.0,4.789752485557179e-19,-0.04739870287409162,0.185130493953917,0.14655723408478813
Fourier_cos_P19_0,0.09438616324244363,0.06395532216121377,0.03708758205396144,0.034323344386717525,-0.14999321425006806,0.07642011921682182,0.058361004494845506,0.050942120767721345,0.017554025869339438,0.026897985329971306,0.12348807347230643,0.0439864885694982,-0.010236586585356956,-0.02313634632729586,-0.1277729259711983,-0.037632181784778514,-0.13841722350721436,-0.025266120890873284,-0.16206930404239311,-0.08995133761647,-0.10930845296178417,-0.06119736674836329,-0.11676761862301527,-0.03971964834815706,-0.08442104705111057,0.07695709534550489,-0.12828875468194922,-0.02241195056325235,0.029431176924103096,0.0035371651091774163,0.018668977600973174,-0.03057530539857887,-0.03750338836367733,-0.10342458733684538,-0.07160480821633591,0.16428417348000945,0.09538123456037832,-0.2965278646364867,-0.020530167959589934,0.05809308222759717,-0.09246671915856383,-0.20268508116726194,-0.09682309471747524,0.11040413698236214,0.11151570442660223,0.10993011268666059,0.08620870674162717,0.03604485609464228,-0.028441772689084835,-0.017338825637475665,-0.007093344181061456,-0.061542602111770366,-0.0739471063906638,-0.05929437456841512,0.029865810011236754,-0.014638320162382434,-0.06741193607195835,0.023959489551766907,0.026078669602364102,0.10526197655985577,0.04543611964776686,-0.06663035473476009,-0.02701401216158848,0.06698235895233175,-0.00605299287165569,-0.0325219799621323,-0.006940081635564331,0.008068022829256637,0.04412239103689195,0.021027257273294988,0.020105780370591193,0.005697261597056416,-6.65671238322212e-18,-4.765285092347096e-17,-1.3492672658106958e-17,-2.725070652595409e-17,1.2154929154109054e-17,3.961473485692814e-17,3.132928658683906e-17,1.811678693540217e-17,-2.5485090219664388e-17,3.4389072111716047e-17,1.3233996824111658e-17,1.3328161562048424e-17,-6.468125753441141e-18,1.2212971976410071e-17,0.07767177394197448,0.10993011268666059,-0.06741193607195835,0.008068022829256637,,,0.0008221551501255718,-0.00047467149724064376,0.05290458624855879,-0.016827583969291224,0.1261762567516037,0.02834560638072899,0.26310307269735445,0.037050581424119176,4.789752485557179e-19,1.0,-0.04683472895165864,0.021078069951415243,-0.0706874178383238
Inter_SPEI_Tmax,-0.3465642754690205,-0.4570705603896611,-0.15060408512474163,-0.07384517062700416,0.4602992485400561,-0.26401889178236276,-0.45134333334472115,-0.4785435460284471,-0.46472520898620506,-0.6026285568755564,-0.46670147171533805,0.08707539328515142,-0.6209030371459369,-0.041057792040554035,0.5940361881363565,0.6909634061283958,0.5214591040115923,0.558755189889901,0.4730625669489388,0.46767895255870995,0.3508076580813023,0.3510202821818946,0.7300391213268269,0.9822129523922273,0.37065187870522603,-0.7451449480371128,0.6562011735995963,0.6995136566363264,-0.5232630144164326,-0.4891205153928543,-0.4742737028773552,-0.4243299448841373,-0.43662212538506345,0.28563505215269186,0.22163735861739847,-0.3742256256035056,-0.24484491575985762,0.40032862259788055,-0.08849674317259197,-0.47834405922579404,0.45051034689748176,0.5023420879699132,0.5991173795075448,-0.2799197280664704,-0.2825073495578682,-0.2693386211197904,-0.32491455029187094,-0.4486729188476243,0.3167255130901194,-0.34818896746255545,-0.5696524586959715,0.359099566635014,0.49522698409737204,0.5515423929857658,-0.46837041597743423,-0.45118843321740937,-0.3975275796189848,-0.24935114301191874,-0.29741762524239673,0.05895635483445381,-0.4049353073088011,-0.5496397862960941,0.45841230175469644,0.5413332155203596,0.674182930917953,-0.3262620798667209,-0.29082955244045045,-0.2536421488268765,0.01559321328087338,0.0016270465549361743,0.05277823526109839,0.02144724108536913,-0.015500978689233969,0.004288500549777,0.0539427191961784,-0.09187113037127662,0.008733116487792594,0.07680881201671541,-0.03800084660301226,-0.06545155404666152,0.07929308914756521,-0.0682544810792264,-0.08946652853961833,0.0007845985396531281,-0.0009812334378489366,0.030866818299314973,-0.4675061145974736,-0.2693386211197904,-0.3975275796189848,-0.2536421488268765,,,-0.0636927521373138,-0.10109686073249012,-0.08572128960670605,0.07589684829640908,-0.06468555984181272,0.025341174465222834,-0.13892319953044088,0.18349944841499768,-0.04739870287409162,-0.04683472895165864,1.0,-0.40215683561065063,-0.38430033331276364
Inter_Heat_Precip,0.555091127766479,0.7441927599906243,0.4110100082183336,0.22771505870865744,-0.06751650561304974,0.4919653021905607,0.8585175694465549,0.9487043598165771,0.8556075780901129,0.5295733672429,0.4974814826590095,0.23876942102784152,0.5286236371180228,-0.10051930665998149,-0.23920612877336075,-0.18317591719244924,-0.21939685766605263,-0.22399776143739064,-0.17948248445406395,-0.18891469629892385,-0.1480236900069593,-0.15487800743610625,-0.31176765766973835,-0.2732243759084599,-0.18921944399932336,0.3508971134451886,-0.2889326571736315,-0.25020865774024637,0.6725386801387377,0.7364965293677834,0.7477288922033308,0.6705562946295585,0.6560044657659974,-0.4444809445517044,-0.39690772357403514,0.522165769803729,0.25547440388105397,-0.1358047054649003,-0.17057629919650816,0.29894607700996206,-0.0524884596984602,-0.1616978103534664,-0.13672134838644703,0.18581825216353048,0.21017150269256293,0.1971843845573717,0.5483836602002331,0.8503606117902379,-0.3365989199828048,0.10085718561879031,0.5296868988441612,-0.20957098764533585,-0.35462339782163854,-0.2602358305797172,0.5947194977547723,0.664202967550951,0.5811715589697838,0.4314668155110791,0.7375805095977591,0.29785344334576697,0.5740351404367383,0.5342119909946766,-0.15629716876298816,-0.16727735560547935,-0.26829434381079437,0.5591402135338113,0.554283540905532,0.5073805631494801,0.056646952146246037,-0.03716051825201139,-0.021803914777247788,0.0492493764505957,0.11573100854065922,-0.05075672566615565,-0.13144914478256398,0.27352320823637855,-0.21199996372590504,-0.17651778783195082,0.08168974470352013,0.15312033227520702,-0.20377351905072258,0.3183683734047288,0.1916107208255096,0.009254893119660398,-0.062363902040180844,-0.11423443025276113,0.5562414371385421,0.1971843845573717,0.5811715589697838,0.5073805631494801,,,-0.05586000512258639,0.08007767020433,0.12131744470361423,-0.12112339544814955,-0.0941080634417866,-0.024055039317787463,0.16438231320133698,-0.16885221589838967,0.185130493953917,0.021078069951415243,-0.40215683561065063,1.0,0.5830267885009831
Inter_CDHW_GDD,0.2604806000008896,0.4474945001364281,0.12145443300275369,0.10740391276184819,-0.20217128690805064,0.17864602488463807,0.5451881529643549,0.6838198185077063,0.8315594042189327,0.43209219484906075,0.3355613686619851,-0.07179672470566074,0.4798034138053886,0.030294495843027455,-0.28098448260846043,-0.2071516038678146,-0.28714179129266165,-0.27777277772860687,-0.24503802377792727,-0.236548955772562,-0.17645901173997464,-0.17341094483542333,-0.37203675464710956,-0.2977339990015442,-0.21476092780193126,0.4372413225402507,-0.3758789127965262,-0.30464877268300794,0.703478905030845,0.8362265330979227,0.7081349633954956,0.8753838900889145,0.9420676708783883,-0.19952491624419405,-0.1731025147340456,0.30548452289061656,0.15720873271913927,-0.23955206930866205,0.06474847869005018,0.3648487780712014,-0.19218498459576383,-0.28459793448386317,-0.2441401244112213,0.20517582663821154,0.22854735058196476,0.24253972705887133,0.3287603997992219,0.7661775721475874,-0.26509947374803294,0.2681147646690991,0.5759306839588335,-0.27939626885024343,-0.44726449973869464,-0.36750621356645585,0.7020237309965662,0.9043774567076737,0.9974291148277793,0.13330807728428248,0.28704273944560826,0.14029506508509396,0.28116470490955214,0.30800412746916883,-0.055546312191386366,-0.11726220700567341,-0.2063069350944631,0.43182859934140466,0.3393528533933839,0.3312656165859305,0.00804998219817441,-0.028345462456770408,-0.04048013448894703,0.006189164899040168,0.04931191930941904,0.004670962567277564,-0.03145565932466435,0.09873890000403315,-0.07100537399880634,-0.07031444064777992,0.018726064932352984,0.05074595487741546,-0.06049372283052669,0.09821032697524766,0.062353486389164665,-0.002459547035797852,-0.01937910723924137,-0.045910904066641355,0.3494292816711058,0.24253972705887133,0.9974291148277793,0.3312656165859305,,,-0.015386988247420266,0.21047746758140679,0.06262959814503855,-0.17786109814809112,-0.11460847090061876,0.02739260629426903,0.10164912599992111,-0.17555909312757192,0.14655723408478813,-0.0706874178383238,-0.38430033331276364,0.5830267885009831,1.0
