,prism_tmax_mean_gs,prism_tmax_max_gs,prism_tmin_mean_gs,prism_tmin_min_gs,Precip_growseason_mm,GDD_Accumulated,prism_kdd30_gs,Tmax_Days_Above_35,prism_heat_exceedance_total_gs,nldas_et0_total_gs,nldas_rs_mean_gs,nldas_humidity_mean_gs,nldas_vpd_mean_gs,nldas_wind_mean_gs,spi1_prism_mean_gs,spi1_prism_min_gs,spi3_prism_mean_gs,spi3_prism_min_gs,spi6_prism_mean_gs,spi6_prism_min_gs,spi12_prism_mean_gs,spi12_prism_min_gs,SPEI_30_mean,SPEI_30_min,spei30_prism_nldas_max_gs,spei30_prism_nldas_drought_days_gs,spei90_prism_nldas_mean_gs,spei90_prism_nldas_min_gs,cdhw_count_gs,CDHW_Event_Count,cdhw_max_duration_gs,cdhw_max_severity_gs,CDHW_Severity_Score,pheno_veg_days,pheno_silk_days,prism_tmax_mean_veg,prism_tmax_days_gt35_veg,prism_ppt_total_veg,nldas_et0_total_veg,nldas_vpd_mean_veg,spi1_prism_min_veg,spei30_prism_nldas_mean_veg,spei30_prism_nldas_min_veg,cdhw_count_veg,cdhw_total_days_veg,CDHW_Severity_vegetative,prism_tmax_mean_silk,prism_tmax_days_gt35_silk,prism_ppt_total_silk,nldas_et0_total_silk,nldas_vpd_mean_silk,spi1_prism_min_silk,spei30_prism_nldas_mean_silk,spei30_prism_nldas_min_silk,cdhw_count_silk,cdhw_total_days_silk,CDHW_Severity_silking,prism_tmax_mean_grain,prism_tmax_days_gt35_grain,prism_ppt_total_grain,nldas_et0_total_grain,nldas_vpd_mean_grain,spi1_prism_min_grain,spei30_prism_nldas_mean_grain,spei30_prism_nldas_min_grain,cdhw_count_grain,cdhw_total_days_grain,CDHW_Severity_grainfill,noaa_hail_count_gs,noaa_thunderstorm_wind_count_gs,noaa_tornado_count_gs,noaa_max_hail_size_gs,soil_awc,soil_bulk_density,soil_clay,soil_silt,soil_organic_carbon,elevation_mean_m,elevation_std_m,slope_mean,nlcd_cropland_frac,nlcd_pasture_hay_frac,nlcd_forest_frac,nlcd_grass_shrub_frac,nlcd_developed_frac,nlcd_water_wetland_frac,CDHW_Flag,CDHW_Veg_Severity,CDHW_Silking_Severity,CDHW_GrainFill_Severity,Fourier_sin_P1_0,Fourier_cos_P1_0,Fourier_sin_P3_0,Fourier_cos_P3_0,Fourier_sin_P5_0,Fourier_cos_P5_0,Fourier_sin_P7_0,Fourier_cos_P7_0,Fourier_sin_P11_0,Fourier_cos_P11_0,Fourier_sin_P19_0,Fourier_cos_P19_0,Inter_SPEI_Tmax,Inter_Heat_Precip,Inter_CDHW_GDD
prism_tmax_mean_gs,1.0,0.527506470575518,0.8852788663905934,0.5957442589983172,0.06410384941627108,0.9739052440487568,0.8354962138787486,0.5550274070700913,0.5212212176291838,0.5071055975026425,0.7627579973150239,0.7596092117629104,0.4177659273415335,-0.4946242759781094,-0.15045113360970971,-0.12569654154582463,-0.1305592128439969,-0.11246175127106638,-0.12210648556033066,-0.09629233587794994,-0.06257739386308303,-0.031413848358518286,-0.21547953607646003,-0.25437118742557874,-0.13416346529354642,0.22598182475631334,-0.1912535903907045,-0.19858649849308868,0.3833201890061911,0.3927437930299072,0.3936988303647569,0.38898286582449476,0.38851441523631014,-0.9334447597568124,-0.872992704410248,0.9238103488498194,-0.052441517287096194,-0.2060338143138734,-0.6699571015523715,0.1298126891164487,0.021321050142840674,-0.16271858908748027,-0.11102767013472309,0.06364724664254919,0.06602389413082506,0.06484273715943725,0.8812945455176772,0.5474232921385471,-0.3301265352778435,-0.21284896334940562,0.4107023285604734,0.03484672536238068,-0.12322787586572871,-0.047169014214466266,0.3297860101382194,0.3351680127971479,0.33300124607362064,0.9576846770551478,0.5715690432398075,0.5817202428368994,0.9462432650531144,0.6932552739600872,-0.26392474225676715,-0.1533984259383087,-0.34497807943738446,0.3678298973015856,0.369902381342467,0.36927767914407417,-0.0946345137522346,-0.028232271383188404,-0.05908874162209646,-0.06779744550634445,0.28119504395453293,0.06521596657083326,-0.10842219560538134,0.6326868675711644,-0.33456075949768455,-0.5456034157979279,0.07050225768433022,0.3765511341167584,-0.2686535889187887,0.33598129394302967,0.41789085346564697,-0.005964908133532881,-0.0184280521326497,-0.22905491579175313,0.3628457411151468,0.06484273715943725,0.33300124607362064,0.36927767914407417,,,0.041309318131793074,0.02517994616917811,0.09889225864503678,-0.008516234878521938,0.008039230147046085,-0.010411869833307271,0.0874195603523239,-0.02865818516094078,-0.009373857010291786,0.09048716063360783,-0.33254644230150765,0.5672145122075726,0.3358023974877204
prism_tmax_max_gs,0.527506470575518,1.0,0.34890878471073394,0.10289859189639147,-0.24237250385545606,0.4658572869174784,0.8194539303184881,0.912129927761864,0.9380129552775418,0.5483277453840151,0.3823551640907258,0.17466416394070117,0.5576019188763156,-0.05001526897902907,-0.36046293048936007,-0.22780929763207053,-0.3314867669991893,-0.2723744360738241,-0.29171109463289757,-0.26192576356663555,-0.24279958790330486,-0.24702548341977215,-0.3735671754734001,-0.25351089793231396,-0.2866986735143112,0.3333120181983857,-0.34253728290085006,-0.27046532470397056,0.6474096279689943,0.6517906059697766,0.649465988191421,0.6579827484312978,0.6577723617737901,-0.43584332279258325,-0.5668231062528968,0.47849239032740637,0.42271160606841207,-0.26687387120648537,-0.1189679834987138,0.3498798841360064,-0.0848664616726869,-0.1939855605448091,-0.11237442656631076,0.29817890681532716,0.29921440605487026,0.3005013893492576,0.6656425286855066,0.7740106469116453,-0.4168871593928709,0.1256950453107035,0.5854444334329375,-0.2350861026671736,-0.38830827081266267,-0.2748657259945265,0.5619224133957338,0.5649024351244437,0.5679215725284917,0.3706725601702629,0.5638354870886423,0.22509562336295688,0.5624859367311072,0.5139754696898295,-0.1769959435273828,-0.22608944225599112,-0.2676162327907024,0.41564166397860947,0.4172324377049644,0.41871935452185544,-0.004920053376219632,-0.11274687091576636,-0.025999206487862248,0.022981411430108147,0.2049351684626179,0.022778319120084867,0.0484978086193985,0.2668207032829793,-0.34015207621388954,-0.18888628614799283,-0.0008765703266335862,0.15702847874346404,-0.024465045411689777,0.1682897368756865,0.03856183567452394,0.0397777552634727,-0.164895721660407,0.000280136594079064,0.6277206872931677,0.3005013893492576,0.5679215725284917,0.41871935452185544,,,-0.06025428640211011,0.09780638056849254,0.11689494630921625,-0.0761319586929285,-0.09913779956430507,-0.06212076178974291,0.2258591665248667,-0.14391363567051313,0.11110147544634788,0.055265089055917496,-0.40280354634437365,0.9015093693580302,0.56821470418777
prism_tmin_mean_gs,0.8852788663905934,0.34890878471073394,1.0,0.6932688656374926,0.30837155153838186,0.9566960925076067,0.6778063554158642,0.3758038188601593,0.3373144066309374,0.34964573842294705,0.6975126951308036,0.8694277612117035,0.22666792743619277,-0.4876187169281955,0.1095898907661264,0.053096894962901764,0.11706550563507329,0.09976426191291005,0.11126048144602135,0.11864191494324013,0.126839166351164,0.15655979204716386,0.02893602745448172,-0.08485865727801387,0.04683306087093096,0.0074835145108560226,0.04654596805306612,-0.007926746638261163,0.19375486189291877,0.20349402655705728,0.20777067883234812,0.19999427979272422,0.19845160287021937,-0.8795346083145824,-0.853738119833769,0.7549483290834718,-0.1718530490849573,-0.013292805229222828,-0.7513165330745462,-0.04882000932461339,0.19322039151790818,0.04024610708337939,0.06314642807842845,-0.09731507541716575,-0.09682134017341329,-0.09828682953761717,0.7572049107386979,0.36907425503608243,-0.2054718882392048,-0.353798484717969,0.23703490593883372,0.18652218150576125,0.050016169408242966,0.10503293829264444,0.14738289534475077,0.1524411483607329,0.14922127335521101,0.909216937336775,0.4733120618995407,0.6720942133636508,0.8737097868869391,0.5418192349215444,-0.14736298993510025,0.007611791097588432,-0.20607861819008605,0.2741795859641491,0.27609854624726105,0.2737083549646819,-0.04297092760817343,0.0690614607910957,-0.036812483838243606,-0.03920469145153214,0.25478101546801607,0.11440382945766085,-0.12069060368453531,0.6273215078327187,-0.31522044484288125,-0.6152444787591614,0.0284336526713646,0.29388366112642494,-0.3013563460310861,0.3020874332668493,0.3927783413496794,-0.0678340008812331,0.1060334914271034,-0.1394902004317344,0.18952997749202097,-0.09828682953761717,0.14922127335521101,0.2737083549646819,,,0.05984493491155862,-0.021242659839894266,0.10698934978550745,0.05641486734769516,-0.01332961084861281,0.027075477974772427,0.017144567990720096,0.02401315858612798,-0.09959637148261248,0.04326817175572775,-0.1421796573633264,0.40767208678481076,0.1523815649181466
prism_tmin_min_gs,0.5957442589983172,0.10289859189639147,0.6932688656374926,1.0,0.25078908526305627,0.6157003611355961,0.34070087453388925,0.13683670063477138,0.10463496081120519,0.1331086016719146,0.49063719312389675,0.6081941138206255,0.0402074352711877,-0.45486036085810083,0.11817892048880285,0.05133443960360587,0.11523295321019855,0.07943304434722978,0.11906246368061348,0.11997620130722189,0.1485165093887363,0.18027824914415633,0.06321707647767041,-0.036787190865479553,0.03865262071927941,-0.04273606692975203,0.06671416488566813,0.0003702646474287623,0.07058750355626225,0.07805534505171743,0.08206846471532947,0.07857166036914752,0.07652588133761004,-0.597027096368237,-0.5381772318266597,0.5714312274518926,-0.23862059169479338,0.04893790083620172,-0.59380316473589,-0.15647713996668078,0.19635733778478198,0.06304884758117044,0.05913560376483039,-0.1375669217612541,-0.13737583381060325,-0.13838236266282028,0.47386319186642134,0.1896499766595093,-0.13082466089599548,-0.28850847624025844,0.06358917676543227,0.14001565831092846,0.07130689115954726,0.09497220561948021,0.08850771019964872,0.09256648177141842,0.09246684497407848,0.5436716926651263,0.2589428573238582,0.46203698057056153,0.549741063508495,0.2762072934446944,-0.11894605491364464,0.032480779194630986,-0.13151725037997003,0.1374050826724107,0.13830316129290254,0.13646218191656623,0.041403488859301306,0.1586430860648957,-0.026341860644327482,0.017453846067533405,0.10719144063230206,0.09514226583231258,-0.13951500963129443,0.44459350606219467,-0.1177184629959001,-0.5201476098811101,0.0049930385904505235,0.17811009513182732,-0.2281856377434979,0.1663596840794689,0.31718330859167065,-0.0991023252399596,0.1891994154369064,-0.10647070038956678,0.06386887467897795,-0.13838236266282028,0.09246684497407848,0.13646218191656623,,,-0.015184047362295106,-0.029983064066338955,-0.02171423718006791,0.13648419478894505,-0.0763708457379999,0.05510592720491136,0.01757312610518465,-0.07674712628317547,-0.020172450391954477,0.03710485788566151,-0.05563370078916411,0.15815318072916018,0.09455270557553529
Precip_growseason_mm,0.06410384941627108,-0.24237250385545606,0.30837155153838186,0.25078908526305627,1.0,0.17720552190765337,-0.09713200942078552,-0.22197500892672767,-0.24527468204011393,-0.23674175960288832,0.05176849747890281,0.4678024868590986,-0.3761414784600509,-0.09538684001101655,0.8858136718118418,0.4592368193514695,0.8407416408439117,0.6237873402077273,0.7561920331914983,0.6149729858129434,0.554577122715226,0.5325637728089677,0.8176637053339442,0.4314241977737547,0.6414737842902397,-0.6294662627228412,0.7771306066812934,0.534304495510505,-0.35707956081569486,-0.35039952143776987,-0.34238442393736135,-0.3508560902523993,-0.3531045179506096,-0.1363065168251124,-0.13989566451520755,-0.013499177956878054,-0.20207680216214133,0.6881798298787362,-0.32030933783877097,-0.3594154031951863,0.5038704238392193,0.5926683636132006,0.4514473803395127,-0.29083075965659383,-0.29191299484506433,-0.2926802118851948,0.008670385802291607,-0.21420235951709762,0.4065159802383551,-0.3456836525749857,-0.32579492228717066,0.4680572081988265,0.5566975221101188,0.4907548652566135,-0.3254268168805461,-0.3235302165981959,-0.3260824321995459,0.09569299867517585,-0.05731242910738316,0.4817243884714991,0.05539841590063081,-0.26274764316813654,0.29544356872919597,0.561552490328914,0.3873054120091225,-0.1491408527687635,-0.14722063841547142,-0.14899846643175463,0.10565520946979784,0.1632231170983181,0.07411424643290526,0.07943493885408366,0.10577156599520926,0.027243866632788945,-0.03627398773173031,0.20020624401574788,-0.10060230352859474,-0.12182226638251056,0.03390872656953147,0.16309511358741882,-0.10873925673158465,0.16117925198744476,0.14866662961634733,0.005512257250816493,0.041369701675869,-0.1103674451312511,-0.33707274797802533,-0.2926802118851948,-0.3260824321995459,-0.14899846643175463,,,0.04937156463921892,-0.15555662266147277,-0.04217245714160728,0.10395740283195429,-0.012926599013595563,-0.03758305011100301,-0.12638134054738284,0.11098337253363588,-0.12753498057628548,-0.14110552840938484,0.4485203248902812,-0.14758364268552102,-0.3250758572911929
GDD_Accumulated,0.9739052440487568,0.4658572869174784,0.9566960925076067,0.6157003611355961,0.17720552190765337,1.0,0.7963871138724308,0.4895325902810388,0.4523910961846286,0.4632629766825208,0.7527011083384783,0.8355505592722572,0.3557996491616355,-0.49400934703281696,-0.03240324812947524,-0.04612413498057689,-0.015954040582785864,-0.011750485216976799,-0.01778118034988109,0.001495004721698024,0.02366759364609427,0.05221317000356603,-0.10814195325471199,-0.18201591141051313,-0.05234375394477002,0.13271168361646324,-0.08429066162686347,-0.10991357378618405,0.3027929895610493,0.311980381010973,0.31436094715086393,0.30772946924576927,0.3068365920687235,-0.9394986299837998,-0.893280698773858,0.8619586870613466,-0.09250641879452941,-0.12803077657467474,-0.7213657338158791,0.06799282164214135,0.10221261269402762,-0.0749216403687486,-0.02662287539348727,-0.00462783446399553,-0.0029854141980236943,-0.004429521490219345,0.8509258966228342,0.47550622625286293,-0.27558636357768873,-0.2813632443379769,0.3531332296821675,0.11127601119400617,-0.04321455488453891,0.023435986347830576,0.24769888225449999,0.2526220868764752,0.24961778590803682,0.9717251744687345,0.5382666756043997,0.6376474881856606,0.9476812409742396,0.6560784835837984,-0.22122611896869152,-0.08376316602046845,-0.2943553634848,0.3291707523932103,0.331036920463099,0.32955904370248035,-0.08302867978786155,0.005777442973382206,-0.05078857785061522,-0.062437538729379814,0.2856227979960079,0.08400298155326369,-0.11025870803799522,0.6444176773172862,-0.3446329627762739,-0.5798080642819411,0.05369893551826758,0.35376805977791187,-0.2808366696412686,0.32873199751202,0.4103331325406661,-0.03137013247653232,0.020038481577209652,-0.19764456673288708,0.29155847246983757,-0.004429521490219345,0.24961778590803682,0.32955904370248035,,,0.054287643769036074,-0.001955477015191039,0.10802762132912216,0.008551416830560975,-0.0009485656767884708,0.0038532415302425208,0.06878494359506013,-0.001792884247194099,-0.06116017312847998,0.0752851687038465,-0.25399223854388936,0.5111583497044146,0.25265359083984845
prism_kdd30_gs,0.8354962138787486,0.8194539303184881,0.6778063554158642,0.34070087453388925,-0.09713200942078552,0.7963871138724308,1.0,0.8020099052512425,0.7825657454927845,0.5794298095487902,0.6174901214426326,0.5237235337235469,0.5369168266848008,-0.28477726896364247,-0.27442482449519295,-0.181834718386095,-0.24568662406460628,-0.21374986914876196,-0.21069885266647925,-0.17520003978588464,-0.13462684962973467,-0.12555104582341806,-0.3121132744439897,-0.2624284068568817,-0.2221281390660619,0.29735001368165515,-0.27567323159406626,-0.23898428564884014,0.5681006217940411,0.5745351037089099,0.572211125160525,0.5714949296438401,0.572384928768811,-0.7412588761284425,-0.853036748701097,0.7460294176636858,0.20483472886491305,-0.2542333331510198,-0.4359013678067833,0.2446119158684176,-0.016337638930793694,-0.15588562414370122,-0.08389942416045762,0.21729582565984717,0.21942346516529312,0.2190398692643836,0.9210524625413783,0.7493582443838631,-0.4524766549774936,-0.07728072549685219,0.5716924680167033,-0.1338749306608068,-0.3257051380656254,-0.2092254348716184,0.5067521409483008,0.5107235992127357,0.5101083903614193,0.7121257517555168,0.6116814108204847,0.46366763446604126,0.8413555105048198,0.6601768587188293,-0.2146403171431367,-0.19723157551932152,-0.3170069964469218,0.41765995978987375,0.419610260547889,0.420038536845228,-0.06480926409564039,-0.08717612190033724,-0.05555240379745051,-0.035749737064860794,0.26104684985260584,0.05233416683704555,-0.024778897746478,0.4786748260165234,-0.37796079709520614,-0.3975758805596978,0.028338078806809216,0.27347823760397943,-0.15061557422932653,0.2636320191910187,0.23200500569898666,0.01958998101767037,-0.10561907281766804,-0.10436609897479283,0.5412898613319462,0.2190398692643836,0.5101083903614193,0.420038536845228,,,-0.044507745996275085,0.05080953150580503,0.1721096794375842,-0.08290991029765153,-0.060774905418449585,-0.041530642767693186,0.1895669905557601,-0.07512874264042997,0.02406772703708211,0.061597112700127875,-0.3840200944565819,0.8027145224720159,0.5115905263475035
Tmax_Days_Above_35,0.5550274070700913,0.912129927761864,0.3758038188601593,0.13683670063477138,-0.22197500892672767,0.4895325902810388,0.8020099052512425,1.0,0.9866723748943421,0.5438843412020672,0.4148891890386948,0.19239617181952684,0.5526456230297809,-0.07593615364253099,-0.3483519666923085,-0.22592924687818453,-0.31651821252094264,-0.2730570920276587,-0.2835415088520061,-0.2598116579428995,-0.236791564414382,-0.24310634579421175,-0.36817663533581957,-0.26923854023533544,-0.2791801043044729,0.33883830822949346,-0.33448199387209254,-0.2822466264931886,0.694952905054044,0.7010313824146452,0.6985718586487132,0.6982608921148725,0.6992641700702572,-0.46497491605559305,-0.5803161643057981,0.5068867222349133,0.40309958487224623,-0.24425215752186627,-0.140922055816777,0.33001664136952874,-0.07266132952637935,-0.18889818735193245,-0.12014426532877337,0.29618409929826955,0.29807310824920974,0.2977604943162582,0.6751582433415516,0.8740667102852778,-0.4130166462423146,0.12012516739026254,0.5739443971282898,-0.22926403332632636,-0.3790462376605436,-0.2770027404621956,0.6051343882677098,0.6086831766039714,0.60822199460214,0.4242460852495899,0.6674502233855204,0.22473311213302055,0.5834242829915138,0.5359905689147614,-0.1955394069038092,-0.23389827732950444,-0.28756685777335844,0.473478224767814,0.47539898653714197,0.4759907570717469,0.012531785507429965,-0.09533794982762546,-0.027727694340630892,0.028207575649319135,0.18046807979845259,-0.02922394143093108,-0.01057739196739925,0.28871537471071274,-0.3170743034241713,-0.1876631848869118,0.035736553088086494,0.18733120270859296,-0.09546783025294088,0.20601017275388822,0.10621477490717468,0.0630823122840337,-0.1739854911139636,0.003162655496697583,0.6719800867197977,0.2977604943162582,0.60822199460214,0.4759907570717469,,,-0.06885750710904974,0.09013865158999003,0.10548505664982336,-0.11815233642139958,-0.08728829023280163,-0.06311481674953888,0.19801650243176808,-0.1824594145126626,0.13364987340972642,0.056494158902196404,-0.39992152086823224,0.9946599610007557,0.6089154422953457
prism_heat_exceedance_total_gs,0.5212212176291838,0.9380129552775418,0.3373144066309374,0.10463496081120519,-0.24527468204011393,0.4523910961846286,0.7825657454927845,0.9866723748943421,1.0,0.5400460667572263,0.3905073389131178,0.15152283237490138,0.5542829107046021,-0.05101762023568782,-0.3637043719607539,-0.23523790435687705,-0.33081708522959913,-0.2839949318166782,-0.2955276175890012,-0.2702838524456314,-0.2531037592421821,-0.2597501336169938,-0.38133837824095246,-0.27507719378428425,-0.28955904186829795,0.34990478801240693,-0.34689036097810383,-0.2913210015436123,0.6949806819578896,0.7007844515125934,0.6984490313788383,0.7037547380521294,0.7041711944486286,-0.4289672085172531,-0.5505829771917915,0.4773104522410301,0.4267646330328395,-0.2520672964468894,-0.10591119440138344,0.3403589852456094,-0.08829860069762906,-0.19932211240305375,-0.13147494452530858,0.3078954029227537,0.3094565965596753,0.3102318271200807,0.6490751296415785,0.8493228984439208,-0.40872889161298387,0.13772025963976428,0.5737100849285506,-0.23929354909170394,-0.3864860084490172,-0.28602542020088595,0.6051510014554461,0.608713963661135,0.6105371347403801,0.38509188804081357,0.6391800635268177,0.19242683154191695,0.5530214593612481,0.5226303888049261,-0.19130258044532863,-0.2433667133069804,-0.2865360320460065,0.46163873068519057,0.463664518824995,0.4649645436343191,0.00889634794414066,-0.10201961194025086,-0.026148902003616494,0.02708415899312929,0.17898786562696986,-0.02619478180747182,0.004090581184639975,0.26454212855033693,-0.3079031684704297,-0.16333114245728816,0.033372348186585146,0.1745600977523731,-0.0781382578598231,0.19202093129522305,0.08309461304889286,0.0626819810788068,-0.17381906177881506,0.0077055681531357344,0.6722974496258123,0.3102318271200807,0.6105371347403801,0.4649645436343191,,,-0.07205629518015555,0.0939829995777166,0.0999944978944579,-0.10790231580949597,-0.09565334613594959,-0.06408952586271328,0.2032698527533376,-0.18008485067221425,0.13280569787210192,0.05418720026994215,-0.4102258377242788,0.9779231097985893,0.6110532459791552
nldas_et0_total_gs,0.5071055975026425,0.5483277453840151,0.34964573842294705,0.1331086016719146,-0.23674175960288832,0.4632629766825208,0.5794298095487902,0.5438843412020672,0.5400460667572263,1.0,0.6681733136425388,0.02318847540460425,0.9618940143914966,0.2664810343032295,-0.3169002040809284,-0.24026319712321476,-0.295533806935946,-0.29989275325963544,-0.2731843278576539,-0.26002449815839496,-0.20647296578553628,-0.2081067838869435,-0.5552004480794086,-0.5124498206272046,-0.30173704658786904,0.5652216606749161,-0.5110332300567937,-0.4795664632602392,0.5203609912364773,0.5195076952846134,0.5134127561371972,0.5182041574905828,0.52014419766344,-0.4832186477337023,-0.4146523419445569,0.49908833114535456,0.22053114039226052,-0.3243932413760535,0.14473076702658838,0.7694101556592965,-0.10360722675639197,-0.36794617502371735,-0.2654803465233235,0.2355391318903036,0.2363080153207673,0.2371407629992763,0.46991120745463216,0.4641162059564777,-0.29606190518928877,0.581426287038321,0.8906981345325874,-0.18670452004063187,-0.43542026972530784,-0.40547454119601184,0.4408787623344616,0.4408352465947477,0.4405556986271998,0.4199192412797749,0.4400996916535602,0.2023055346313626,0.6469623560734442,0.8146329265908373,-0.17795741851819888,-0.35728616434494076,-0.46483629012116195,0.38362765853221026,0.3839193582213617,0.38494773558642836,0.12152925374576325,0.01953193016024282,0.023936799745528956,0.11072739287892379,0.23566472648838507,0.04081794627959536,0.12372765692644176,0.21209515916205215,-0.38878679813275724,-0.06718405784385076,-0.01737140531008065,0.09365641471472588,0.08095399783586425,0.1275256571408903,-0.06592320574357248,0.02053465573836396,-0.25389821213395014,-0.02364330354095629,0.49340174215951366,0.2371407629992763,0.4405556986271998,0.38494773558642836,,,-0.016282107290214752,0.07740651775179896,0.06734347615636538,-0.08698274641485831,0.015169340832011461,0.005402123240811584,0.09220426973563453,-0.1689317467578702,0.010176392412411025,0.05501871430107341,-0.5781377579190703,0.5263561667652769,0.44084765031823836
nldas_rs_mean_gs,0.7627579973150239,0.3823551640907258,0.6975126951308036,0.49063719312389675,0.05176849747890281,0.7527011083384783,0.6174901214426326,0.4148891890386948,0.3905073389131178,0.6681733136425388,1.0,0.4965298716706832,0.531581670316899,-0.20156985364940683,-0.09716261115591085,-0.13437517204096672,-0.045575979828901915,-0.0851526841093497,-0.03848299113040982,-0.03751635625889113,0.04328688252175903,0.0642511341638353,-0.2850328522240928,-0.3864727928578099,-0.12617148859144128,0.33665308581224423,-0.22190386829692946,-0.27007042355090133,0.3712809743362136,0.3768252899591804,0.3755560232064303,0.3749951150669736,0.37540122232410233,-0.712852695299068,-0.6546641955301057,0.690625811333603,-0.00373166628624818,-0.17291793819446807,-0.3145321610912758,0.27371291587389207,0.03130976409445986,-0.18355208235598755,-0.14206544982275535,0.1192972408192294,0.12074698894180627,0.12022453648165159,0.6462038552597463,0.39748159286020945,-0.22386292424376672,0.10347882779811254,0.5036430468742726,-0.0002782994760277325,-0.18042623974840608,-0.2036016314986054,0.3297005549265938,0.3333061160952605,0.3339859608126857,0.7198607095663125,0.4582796103262308,0.4535479861692448,0.797651752537918,0.6977437923877827,-0.2282487595401777,-0.24610215706623223,-0.4466522558179137,0.3250477029425064,0.3271362051554213,0.3269664084291029,0.03723698402911338,0.12972660086443072,-0.018800280990678785,0.01577810642702622,0.16384825471621478,0.03806263650691664,-0.11099326043556704,0.44296669752236156,-0.22827017043761133,-0.38630233673350395,0.0660240370008869,0.23551762001683985,-0.22095278865159462,0.2478858917562841,0.299793195366627,-0.012503148784139929,-0.007490057634209424,-0.14939325072578266,0.34236429981993427,0.12022453648165159,0.3339859608126857,0.3269664084291029,,,-0.04548267215367687,0.02433025512778396,0.011659718300101861,-0.1224494271292216,0.019918020585487396,-0.01654741093841583,0.09043313832825359,-0.016898875165512438,-0.126315235576635,0.11609857581806522,-0.4307390285289386,0.4223730453028397,0.3355795007265231
nldas_humidity_mean_gs,0.7596092117629104,0.17466416394070117,0.8694277612117035,0.6081941138206255,0.4678024868590986,0.8355505592722572,0.5237235337235469,0.19239617181952684,0.15152283237490138,0.02318847540460425,0.4965298716706832,1.0,-0.117669294653914,-0.6135829257110192,0.27940489019969017,0.15596745334251302,0.2895946277429064,0.25859841753267376,0.2741340535263228,0.2666733196332738,0.2667694519324747,0.29118257991489366,0.2947487170833421,0.13493429731267595,0.20626637337816822,-0.24822377409334492,0.30590879535968857,0.22265439205436446,-0.02361982249883309,-0.013381947537632244,-0.0054564342941757025,-0.01656617475635065,-0.019226478195582403,-0.7465964954806988,-0.7381815752207649,0.6253585632316628,-0.21423594349177694,0.15375407858262674,-0.8672876671766813,-0.3375393566386868,0.2917975656163541,0.2232852325817887,0.22622233370754466,-0.17365632055458627,-0.17378180236488153,-0.17566652315589187,0.6428572417548429,0.20003396022037154,-0.06763592334183974,-0.605841513894899,-0.08505894851541206,0.2945194024256993,0.2718151380380997,0.3150820365572615,-0.05541856252324199,-0.05065538479178113,-0.05430777780352385,0.7833290006020426,0.31442547411836247,0.6350033428891345,0.6715851218203842,0.2166942238046326,-0.0861772113732671,0.1866367109619524,0.0015508569387167994,0.09748805748507831,0.0993976746436138,0.09639894570283504,-0.1181519604241849,0.031511451473715237,-0.040264633325509946,-0.09638694695300114,0.19105763812956522,0.06881156530813015,-0.18052752738649983,0.5866789447887124,-0.20420318057107426,-0.5906298236117558,0.05675038049551015,0.3251545110937488,-0.3021070542326466,0.2902146337114693,0.44948319877925474,-0.06176409996624031,0.100457959241094,-0.21826337377988592,-0.007074489418423147,-0.17566652315589187,-0.05430777780352385,0.09639894570283504,,,0.09545847750451165,-0.078405403831666,0.08876419682483291,0.10494493476440928,-0.021824939658411716,-0.01442788173980049,0.002861704013259331,0.12148151061830066,-0.13114362335569624,0.0514184224739927,0.09323903049758828,0.23579476749900466,-0.05129224001612945
nldas_vpd_mean_gs,0.4177659273415335,0.5576019188763156,0.22666792743619277,0.0402074352711877,-0.3761414784600509,0.3557996491616355,0.5369168266848008,0.5526456230297809,0.5542829107046021,0.9618940143914966,0.531581670316899,-0.117669294653914,1.0,0.24204374029043457,-0.4237488203410861,-0.2879469448118523,-0.41250196408867873,-0.38434519260469197,-0.38562833431045596,-0.355883407516927,-0.31338913014055897,-0.31620989356261536,-0.6437560754836996,-0.5350465808765658,-0.3702518195927844,0.6257890312572116,-0.6084702580354447,-0.5390677638085427,0.5535713641804075,0.5524834118276675,0.5461849037029243,0.5511773089999383,0.5531976516585502,-0.38862447642451536,-0.3217168478357989,0.43036256170115916,0.2491575992015394,-0.41065351588631577,0.22136446775414087,0.8208383306550657,-0.18984748400477905,-0.4379347836542637,-0.3244729969588924,0.2649375947981647,0.2657013161868796,0.2665732160158096,0.40196853512134434,0.4699782058785127,-0.3298869816439196,0.644211340656151,0.9300660605557032,-0.26941714784274956,-0.5152555891847944,-0.479291542837744,0.4704491743557142,0.4706063859783307,0.47041515529199757,0.3415956880738604,0.41626138752771685,0.0987269612314112,0.5492110127559025,0.7934340131613371,-0.17113913976242806,-0.3888180307614875,-0.4591683610783464,0.38791681388512744,0.38784460297326956,0.38900872263601016,0.10814265386705807,-0.024103974531280308,0.010445464377911062,0.10254369857262471,0.19387686290521552,-0.004703175933925767,0.12400478303356416,0.13440538496573765,-0.3282956802241219,-0.022439210925842407,-0.01683967352344702,0.064775095165395,0.09349688193573885,0.09848379351125512,-0.0912689030783008,0.03294300478507049,-0.26246480473206574,0.033488629965309574,0.5272766675013113,0.2665732160158096,0.47041515529199757,0.38900872263601016,,,-0.01809507562937622,0.09851743791795219,0.06425060634413701,-0.10549612315837298,0.011686924271795041,0.007687434791558511,0.09856574348886553,-0.20816950517389143,0.06616344826034638,0.02246884657903957,-0.6008200509385717,0.5254329217819698,0.47043156230946603
nldas_wind_mean_gs,-0.4946242759781094,-0.05001526897902907,-0.4876187169281955,-0.45486036085810083,-0.09538684001101655,-0.49400934703281696,-0.28477726896364247,-0.07593615364253099,-0.05101762023568782,0.2664810343032295,-0.20156985364940683,-0.6135829257110192,0.24204374029043457,1.0,0.005580963953353668,0.010408467148112182,0.0006011681891910205,-0.04548597650927371,0.02744748769347182,-0.0031490618697611536,0.028303913437982588,-0.005002974298696392,-0.09658587013189257,-0.06055812308347959,-0.04615652312104757,0.09973915990703681,-0.08912169706727062,-0.07080263453835214,0.017753935674672042,0.007847595536237918,0.0007941571362489374,0.009034281835157764,0.01143823717715786,0.4516812305248262,0.43129843363070963,-0.45997206895782444,0.17740477054521556,0.07959720347339433,0.7363154656088335,0.3801317393214042,0.0036041199841086663,-0.01265284629495708,-0.002536239343325366,0.067459804718022,0.06641919109188767,0.06826780613056686,-0.4083047250953587,-0.11393367651630526,0.0950225949321205,0.5912373124856956,0.1890918922363473,-0.11493816357985562,-0.15805396423790863,-0.15627962423240147,0.02239331284764971,0.016365418355574667,0.01691439711357013,-0.44659794993304486,-0.15943354395276685,-0.3182738242374714,-0.32057145919162877,0.009222319844582256,0.11237171209755785,-0.07534273311218433,-0.005015075125605202,-0.022047361286819566,-0.023219619765434203,-0.021494710806941875,0.22094474844324738,0.043626777791910064,0.09869271435493972,0.18467300438749712,-0.021393234882503737,0.031196253888446886,0.19870394816479547,-0.3832096335601223,-0.12862478064854402,0.5217177797503961,-0.08970854676318107,-0.27517801994557145,0.2997379181072493,-0.18103149432085555,-0.46893822234097593,0.06000514114320733,-0.2512653420709277,0.16183893965415022,0.009044417617011134,0.06826780613056686,0.01691439711357013,-0.021494710806941875,,,-0.052759255961297234,0.006600025434454123,0.02158740818591289,-0.007792901236955167,-0.013551155810184188,0.00550388067997696,-0.06968506103678417,-0.028839210443031154,-0.001513054962294291,-0.0232426211331669,-0.04395979835099424,-0.08880461683865144,0.014952841406200923
spi1_prism_mean_gs,-0.15045113360970971,-0.36046293048936007,0.1095898907661264,0.11817892048880285,0.8858136718118418,-0.03240324812947524,-0.27442482449519295,-0.3483519666923085,-0.3637043719607539,-0.3169002040809284,-0.09716261115591085,0.27940489019969017,-0.4237488203410861,0.005580963953353668,1.0,0.5954083995270532,0.9394022467441654,0.7525797647142531,0.8425773714469916,0.7181873621344447,0.6178677927895485,0.5902955656455684,0.9081104223164267,0.5530476821205861,0.6542659842023149,-0.741323522524848,0.8583315485132006,0.6487634864961407,-0.45245368425150595,-0.4487227028045473,-0.44106794104855135,-0.4485429550113193,-0.45069228299776226,0.06623446343151256,0.053908033055594676,-0.20569127257608552,-0.15742503399103758,0.661041466046019,-0.14586242873303618,-0.32310245224346684,0.5693579021089089,0.6636402249983785,0.5341364008811295,-0.28875661976006495,-0.28998285756346537,-0.290463964067365,-0.19280990109500892,-0.3461775910246263,0.4878334099696309,-0.28858441302522303,-0.39607285403939296,0.5029841271870581,0.5944099590178568,0.5057315036426931,-0.4051284367271756,-0.4047422878324988,-0.40693339127307326,-0.060138674874653526,-0.19113832579467785,0.30919148473578595,-0.15069807065343593,-0.3575361438778275,0.4048502681532569,0.606241780167643,0.4756310559458673,-0.2539089397905703,-0.25278605840448115,-0.25418181957338665,0.12155915195378204,0.1756246829401861,0.10202238945097426,0.0889083194091248,-0.009209348406671123,0.00257793748733807,-0.014372306313065901,0.018569223269401584,0.016375202535758512,-0.02662616655750279,0.0022283961587168466,-0.0021168138109129834,-0.002556522421126354,-0.01312545328509394,0.009954832796863995,-0.020644699334708014,0.03131644113692388,-0.006747187817983175,-0.42600241694643726,-0.290463964067365,-0.40693339127307326,-0.25418181957338665,,,0.045223134444783424,-0.1711405603427985,-0.05713240875622793,0.09586624018164862,-0.02167089611435904,-0.01866340823049442,-0.12901705833998128,0.13717246733533048,-0.12593000692610912,-0.11805573690463549,0.5836813730793186,-0.2834452327811432,-0.40643829119476343
spi1_prism_min_gs,-0.12569654154582463,-0.22780929763207053,0.053096894962901764,0.05133443960360587,0.4592368193514695,-0.04612413498057689,-0.181834718386095,-0.22592924687818453,-0.23523790435687705,-0.24026319712321476,-0.13437517204096672,0.15596745334251302,-0.2879469448118523,0.010408467148112182,0.5954083995270532,1.0,0.4848320645014473,0.5604687676877217,0.427093714831635,0.4406504734727931,0.31617287910151737,0.3278408937494228,0.5305898948167007,0.7020358981788807,0.25167205609418053,-0.6415751088013664,0.4568163281732716,0.4966756030560732,-0.32266704256878315,-0.3211073118206103,-0.3163624090112723,-0.3218284588442281,-0.3234276653254557,0.08142348491578456,0.04500901175869573,-0.15960489930700858,-0.12440963731912204,0.3244132783556563,-0.07456959035071263,-0.22617613753871116,0.5184102230710863,0.36482581516463963,0.46742474768978504,-0.2108711338274904,-0.21240233773606643,-0.21276719611008726,-0.12916490280470677,-0.2234467449477046,0.2450668054330207,-0.18689989222502312,-0.24810083020521828,0.4403251609776843,0.3109254519840476,0.4008264909858266,-0.2942719184802797,-0.2944730758151744,-0.29688134000309985,-0.06468140377724844,-0.1446802269730983,0.21553390579132317,-0.12126013361101289,-0.2268842407934247,0.572781578522458,0.4220603038493236,0.5020627853221513,-0.17705151536142125,-0.17695719604341334,-0.17843711676161791,0.06193469482506335,0.07984221996631989,0.046619937404197384,0.03953536696947506,0.03514786047307483,0.018484282680362042,0.02330458922846325,0.017494386114406638,-0.01770536526752941,-0.01597143694561503,-0.010209162879815516,0.004738628688487355,0.005930277042367882,0.007726206786894038,-0.005139660860987862,-0.002692735486165108,-0.00046734384764305075,-0.0029285509647508064,-0.3043301341220078,-0.21276719611008726,-0.29688134000309985,-0.17843711676161791,,,-0.061815189635328734,-0.07157031156381438,0.047995126348758646,0.061585713504878105,-0.03921734534000954,0.03247705797515407,-0.14221664751759286,0.13566703761629512,-0.06988914936328018,-0.034518387583792394,0.700647998133345,-0.19221130822518948,-0.2963803648234609
spi3_prism_mean_gs,-0.1305592128439969,-0.3314867669991893,0.11706550563507329,0.11523295321019855,0.8407416408439117,-0.015954040582785864,-0.24568662406460628,-0.31651821252094264,-0.33081708522959913,-0.295533806935946,-0.045575979828901915,0.2895946277429064,-0.41250196408867873,0.0006011681891910205,0.9394022467441654,0.4848320645014473,1.0,0.7589000843901036,0.9427199835556964,0.7986320151347439,0.686978440888272,0.6440102877745225,0.8659321117033352,0.4740057835112951,0.6876480153296612,-0.6553329294262912,0.9207498509303768,0.6648745113208534,-0.4304089734299551,-0.4273292432419775,-0.4205880755684948,-0.42713854683461205,-0.42894009150949375,0.07103241719817371,0.03519312746844812,-0.21570012999646263,-0.14871338503822024,0.7285787725484699,-0.1597263189177619,-0.3651749306843269,0.5947277112464788,0.7469387809599888,0.5707525379873342,-0.30292471106300217,-0.30421149948335646,-0.30480826630228636,-0.1751464928361656,-0.32040603315085947,0.4558538327738279,-0.2998376288242013,-0.3978778161750406,0.4667338898154518,0.5924348525447947,0.47813873757306957,-0.3876530367430311,-0.387432701543833,-0.3890730452712427,-0.028974959128636752,-0.14849477263153382,0.1897143039313978,-0.11723500950655598,-0.2904931642828505,0.22847360747773482,0.419517520213521,0.31203415552346414,-0.2233856892315298,-0.22290253643438132,-0.22436827378150698,0.12038912067707853,0.19414768846571168,0.10187189092988647,0.0887199705098878,-0.010742854236174607,0.0029650880926306916,-0.023948157907774152,0.032079061871665676,0.02163757096059158,-0.043075980560416234,0.00629261838855003,0.0068170371302140815,-0.013078857919060074,-0.007009231807146234,0.027043897312995818,-0.025941128425598373,0.04164814294583217,-0.015506633615095222,-0.40484902968400155,-0.30480826630228636,-0.3890730452712427,-0.22436827378150698,,,0.029997450258553875,-0.1939633215727956,-0.0911269553050039,0.059330155764976945,-0.06484925316559896,-0.018822507302255275,-0.07101468680076839,0.09828830997140145,-0.13230009293777886,-0.12617807984204368,0.5053557970992159,-0.253517269023682,-0.38860098568230217
spi3_prism_min_gs,-0.11246175127106638,-0.2723744360738241,0.09976426191291005,0.07943304434722978,0.6237873402077273,-0.011750485216976799,-0.21374986914876196,-0.2730570920276587,-0.2839949318166782,-0.29989275325963544,-0.0851526841093497,0.25859841753267376,-0.38434519260469197,-0.04548597650927371,0.7525797647142531,0.5604687676877217,0.7589000843901036,1.0,0.6750749779105506,0.7414367331005092,0.5071020134994992,0.524299552485703,0.7022947270509117,0.5285795869298942,0.3709139822730027,-0.6867056433655572,0.7048276803987797,0.847512806835413,-0.40876854476167085,-0.40577145487193134,-0.39923365501480007,-0.40570602763986585,-0.4077808583188185,0.05570234947865077,0.02460707818975377,-0.16976005831360508,-0.1270652967270137,0.46137269441367107,-0.16672891412906662,-0.33477382544982426,0.5076470132818759,0.5341046013736054,0.5168956476924668,-0.27272297365573295,-0.273975871532255,-0.2746136844082676,-0.14194119635444735,-0.2746464530983044,0.3857458334337712,-0.2836874163342781,-0.3451722438225897,0.4584737125363532,0.483643169102723,0.4672951084498799,-0.3684169637701206,-0.3685787335045492,-0.3705305561306018,-0.051177656492604695,-0.16755279002221438,0.23003857123048818,-0.10452487425272661,-0.27221939105393617,0.2568009863878661,0.4364317956360458,0.3171828645085347,-0.23278598998838962,-0.2323124735044823,-0.23393729988318626,0.049812261773613226,0.12723042262107867,0.06710192079397098,0.03416009555944943,0.03964910656647019,0.041836482604578916,0.01970147091448662,0.060185759232017286,-0.028665612424555044,-0.061339284685610736,-0.0031902248238173648,0.04081689971949904,-0.000693435752154323,0.013641528037673255,0.027912851441724635,-0.038347735503098904,0.04286564741275769,-0.05332932498238574,-0.38345169123536005,-0.2746136844082676,-0.3705305561306018,-0.23393729988318626,,,0.045107411397381794,-0.1210877722229397,-0.09061292736386006,0.07903949749938993,-0.08269216082229137,0.04146536020461573,-0.03318797409276366,0.14049574138505783,-0.1074274384227507,-0.010719944150383713,0.5471103507101537,-0.22602852363915654,-0.3699029149665483
spi6_prism_mean_gs,-0.12210648556033066,-0.29171109463289757,0.11126048144602135,0.11906246368061348,0.7561920331914983,-0.01778118034988109,-0.21069885266647925,-0.2835415088520061,-0.2955276175890012,-0.2731843278576539,-0.03848299113040982,0.2741340535263228,-0.38562833431045596,0.02744748769347182,0.8425773714469916,0.427093714831635,0.9427199835556964,0.6750749779105506,1.0,0.854657529557458,0.7887937847527258,0.7373320508291585,0.7837071304380692,0.43089791857127574,0.6457765290995112,-0.5838637796771909,0.8873032993137395,0.620238150178112,-0.37339412767594493,-0.37076050205833144,-0.3649475640174233,-0.37052763623773394,-0.37203871301907004,0.08997010324740463,0.027500032843667328,-0.22839889624265794,-0.14858875666818405,0.7611935597958174,-0.1645866825117451,-0.40910037457691334,0.628382374174815,0.8203325152563375,0.6134396767923721,-0.294494810525845,-0.29592294217316756,-0.29624178831870235,-0.150596278208458,-0.285565276584507,0.32014885327517445,-0.2754857394156491,-0.3634640522591927,0.36415906927120417,0.46190877495417176,0.3873827714885026,-0.33817530498196446,-0.33802130523552065,-0.33982674160886134,-0.017806988334357877,-0.11940568959763877,0.13402486056806737,-0.10643208481465934,-0.23670283398342684,0.1510938649398232,0.2976395599004641,0.22519611804660994,-0.17341053383101937,-0.17304156208372368,-0.17473188033168421,0.12695499770516733,0.19117553393543266,0.09254114639998921,0.0901653117880271,-0.018470662563103705,-0.0025611571878212335,-0.020561489307991645,0.014083514919700078,0.026494193153845123,-0.02256597665132448,0.008205410688240333,0.003142324359589174,-0.009245225168861991,-0.010047451752892197,0.017553554242849472,-0.020461780838692843,0.04190580997705564,-0.01521604669181251,-0.3499686042722327,-0.29624178831870235,-0.33982674160886134,-0.17473188033168421,,,0.020687400911505328,-0.24666229338598095,-0.08501685360057287,0.06448052099435689,-0.10548938773024599,0.005243757886013058,-0.06322625251277961,0.11513400478224245,-0.11537338400357293,-0.14607152337492635,0.45671330256833925,-0.22501265966534303,-0.3393546447819009
spi6_prism_min_gs,-0.09629233587794994,-0.26192576356663555,0.11864191494324013,0.11997620130722189,0.6149729858129434,0.001495004721698024,-0.17520003978588464,-0.2598116579428995,-0.2702838524456314,-0.26002449815839496,-0.03751635625889113,0.2666733196332738,-0.355883407516927,-0.0031490618697611536,0.7181873621344447,0.4406504734727931,0.7986320151347439,0.7414367331005092,0.854657529557458,1.0,0.7048825102035645,0.7052995150822301,0.6675786373286822,0.4312596452597559,0.4377629892786828,-0.5681476606046316,0.753708933330255,0.6865228016892333,-0.3585162621816343,-0.35580327619241475,-0.34970957856153595,-0.3556055371142479,-0.3573435356071658,0.07351932480380793,-0.00529675988403058,-0.1927556217753043,-0.15146465794126732,0.5708743546699222,-0.1888713104335814,-0.41316656865822743,0.58314807266703,0.6924498273247994,0.5910677237197307,-0.2770715595570126,-0.27861349203618113,-0.27909083610529367,-0.11171685246395498,-0.2614722704317635,0.2782691201179934,-0.25713480020194707,-0.3077745702039494,0.3406256494631356,0.38380375676752665,0.35840326785456483,-0.3237243533012865,-0.32356292572619283,-0.3253035634645098,-0.015146177748963466,-0.11330670953137152,0.16303185845407228,-0.07815668545457928,-0.20460861464306176,0.15215534097524425,0.28589986195885186,0.20315527943907333,-0.18507740158654412,-0.18472891118676943,-0.18679496807873242,0.07885425589153294,0.15719458608148096,0.06615736219343968,0.05126984606493245,0.03132885550876945,0.020183731407074204,0.023193750898596315,0.04509104133297827,-0.0035900182885798245,-0.044417511217374916,0.012303896146751207,0.04404881309090991,-0.013010693162270253,0.019543605752794947,0.03410001826390544,-0.0252028157083014,0.04685679180972663,-0.05009351955567893,-0.3342181996314327,-0.27909083610529367,-0.3253035634645098,-0.18679496807873242,,,0.07943572774650601,-0.2618815375541359,-0.11218473503070664,0.043291232819598666,-0.11047449940274327,0.0653786126438144,-0.016883493542507042,0.14522076471654458,-0.10888447438672175,-0.0755563336369925,0.45251931246780835,-0.21188913637391496,-0.3247250916368031
spi12_prism_mean_gs,-0.06257739386308303,-0.24279958790330486,0.126839166351164,0.1485165093887363,0.554577122715226,0.02366759364609427,-0.13462684962973467,-0.236791564414382,-0.2531037592421821,-0.20647296578553628,0.04328688252175903,0.2667694519324747,-0.31338913014055897,0.028303913437982588,0.6178677927895485,0.31617287910151737,0.686978440888272,0.5071020134994992,0.7887937847527258,0.7048825102035645,1.0,0.9164010279246214,0.5725055915060749,0.3089620409680312,0.46364985058028985,-0.43775790629645106,0.6506843483946045,0.4941021749428373,-0.28726500823220835,-0.28757004675163855,-0.28384627505165133,-0.2885574600640534,-0.2895187299073445,0.017455795896748057,-0.007475829397946717,-0.13324167951531327,-0.10329924104771687,0.5185590034659724,-0.1910597847441209,-0.35577176677140476,0.472701468072221,0.5972581919424924,0.4726373681674984,-0.2288753992116838,-0.23052739318824672,-0.23107525051571243,-0.08304549505933338,-0.2361928252433113,0.24976722371593674,-0.20406916763600044,-0.2893164124983843,0.27445679949159496,0.33713870533458473,0.28540499203789593,-0.2556823132609061,-0.2568517877362307,-0.25869624150070614,0.02067209947402752,-0.13482360913009814,0.14209304943818168,-0.0538015192698762,-0.17314180704337268,0.11365692615972725,0.24021506140670076,0.14510439520692217,-0.1594056915486741,-0.1593668032236311,-0.1611331460357428,0.06853616412656227,0.15345860745371706,0.05457940381465684,0.03967959150278363,-0.02779635393287705,-0.01639427957991605,-0.033897290025874,0.008383820808497264,0.031821420095536256,-0.012490742315351251,0.0129409221672017,0.0026557407668581735,-0.017472570440982108,-0.008578785285427283,0.02374001582602949,-0.017076893294770096,0.02655739550652498,-0.00964946371104303,-0.26880102491944086,-0.23107525051571243,-0.25869624150070614,-0.1611331460357428,,,-0.0320622344960308,-0.20143346859764055,-0.02886250639870016,0.07482791719798162,-0.05461214901590225,0.03011010337257933,-0.07519423050198105,0.21095961611319017,-0.08894384321319915,-0.09587240370810506,0.3321168083417112,-0.19348289409914335,-0.2580362723149565
spi12_prism_min_gs,-0.031413848358518286,-0.24702548341977215,0.15655979204716386,0.18027824914415633,0.5325637728089677,0.05221317000356603,-0.12555104582341806,-0.24310634579421175,-0.2597501336169938,-0.2081067838869435,0.0642511341638353,0.29118257991489366,-0.31620989356261536,-0.005002974298696392,0.5902955656455684,0.3278408937494228,0.6440102877745225,0.524299552485703,0.7373320508291585,0.7052995150822301,0.9164010279246214,1.0,0.5506320546998774,0.32165707182713543,0.4080294187573103,-0.4531690101615014,0.6106511561588291,0.5050573999739474,-0.3043854071503244,-0.3026051832763751,-0.29787472456598746,-0.3029644217939244,-0.3044306785173038,-0.007048636349758325,-0.03330489908855306,-0.10030713214284938,-0.1303985364182469,0.45853663201574796,-0.21429741025226293,-0.3638339553583246,0.46003784218938437,0.5502167440193787,0.4577479445649758,-0.2374794651085364,-0.23898012093275903,-0.23949556181082576,-0.05425559598351479,-0.21944036562571215,0.22803258154500433,-0.20696074519957905,-0.27480587346306995,0.26494024038819697,0.32383826169590424,0.2815028626017341,-0.25399642710704895,-0.25393115241133873,-0.255856310601691,0.035573009334520025,-0.15447552013658636,0.19808242104799445,-0.03244108905187534,-0.17595145992224082,0.11742267505277058,0.2621559432374567,0.14833342609132927,-0.1850558182994456,-0.18437831882955755,-0.18615258842087087,0.06747207078516365,0.14392894177111076,0.03713176593226306,0.03798661657895314,0.00425017097185872,-0.02040886645225096,-0.006043981471295754,0.03581615497832456,0.028129822726629755,-0.02569359416852097,0.038582028058193364,0.03887025832624559,-0.03780610715047953,0.026244722962212055,0.047849749354632536,-0.009848512405876664,0.02827935616291353,-0.04109772154297115,-0.28791643236263015,-0.23949556181082576,-0.255856310601691,-0.18615258842087087,,,-0.02612542794024465,-0.16938246450485336,0.0053631007957997716,0.08398291901107945,-0.06053321707348825,0.024785046306580443,-0.06426577900224842,0.24472680268475763,-0.12145582088743381,-0.03522835819022375,0.34479063579497055,-0.20121015361342276,-0.2550429090919394
SPEI_30_mean,-0.21547953607646003,-0.3735671754734001,0.02893602745448172,0.06321707647767041,0.8176637053339442,-0.10814195325471199,-0.3121132744439897,-0.36817663533581957,-0.38133837824095246,-0.5552004480794086,-0.2850328522240928,0.2947487170833421,-0.6437560754836996,-0.09658587013189257,0.9081104223164267,0.5305898948167007,0.8659321117033352,0.7022947270509117,0.7837071304380692,0.6675786373286822,0.5725055915060749,0.5506320546998774,1.0,0.6925755073116311,0.664823335447796,-0.8543312436947863,0.9428924641004274,0.7604923655486077,-0.5178587462302092,-0.5133754712420945,-0.5049977395500638,-0.5130251008328766,-0.5154947802937058,0.15457197698554123,0.10441873940078272,-0.2779944613688747,-0.17636552070031522,0.6690449642067806,-0.2148340878958878,-0.5099686706252248,0.5025473223944542,0.7157406676472238,0.5807391779437101,-0.3035645641583549,-0.3044716926014264,-0.30509830925460363,-0.22945825674770062,-0.34769690121271835,0.45747252856085163,-0.4622695951300802,-0.5990042218876199,0.46357216005314567,0.6735830977599927,0.6193014982250442,-0.4554172844406643,-0.45436723366601767,-0.4564344270285302,-0.11962565019622816,-0.23470254620939116,0.21481528609176262,-0.27149061997660107,-0.5353355591532424,0.35488965458709293,0.6491417123832607,0.5740934818539406,-0.31117644694487157,-0.3099822850543961,-0.31132851375131493,0.0578287979804931,0.08444027185658602,0.0877064009670772,0.045687223540203284,-0.003046283323982748,0.003191469675749061,-0.013561833787978204,0.01978732092955186,0.0031528435757601394,-0.023405714796699107,0.0004569086418554171,-0.0014519353208291205,0.0012086587017228047,-0.011852102133248235,0.004249715400799641,-0.01914416698721388,0.017742933514410232,-0.002746891997159496,-0.4893859822566957,-0.30509830925460363,-0.4564344270285302,-0.31132851375131493,,,0.05621352844975212,-0.1685931929528093,-0.08614288484236081,0.10701234485305526,-0.054812928322395524,-0.03431104468331763,-0.12497596199967412,0.18486283303437337,-0.1095906073596406,-0.1168599230135184,0.7189795219054023,-0.30604712496417374,-0.45594391633802134
SPEI_30_min,-0.25437118742557874,-0.25351089793231396,-0.08485865727801387,-0.036787190865479553,0.4314241977737547,-0.18201591141051313,-0.2624284068568817,-0.26923854023533544,-0.27507719378428425,-0.5124498206272046,-0.3864727928578099,0.13493429731267595,-0.5350465808765658,-0.06055812308347959,0.5530476821205861,0.7020358981788807,0.4740057835112951,0.5285795869298942,0.43089791857127574,0.4312596452597559,0.3089620409680312,0.32165707182713543,0.6925755073116311,1.0,0.33253284404637895,-0.8082823504867296,0.6059062946756544,0.6890815145721302,-0.40058687325898007,-0.39764461880312424,-0.39096485559591704,-0.3980176057407224,-0.40025149084646455,0.2246339976867186,0.15920710699454801,-0.29357623740077166,-0.12872865026284463,0.37399818524558254,-0.10122202757985528,-0.4096941040850174,0.45418242637528405,0.47698019560375204,0.6063675763855673,-0.22316634185457554,-0.22401037890216505,-0.22427664852664775,-0.22399920731058134,-0.24471483398806948,0.24364695987884472,-0.33747084565336205,-0.4724007657322492,0.3094939552635975,0.3972729229666045,0.503958749683786,-0.3468439630102736,-0.3465116709687011,-0.34960909718796473,-0.18811734269136227,-0.22775746718613327,0.11236711112051993,-0.3163558804247784,-0.4799205501656132,0.4764122592605655,0.5497405872393798,0.683365968193886,-0.2696487951919691,-0.26861333080802235,-0.2696737958487281,0.027152635615863063,-0.01873865284129326,0.057349776796608555,0.028061160380673546,0.03449241379395993,0.026994433229456122,0.05891348166645229,-0.04195498657663028,-0.04012546790173142,0.035991210849370105,-0.043425613651682425,-0.03178006293945813,0.0744431502763017,-0.02961978571337944,-0.07890462154422653,-0.023135287167888118,-0.02952736600660543,0.023960315956243313,-0.3737345590466979,-0.22427664852664775,-0.34960909718796473,-0.2696737958487281,,,-0.07267336823517177,-0.07322850278450026,-0.03516593483762258,0.051226610121878895,-0.11309909114191836,0.005881676901979235,-0.12245858247472298,0.1628000549401767,-0.014902362409480613,-0.03241066676168844,0.9846343873962695,-0.23482446391207962,-0.3491001479672596
spei30_prism_nldas_max_gs,-0.13416346529354642,-0.2866986735143112,0.04683306087093096,0.03865262071927941,0.6414737842902397,-0.05234375394477002,-0.2221281390660619,-0.2791801043044729,-0.28955904186829795,-0.30173704658786904,-0.12617148859144128,0.20626637337816822,-0.3702518195927844,-0.04615652312104757,0.6542659842023149,0.25167205609418053,0.6876480153296612,0.3709139822730027,0.6457765290995112,0.4377629892786828,0.46364985058028985,0.4080294187573103,0.664823335447796,0.33253284404637895,1.0,-0.4071550750238153,0.6892811623029949,0.38096679882364587,-0.322214246649974,-0.31960590435135694,-0.3133710902442929,-0.3181722079899812,-0.31985953393106253,0.0816847532547892,0.07810976864102416,-0.1767666845716557,-0.12130050081598008,0.4845145047712136,-0.12386170732932919,-0.27055352338972194,0.27934079712833987,0.4888897826966153,0.30167718266891563,-0.19488329758626907,-0.19638760306368822,-0.19639057015168712,-0.1722882138938861,-0.2657741997848954,0.37543484851685005,-0.24642297776119426,-0.3539498188336628,0.26585575734268174,0.4773554650804411,0.32982346475467156,-0.2989841331349505,-0.29817009275301537,-0.29987138523900586,-0.04605305213602553,-0.1629452028535229,0.15681789673826826,-0.16960827480982368,-0.3430455046583959,0.16216524624142564,0.41003771089269425,0.29630145902158395,-0.19676131085741688,-0.19636507763197944,-0.197293439221562,0.060642757147068446,0.09911273619415766,0.06820383297841073,0.04796278276576721,-0.04562806850352583,-0.01838672442908501,-0.04126907381660454,-0.008505666253621771,0.04356977380020593,-0.019107781402174073,-0.00015535283346813727,-0.027942460050583012,-0.011437898144010885,-0.026608607145057507,0.010866496508286303,-0.023249110768654775,0.02568105110526036,0.009113343358692651,-0.29680942352007905,-0.19639057015168712,-0.29987138523900586,-0.197293439221562,,,0.07857411817435987,-0.09356843700218004,-0.03425778459892042,0.018629447191107953,0.026829569685442867,-0.00964420062081779,-0.07455860106547421,0.1542433802815752,-0.07808481372395273,-0.074369279919547,0.36236347936690944,-0.22859973848214535,-0.299821254660776
spei30_prism_nldas_drought_days_gs,0.22598182475631334,0.3333120181983857,0.0074835145108560226,-0.04273606692975203,-0.6294662627228412,0.13271168361646324,0.29735001368165515,0.33883830822949346,0.34990478801240693,0.5652216606749161,0.33665308581224423,-0.24822377409334492,0.6257890312572116,0.09973915990703681,-0.741323522524848,-0.6415751088013664,-0.6553329294262912,-0.6867056433655572,-0.5838637796771909,-0.5681476606046316,-0.43775790629645106,-0.4531690101615014,-0.8543312436947863,-0.8082823504867296,-0.4071550750238153,1.0,-0.7653677065364434,-0.7849595025021839,0.5419776169496971,0.5376990604675986,0.5292767823588532,0.5360160762245495,0.5386401368451899,-0.1818126856860856,-0.11485137057821398,0.28089746599441606,0.1834242514335656,-0.5328252582778564,0.19550792804674766,0.5069796828878174,-0.50894548644814,-0.6061645130762681,-0.6189945322887163,0.3184092080677842,0.3192420385813352,0.31971882538568125,0.21726514266247723,0.3070638919193526,-0.34125671648900846,0.4432607918889405,0.5650898487722325,-0.4419051820108653,-0.5499458564071911,-0.6215302532068071,0.46730272637088544,0.46637444317865967,0.467597322721037,0.148587221616981,0.25474589368654676,-0.17873161670568768,0.2828242650943071,0.5103042313301539,-0.4223389344439659,-0.607515619544041,-0.629134259883038,0.338150451148043,0.3371724496416328,0.33824812307128643,-0.026412556118065787,-0.026628938709965574,-0.06593942402946784,-0.02339365306885901,-0.028176233581692918,-0.03348580467292733,-0.01484622180435939,-0.023565356472003435,0.03410583418121,0.02795009543892394,0.018455031444401908,-0.002200060066715417,-0.02220823119590708,0.008613093095616869,0.01384528700101476,0.014701035670095274,-0.004987707779838905,0.005428007867002819,0.5128706697377362,0.31971882538568125,0.467597322721037,0.33824812307128643,,,0.006394810130610849,0.11161262277528616,0.05070362411023698,-0.12427237034920528,0.04921596632519412,0.03498716194993606,0.13345859640134408,-0.19402167796434655,0.09176892225631013,0.0864885701452217,-0.8229350488023086,0.28876860449478614,0.467079660309678
spei90_prism_nldas_mean_gs,-0.1912535903907045,-0.34253728290085006,0.04654596805306612,0.06671416488566813,0.7771306066812934,-0.08429066162686347,-0.27567323159406626,-0.33448199387209254,-0.34689036097810383,-0.5110332300567937,-0.22190386829692946,0.30590879535968857,-0.6084702580354447,-0.08912169706727062,0.8583315485132006,0.4568163281732716,0.9207498509303768,0.7048276803987797,0.8873032993137395,0.753708933330255,0.6506843483946045,0.6106511561588291,0.9428924641004274,0.6059062946756544,0.6892811623029949,-0.7653677065364434,1.0,0.767614975554934,-0.48529748525909033,-0.481434162853116,-0.47381127805603335,-0.4809628471756087,-0.48311147189364495,0.156458362703785,0.07793375341568462,-0.29218514385501443,-0.17287499758586758,0.7450042737683134,-0.23160868242960364,-0.5540980426173834,0.5557595806372213,0.8128852364266901,0.6386320668069733,-0.3170420810179703,-0.318019980459238,-0.3186494855228661,-0.20450027526451198,-0.3232095177227435,0.40341500624184085,-0.45779687487332665,-0.570958314623582,0.43300069653051404,0.64051646032966,0.5734447914827183,-0.43291093100009126,-0.4320885800567484,-0.4335999153794751,-0.07864306586704078,-0.18347426712622253,0.1106431488028988,-0.2264529301235091,-0.4428207793388747,0.2065163927770586,0.4513080971641017,0.40207249517675286,-0.26712882530804616,-0.2663877111485017,-0.2678552271541495,0.06341737769144519,0.11038642723354268,0.08522840148702535,0.04656943242719948,-0.014460445009897894,-0.006506291076381995,-0.03235520309502062,0.031071513711123558,0.01940795177200757,-0.03613513315125066,0.011655682385261882,0.008265420632178132,-0.018415248754644776,-0.004263622112633289,0.02926356780962865,-0.021227741103968703,0.027811362085048363,-0.009133643778328334,-0.45648621012442697,-0.3186494855228661,-0.4335999153794751,-0.2678552271541495,,,0.047646806293168545,-0.1974694973549461,-0.1239666126131792,0.07381455520689857,-0.08740798038738877,-0.022681951858148947,-0.0731093789885686,0.1484035419133174,-0.11411380695130759,-0.1361440524674966,0.6324461812898162,-0.2743031419169957,-0.4331611361705688
spei90_prism_nldas_min_gs,-0.19858649849308868,-0.27046532470397056,-0.007926746638261163,0.0003702646474287623,0.534304495510505,-0.10991357378618405,-0.23898428564884014,-0.2822466264931886,-0.2913210015436123,-0.4795664632602392,-0.27007042355090133,0.22265439205436446,-0.5390677638085427,-0.07080263453835214,0.6487634864961407,0.4966756030560732,0.6648745113208534,0.847512806835413,0.620238150178112,0.6865228016892333,0.4941021749428373,0.5050573999739474,0.7604923655486077,0.6890815145721302,0.38096679882364587,-0.7849595025021839,0.767614975554934,1.0,-0.44622140619794654,-0.4436215760425252,-0.4365410320167131,-0.442829880542703,-0.44523954316056114,0.17183583308290787,0.09149226985465968,-0.27028445278760144,-0.13449784695496433,0.4563874807095277,-0.17624389394104453,-0.4741827283588652,0.4482027512746826,0.5878611459680685,0.5921695230948846,-0.2594067756429282,-0.26036547889872663,-0.260893617176805,-0.18974854851848813,-0.2702092977134338,0.33479171445718864,-0.38501900548556006,-0.48393413167487226,0.3774919540472483,0.49705157133168826,0.5327927680276191,-0.39585033605388936,-0.3962533658646233,-0.3981027240568834,-0.12036320119811764,-0.20359770438620914,0.12917961135854114,-0.23323430517462976,-0.40927629034080415,0.24610369286553913,0.4785703130499901,0.42768922494100153,-0.28816786831324137,-0.2871421762077181,-0.28840856547593713,0.011111696385509854,0.031203250154011968,0.07085385205228523,0.011446194888142955,0.0569211814659003,0.048197088429528905,0.04073505845176258,0.03248942226208695,-0.060258634525772715,-0.033247056953811346,-0.027258019403357335,0.009997539048006225,0.04155592565440179,-0.009779933105288127,-0.02694861326749241,-0.025219473553328924,-0.006217449470583813,-0.0157647642379872,-0.4153923590109721,-0.260893617176805,-0.3981027240568834,-0.28840856547593713,,,0.010971022134367455,-0.11371877301667106,-0.13634786308676775,0.07402877987715441,-0.11600003614908615,0.021319273970576175,-0.0493250311272509,0.18739607882084588,-0.07185701843522353,-0.01114964552372898,0.6978931179171458,-0.24040447643127613,-0.39761137708303024
cdhw_count_gs,0.3833201890061911,0.6474096279689943,0.19375486189291877,0.07058750355626225,-0.35707956081569486,0.3027929895610493,0.5681006217940411,0.694952905054044,0.6949806819578896,0.5203609912364773,0.3712809743362136,-0.02361982249883309,0.5535713641804075,0.017753935674672042,-0.45245368425150595,-0.32266704256878315,-0.4304089734299551,-0.40876854476167085,-0.37339412767594493,-0.3585162621816343,-0.28726500823220835,-0.3043854071503244,-0.5178587462302092,-0.40058687325898007,-0.322214246649974,0.5419776169496971,-0.48529748525909033,-0.44622140619794654,1.0,0.9964286737438444,0.9899121108527956,0.9918312038148349,0.994303371854247,-0.3182460971840439,-0.3472634672338803,0.3825704028966931,0.30527878909026274,-0.3495395773017153,0.027793355896497587,0.37604864024579066,-0.1773569763234233,-0.3175811508914286,-0.23672219574290257,0.47551223448300867,0.47593858588826693,0.47586657530710386,0.46401098184536443,0.6240293037905648,-0.4125910370732585,0.29671407733677857,0.5490864771602005,-0.4001351882671232,-0.5068233371657889,-0.4937860728878995,0.8443160386480628,0.8433213011376388,0.8425749856791451,0.26059597114187955,0.5180803446790817,0.11562208103678405,0.41871078987244104,0.4746035107500186,-0.18246110521242376,-0.2980261225669989,-0.3478762343847789,0.6155776631855842,0.6151139259430926,0.6156011957466528,0.0024408728332839928,-0.07058195608039511,-0.05076777467724774,0.007203903339036416,0.0856954312690751,-0.012071940074929451,-0.014828937947164438,0.14747397558539252,-0.1473618449939401,-0.10033016044104272,0.02716291538367747,0.09796203705633115,-0.051033540710239834,0.09841521757515936,0.06212075666424907,0.034119346675144546,-0.08438392868848699,-0.019811919052990307,0.9849561556076974,0.47586657530710386,0.8425749856791451,0.6156011957466528,,,-0.029777415203230625,0.18823830752935825,0.07802057544645642,-0.19086873526299156,-0.08465940235410982,0.04086823406428334,0.13435336819151122,-0.1984237097937373,0.1505186026658837,0.06383361579249067,-0.48891568436981353,0.6628717107277086,0.8426310849689342
CDHW_Event_Count,0.3927437930299072,0.6517906059697766,0.20349402655705728,0.07805534505171743,-0.35039952143776987,0.311980381010973,0.5745351037089099,0.7010313824146452,0.7007844515125934,0.5195076952846134,0.3768252899591804,-0.013381947537632244,0.5524834118276675,0.007847595536237918,-0.4487227028045473,-0.3211073118206103,-0.4273292432419775,-0.40577145487193134,-0.37076050205833144,-0.35580327619241475,-0.28757004675163855,-0.3026051832763751,-0.5133754712420945,-0.39764461880312424,-0.31960590435135694,0.5376990604675986,-0.481434162853116,-0.4436215760425252,0.9964286737438444,1.0,0.9975334228390533,0.9964831052449046,0.99766682949784,-0.3255662533051957,-0.3559546347201238,0.38958892452991056,0.30023409228985,-0.34433389964415206,0.01904141357783725,0.37209828321876304,-0.17446932803764967,-0.3147496560090896,-0.23430356958763007,0.467409216222969,0.46857393962222177,0.4683277941288464,0.47165887094120745,0.6285296060595521,-0.41386035944487354,0.28959579586124534,0.5479583501316169,-0.3979966712152898,-0.5017923348880116,-0.48942201451295153,0.8398457020718075,0.8421286483619319,0.8412042221688747,0.27136917716577597,0.5282755979347569,0.12202076208169137,0.4254735260870136,0.47754927148043824,-0.18329472726609833,-0.2957352853746441,-0.3475542707808883,0.6212694943304832,0.6227587972796195,0.6231024624999175,0.0029785806034857793,-0.07071561010826777,-0.050730971118164006,0.0070886701528828045,0.0829897232790179,-0.016935799804695152,-0.024068268690060957,0.15590684718114525,-0.14848392028625565,-0.10457836603712807,0.03160083410259931,0.10446816720541559,-0.06037621611165301,0.10609717008231988,0.0720607300214005,0.03561521583273906,-0.0856317094956952,-0.022691903084633844,0.9839272635460958,0.4683277941288464,0.8412042221688747,0.6231024624999175,,,-0.03253612703527348,0.18526088120099735,0.07576201028745382,-0.18816887937816834,-0.08657836213039966,0.03825042892828602,0.1351045746715621,-0.19656296027663508,0.15229207140319442,0.060632042531596285,-0.48732481533571315,0.6701662011698859,0.8413618744800928
cdhw_max_duration_gs,0.3936988303647569,0.649465988191421,0.20777067883234812,0.08206846471532947,-0.34238442393736135,0.31436094715086393,0.572211125160525,0.6985718586487132,0.6984490313788383,0.5134127561371972,0.3755560232064303,-0.0054564342941757025,0.5461849037029243,0.0007941571362489374,-0.44106794104855135,-0.3163624090112723,-0.4205880755684948,-0.39923365501480007,-0.3649475640174233,-0.34970957856153595,-0.28384627505165133,-0.29787472456598746,-0.5049977395500638,-0.39096485559591704,-0.3133710902442929,0.5292767823588532,-0.47381127805603335,-0.4365410320167131,0.9899121108527956,0.9975334228390533,1.0,0.9961029681682084,0.9957588321469527,-0.3263000055185987,-0.35697081224942423,0.38855022920516524,0.2960827458936341,-0.338213813899079,0.01253333760630485,0.3659041997150861,-0.17156283672594644,-0.30961345482854424,-0.23025205312542096,0.4613136007665002,0.46273337321490116,0.4624649311487392,0.4701938504411987,0.6236455815580204,-0.4088975455615992,0.28157674339761735,0.5419791551843752,-0.39260619344464254,-0.493569639455354,-0.48227759167114165,0.8280942176939876,0.8322744950432199,0.8314947630638669,0.2749068393546758,0.5272624025871101,0.12523467445501685,0.42440691799312685,0.4735068282836149,-0.17972405175618605,-0.2890803864424215,-0.34168709153091786,0.6148342454714952,0.6172702620597639,0.6175067412538614,0.0034757755581811345,-0.06968526586129323,-0.05057284850796093,0.007024599363612443,0.07985621255662397,-0.01875956229708662,-0.0298063902487172,0.15967731225187504,-0.1477232159684448,-0.1070857913770461,0.03340776656895395,0.10668798652843522,-0.06515960133101789,0.10906342067580926,0.07721008899452764,0.03520094468406776,-0.08490499898380463,-0.02427906991789973,0.9844373966108775,0.4624649311487392,0.8314947630638669,0.6175067412538614,,,-0.03472369061280985,0.1804016358155466,0.07348162400004825,-0.1838913196635877,-0.08646143890466976,0.0369113401110934,0.13358260728638438,-0.19288556075874927,0.14819977050970748,0.05898773950911588,-0.48101886255792425,0.6688848354464372,0.8317080046273496
cdhw_max_severity_gs,0.38898286582449476,0.6579827484312978,0.19999427979272422,0.07857166036914752,-0.3508560902523993,0.30772946924576927,0.5714949296438401,0.6982608921148725,0.7037547380521294,0.5182041574905828,0.3749951150669736,-0.01656617475635065,0.5511773089999383,0.009034281835157764,-0.4485429550113193,-0.3218284588442281,-0.42713854683461205,-0.40570602763986585,-0.37052763623773394,-0.3556055371142479,-0.2885574600640534,-0.3029644217939244,-0.5130251008328766,-0.3980176057407224,-0.3181722079899812,0.5360160762245495,-0.4809628471756087,-0.442829880542703,0.9918312038148349,0.9964831052449046,0.9961029681682084,1.0,0.999513840053667,-0.321169455608017,-0.353860524041341,0.3865706540209175,0.3015348411105119,-0.34415787442344786,0.022369075595706663,0.37217776215520876,-0.17779757649392794,-0.31684114439386885,-0.2366442476298027,0.46812300720237143,0.46910771901913306,0.46963018874579093,0.4686353256819725,0.6246436823921934,-0.4094239970075843,0.28928762840835626,0.5468426421234713,-0.3966560053022049,-0.49833840812041247,-0.48851793622873363,0.8321470670437243,0.8348983241673492,0.8365078533428765,0.2672969103829549,0.5238087128722083,0.1186973933461325,0.42124132962615807,0.47349075368544985,-0.18123887898399121,-0.2928687290657085,-0.34540775523136413,0.6107331430475897,0.6125258119915691,0.6135903545043767,0.0035110222230967016,-0.07060613357217521,-0.05036544121422063,0.007981265565054076,0.08003965184819199,-0.018305548427884986,-0.025588022062144628,0.15331174477505266,-0.14694980555962064,-0.10198493457202888,0.032486477855845436,0.10427017312153988,-0.06104682386056665,0.10599312969673193,0.07136177565289335,0.03595906311915652,-0.08655020807694985,-0.021461731154305917,0.9835330907536656,0.46963018874579093,0.8365078533428765,0.6135903545043767,,,-0.03734014415786798,0.18361347169411846,0.07342514404899911,-0.1854483828828154,-0.0858565460727039,0.038451720908630506,0.14157161812116814,-0.1963237336566212,0.1472988468092777,0.06350338206123125,-0.4891143896023642,0.6673149939899203,0.8365952257525895
CDHW_Severity_Score,0.38851441523631014,0.6577723617737901,0.19845160287021937,0.07652588133761004,-0.3531045179506096,0.3068365920687235,0.572384928768811,0.6992641700702572,0.7041711944486286,0.52014419766344,0.37540122232410233,-0.019226478195582403,0.5531976516585502,0.01143823717715786,-0.45069228299776226,-0.3234276653254557,-0.42894009150949375,-0.4077808583188185,-0.37203871301907004,-0.3573435356071658,-0.2895187299073445,-0.3044306785173038,-0.5154947802937058,-0.40025149084646455,-0.31985953393106253,0.5386401368451899,-0.48311147189364495,-0.44523954316056114,0.994303371854247,0.99766682949784,0.9957588321469527,0.999513840053667,1.0,-0.3208404209381374,-0.3534731547513886,0.3868999920205842,0.30316756940957773,-0.3458942586201643,0.024624802027024956,0.3743082133403876,-0.1784594561043472,-0.31783808631432525,-0.23774388526599016,0.4708321484528765,0.4718042003988836,0.4722993411249767,0.46915470777817503,0.6264542359525461,-0.41123506579078833,0.2920467995474529,0.548772037180741,-0.3984765154568471,-0.50141037960579,-0.490880203624472,0.8365243836652473,0.8387200669957193,0.8400492398508478,0.2658414169939105,0.5244102933819427,0.11792806919335973,0.42157485254302035,0.47476720708889286,-0.1823228607005592,-0.29526675679508013,-0.34741688679889493,0.6138088966020827,0.615301947486571,0.6163424330489562,0.003207508053835392,-0.07118630947565956,-0.050364088646051526,0.0077947275722701605,0.08126507596427233,-0.017330542402813686,-0.023434155550763874,0.1521411681381396,-0.1471251281284689,-0.10166118843462027,0.03132430771320393,0.10295836239274922,-0.05924078377203859,0.10478015042478336,0.06963371320264702,0.035928829977077,-0.08636576705778741,-0.021047681497766597,0.9835330907536656,0.4722993411249767,0.8400492398508478,0.6163424330489562,,,-0.03540727418131706,0.18606645580917802,0.0742200418132421,-0.18783340509330332,-0.08569193253160873,0.03865151236357788,0.14142016142493877,-0.19757847396744613,0.14946999984591858,0.0633145197036617,-0.49090719418708034,0.6679888718233173,0.8401147653651291
pheno_veg_days,-0.9334447597568124,-0.43584332279258325,-0.8795346083145824,-0.597027096368237,-0.1363065168251124,-0.9394986299837998,-0.7412588761284425,-0.46497491605559305,-0.4289672085172531,-0.4832186477337023,-0.712852695299068,-0.7465964954806988,-0.38862447642451536,0.4516812305248262,0.06623446343151256,0.08142348491578456,0.07103241719817371,0.05570234947865077,0.08997010324740463,0.07351932480380793,0.017455795896748057,-0.007048636349758325,0.15457197698554123,0.2246339976867186,0.0816847532547892,-0.1818126856860856,0.156458362703785,0.17183583308290787,-0.3182460971840439,-0.3255662533051957,-0.3263000055185987,-0.321169455608017,-0.3208404209381374,1.0,0.791756148555454,-0.9332043799435367,0.04173662022176215,0.20680063961337147,0.7036396046376594,-0.16599105734666572,-0.03909334088936722,0.16467580218570962,0.11114273588342906,-0.039737358538099815,-0.04176960770942178,-0.04068337014282231,-0.7805285566024246,-0.45204087275862354,0.24420606109293763,0.17313215273793287,-0.3694964481326628,-0.08995618225122066,0.0671133223309707,0.00428989767413211,-0.26608595820855285,-0.26983106704336246,-0.26679025384597366,-0.8639687791495736,-0.48710957952170675,-0.6401720242814659,-0.9179175734033242,-0.6154363821461879,0.19736400859781428,0.052902511090988605,0.26787300334320807,-0.31421048110562655,-0.31554889746055836,-0.3143879394105091,0.08845957342870009,0.017671661510312027,0.055657492985678396,0.061430529937020036,-0.2743023628257074,-0.08737727988680859,0.09792538502702182,-0.600840996445798,0.33049289783106184,0.5380711266163356,-0.0412100168301787,-0.3303401132406412,0.2314756599257584,-0.2925651251778849,-0.37176170001648173,0.04650850688763996,-0.009544679801025725,0.20568969456267874,-0.30231493124718906,-0.04068337014282231,-0.26679025384597366,-0.3143879394105091,,,-0.022134136103375404,-0.06451857924382062,-0.08376306919472758,0.00762935685052673,-0.03905480786207681,-0.03482339782753799,-0.06492849913795971,0.0263847037270269,-0.019925014296731925,-0.09784217645262774,0.2885863175399133,-0.4811842271069148,-0.2696037106969769
pheno_silk_days,-0.872992704410248,-0.5668231062528968,-0.853738119833769,-0.5381772318266597,-0.13989566451520755,-0.893280698773858,-0.853036748701097,-0.5803161643057981,-0.5505829771917915,-0.4146523419445569,-0.6546641955301057,-0.7381815752207649,-0.3217168478357989,0.43129843363070963,0.053908033055594676,0.04500901175869573,0.03519312746844812,0.02460707818975377,0.027500032843667328,-0.00529675988403058,-0.007475829397946717,-0.03330489908855306,0.10441873940078272,0.15920710699454801,0.07810976864102416,-0.11485137057821398,0.07793375341568462,0.09149226985465968,-0.3472634672338803,-0.3559546347201238,-0.35697081224942423,-0.353860524041341,-0.3534731547513886,0.791756148555454,1.0,-0.7481420502743212,0.0013819642115751726,0.09465196329444055,0.6175071856289719,-0.033183316672014095,-0.1015492556996581,0.03326476224405836,0.0013903128203906125,-0.04590250650483951,-0.047918986219871826,-0.047203582723890906,-0.9516995011995881,-0.5912372388956467,0.3456712402921593,0.35655697664086466,-0.3797320347594095,-0.06893963015375826,0.10958687758033717,0.016765729245660978,-0.32832243689019874,-0.3341319329914141,-0.3328207824771754,-0.8017165945903301,-0.5173271559905598,-0.5992122113073108,-0.8781720118822183,-0.5603338013226471,0.18584760866455388,0.06619565260324589,0.2457693841198778,-0.3133974364169488,-0.31501181541368084,-0.3151382450700211,0.057044304661528336,-0.008209620360188621,0.044850014966878564,0.049015242508265625,-0.29009792250136607,-0.10797214133848763,0.04992381287923391,-0.5757700504928772,0.3548896059343247,0.5256743489633341,-0.03161093371211633,-0.31439864698119935,0.2492275805024121,-0.29967718354691447,-0.3379810461368408,0.014152212450589235,-0.028371799718431817,0.1557822949220322,-0.32555650824658827,-0.047203582723890906,-0.3328207824771754,-0.3151382450700211,,,-0.0033181820597174027,0.028834881637556646,-0.16021322394906218,-0.0034000210416679204,0.0061050441061311495,0.04890196825634501,-0.14417520527100466,0.009773923116748793,0.02256778675481268,-0.050084268220730185,0.24551754124575592,-0.5997416472274197,-0.3351378543961489
prism_tmax_mean_veg,0.9238103488498194,0.47849239032740637,0.7549483290834718,0.5714312274518926,-0.013499177956878054,0.8619586870613466,0.7460294176636858,0.5068867222349133,0.4773104522410301,0.49908833114535456,0.690625811333603,0.6253585632316628,0.43036256170115916,-0.45997206895782444,-0.20569127257608552,-0.15960489930700858,-0.21570012999646263,-0.16976005831360508,-0.22839889624265794,-0.1927556217753043,-0.13324167951531327,-0.10030713214284938,-0.2779944613688747,-0.29357623740077166,-0.1767666845716557,0.28089746599441606,-0.29218514385501443,-0.27028445278760144,0.3825704028966931,0.38958892452991056,0.38855022920516524,0.3865706540209175,0.3868999920205842,-0.9332043799435367,-0.7481420502743212,1.0,0.01842478374320453,-0.3405393189134419,-0.591573198586579,0.24475567120294325,-0.09100412090906222,-0.3118956448237676,-0.24229332365611567,0.1492761664956676,0.15183191383013148,0.15137587300592606,0.7866395998117629,0.5087827851726687,-0.25691325484193706,-0.11182764637670885,0.41165203766856034,0.01360549570939014,-0.1381650096667495,-0.07404894213042366,0.33838125964669463,0.34295347011271937,0.34165391702550685,0.7869581081239264,0.47556111504986665,0.5591925528510582,0.8603325111384452,0.5920710428386002,-0.20873903238228314,-0.0945408956107883,-0.2839007116361026,0.3088242481380744,0.31035027239079904,0.31039426945662324,-0.10479262105508765,-0.05698632068562927,-0.0689294811576884,-0.07095251315923427,0.2537105979458183,0.05623525075726708,-0.08921629169441826,0.5597823600313454,-0.28442167219655357,-0.48023235144280974,0.07032656763002143,0.3539591475011903,-0.22245413893453586,0.28935748744560547,0.3767140519699837,-0.0013851972144980358,-0.02027745472968392,-0.23588333153977592,0.3551005410443246,0.15137587300592606,0.34165391702550685,0.31039426945662324,,,0.019326154274418188,0.10086652771941088,0.08701981731213586,-0.01769636691664767,0.07265414630219,-0.0004966085362361859,0.08576986333912234,-0.040078102874114986,0.09065742519464877,0.16101701161569415,-0.36054944237624587,0.5089750930143563,0.34389248593053146
prism_tmax_days_gt35_veg,-0.052441517287096194,0.42271160606841207,-0.1718530490849573,-0.23862059169479338,-0.20207680216214133,-0.09250641879452941,0.20483472886491305,0.40309958487224623,0.4267646330328395,0.22053114039226052,-0.00373166628624818,-0.21423594349177694,0.2491575992015394,0.17740477054521556,-0.15742503399103758,-0.12440963731912204,-0.14871338503822024,-0.1270652967270137,-0.14858875666818405,-0.15146465794126732,-0.10329924104771687,-0.1303985364182469,-0.17636552070031522,-0.12872865026284463,-0.12130050081598008,0.1834242514335656,-0.17287499758586758,-0.13449784695496433,0.30527878909026274,0.30023409228985,0.2960827458936341,0.3015348411105119,0.30316756940957773,0.04173662022176215,0.0013819642115751726,0.01842478374320453,1.0,-0.20826737691432054,0.26482063156080116,0.3323257516144349,-0.13484523627483935,-0.15992273817506744,-0.12274715830511677,0.6172170555403015,0.6182302825990323,0.6177287274502737,0.058158317005036236,0.1730207182905755,-0.013491148599217063,0.19529426863640226,0.23896830632590865,-0.13218814445370014,-0.15465669040456048,-0.17766247517200384,0.19563932519600563,0.19482259078799338,0.19785830186065864,-0.17316837957109477,0.03376222843553453,-0.0837975745761827,-0.0005795460500331906,0.05202475478398537,0.01474326544807757,-0.06613789117803359,-0.017709351367713476,0.022347339352640987,0.024177741484658226,0.02799026193180425,-0.07890033006777374,-0.1045431462793897,-0.0014438750151702549,-0.03845828831122487,0.0234050110399501,0.029821887206684005,0.1233780099840563,-0.12180794301034988,-0.07617125340651276,0.10525434492763827,-0.07394406515941893,-0.09307644714434385,0.1832259634724194,-0.1146569141874304,-0.21271332019741496,-0.0166316380185282,-0.06359559948606189,0.06262979360155418,0.2973197826807479,0.6177287274502737,0.19785830186065864,0.02799026193180425,,,0.002613961447194,0.1253565194968041,0.049238862827509264,-0.05278144571063711,0.05472765244473398,-0.13834755700544416,0.19808645284423793,-0.05083357179523968,0.10908173152514712,0.054278543181562264,-0.18395097124010115,0.3836622216807651,0.19668006227848053
prism_ppt_total_veg,-0.2060338143138734,-0.26687387120648537,-0.013292805229222828,0.04893790083620172,0.6881798298787362,-0.12803077657467474,-0.2542333331510198,-0.24425215752186627,-0.2520672964468894,-0.3243932413760535,-0.17291793819446807,0.15375407858262674,-0.41065351588631577,0.07959720347339433,0.661041466046019,0.3244132783556563,0.7285787725484699,0.46137269441367107,0.7611935597958174,0.5708743546699222,0.5185590034659724,0.45853663201574796,0.6690449642067806,0.37399818524558254,0.4845145047712136,-0.5328252582778564,0.7450042737683134,0.4563874807095277,-0.3495395773017153,-0.34433389964415206,-0.338213813899079,-0.34415787442344786,-0.3458942586201643,0.20680063961337147,0.09465196329444055,-0.3405393189134419,-0.20826737691432054,1.0,-0.10290681963278622,-0.46931671118857754,0.5928540681736729,0.8541577068884848,0.5821934166495605,-0.34922194060892,-0.3499593164531203,-0.35057391815190025,-0.1837358152539426,-0.23410317643582793,0.08584674437343935,-0.26486981337842896,-0.3887327223377899,0.25803426826563025,0.35445003538064684,0.3565400942685368,-0.31395612138730633,-0.3128083485137248,-0.3139325927672027,-0.09409583953113869,-0.09179663285051051,-0.049444836420326085,-0.17521726198013718,-0.2199868062497031,0.06210803913846168,0.11079268673352619,0.17107459526139168,-0.10243815123979767,-0.10226709350820339,-0.10375311881762411,0.1670422163457756,0.15172052622206342,0.10247633633917709,0.12535840229787687,0.014713811971300561,-0.023515221908652427,-0.018601097994340916,0.005110513801639279,0.00011073643506719677,0.07014724094958533,0.03343939432546682,0.050266257702592805,-0.030691968568054832,0.053432770852811895,0.032386669243243515,0.01540558829415507,-0.00988355977895171,-0.03282281956464975,-0.3285100242001289,-0.35057391815190025,-0.3139325927672027,-0.10375311881762411,,,-0.05100393166441723,-0.19727301078863743,-0.1497108109215545,0.11840381405058571,-0.08287506986567293,-0.06425760996561676,-0.111148431912283,0.004861292549700381,-0.13834366093316333,-0.29524808654552487,0.4001217833389946,-0.1902919234189646,-0.3138228349122659
nldas_et0_total_veg,-0.6699571015523715,-0.1189679834987138,-0.7513165330745462,-0.59380316473589,-0.32030933783877097,-0.7213657338158791,-0.4359013678067833,-0.140922055816777,-0.10591119440138344,0.14473076702658838,-0.3145321610912758,-0.8672876671766813,0.22136446775414087,0.7363154656088335,-0.14586242873303618,-0.07456959035071263,-0.1597263189177619,-0.16672891412906662,-0.1645866825117451,-0.1888713104335814,-0.1910597847441209,-0.21429741025226293,-0.2148340878958878,-0.10122202757985528,-0.12386170732932919,0.19550792804674766,-0.23160868242960364,-0.17624389394104453,0.027793355896497587,0.01904141357783725,0.01253333760630485,0.022369075595706663,0.024624802027024956,0.7036396046376594,0.6175071856289719,-0.591573198586579,0.26482063156080116,-0.10290681963278622,1.0,0.4993966670391043,-0.2198699604403195,-0.21981359477692125,-0.18623830151703663,0.21057195974744441,0.21045565365045915,0.21230559969538781,-0.5644526206701982,-0.17613693305296743,0.14444043717830243,0.623918481638078,0.15519356219726022,-0.21035532451356911,-0.18766766608494184,-0.2533636534365144,0.03945657547147439,0.035414733756527685,0.038485024342184794,-0.6458396761007925,-0.25022491220885007,-0.514664855963186,-0.565757874461154,-0.12757435096040046,0.15308862287463754,-0.08809650730411706,0.035076913988272757,-0.08341710378075526,-0.08425444860992794,-0.0810251267322953,0.1675339398838459,0.005076251536720217,0.08371508630543097,0.1413539307536184,-0.11262133527748305,-0.019043791175618097,0.2267889513648814,-0.5452446142169345,0.048396136119474034,0.5643142617368104,-0.10838218958383004,-0.3528869240022208,0.3637940911791635,-0.28980741752619965,-0.5107327345397913,0.06901287232947474,-0.20642191571535728,0.21446286195662287,0.010739512928273591,0.21230559969538781,0.038485024342184794,-0.0810251267322953,,,-0.026171622357149392,0.050983729725778484,-0.02449140795591324,-0.10354827524462398,-0.003036190428457905,-0.05553584958778151,-0.01526546263044546,-0.07457055780429599,0.023408052103155153,-0.018897893052629972,-0.06973292660078419,-0.17195767533261805,0.035610354127764254
nldas_vpd_mean_veg,0.1298126891164487,0.3498798841360064,-0.04882000932461339,-0.15647713996668078,-0.3594154031951863,0.06799282164214135,0.2446119158684176,0.33001664136952874,0.3403589852456094,0.7694101556592965,0.27371291587389207,-0.3375393566386868,0.8208383306550657,0.3801317393214042,-0.32310245224346684,-0.22617613753871116,-0.3651749306843269,-0.33477382544982426,-0.40910037457691334,-0.41316656865822743,-0.35577176677140476,-0.3638339553583246,-0.5099686706252248,-0.4096941040850174,-0.27055352338972194,0.5069796828878174,-0.5540980426173834,-0.4741827283588652,0.37604864024579066,0.37209828321876304,0.3659041997150861,0.37217776215520876,0.3743082133403876,-0.16599105734666572,-0.033183316672014095,0.24475567120294325,0.3323257516144349,-0.46931671118857754,0.4993966670391043,1.0,-0.32251705537559716,-0.5541417899150451,-0.44127885081934703,0.31626276457084235,0.3169051648336956,0.3179858708783713,0.09399318206674559,0.2419027130145647,-0.05492797085971341,0.6550808089534499,0.6773786903427621,-0.1720131182580425,-0.31094602700983315,-0.33115892601013797,0.30701694298381793,0.30604954004770274,0.3066890437101926,0.05729052755598336,0.18699372911162354,-0.01559117910324955,0.2385241936712249,0.47298737538465263,-0.005144065998185736,-0.16399878473123405,-0.2099644712536342,0.20881159649878428,0.20795310314614343,0.21000181647420887,0.10876169123155159,-0.053703912319574984,0.05161125027403967,0.11750781544592777,0.13617380016596237,0.07785733830980772,0.23270722816093328,-0.10333035579451513,-0.3157744748565287,0.12199577674377764,-0.16941686705982387,-0.17657698210971032,0.3323273173810182,-0.13383444735763392,-0.3559595815688239,-0.03703045207544781,-0.26152147846277296,0.09945550256019711,0.3499385079837906,0.3179858708783713,0.3066890437101926,0.21000181647420887,,,0.04447288787187,0.14961361117927474,0.08907524276310144,-0.10205057125846016,0.0862254330344135,-0.03463232072089114,0.05503658228871634,-0.14084125777948023,0.08376438255939712,0.07808566800866186,-0.44519189551755717,0.30079172169781626,0.30586417993091247
spi1_prism_min_veg,0.021321050142840674,-0.0848664616726869,0.19322039151790818,0.19635733778478198,0.5038704238392193,0.10221261269402762,-0.016337638930793694,-0.07266132952637935,-0.08829860069762906,-0.10360722675639197,0.03130976409445986,0.2917975656163541,-0.18984748400477905,0.0036041199841086663,0.5693579021089089,0.5184102230710863,0.5947277112464788,0.5076470132818759,0.628382374174815,0.58314807266703,0.472701468072221,0.46003784218938437,0.5025473223944542,0.45418242637528405,0.27934079712833987,-0.50894548644814,0.5557595806372213,0.4482027512746826,-0.1773569763234233,-0.17446932803764967,-0.17156283672594644,-0.17779757649392794,-0.1784594561043472,-0.03909334088936722,-0.1015492556996581,-0.09100412090906222,-0.13484523627483935,0.5928540681736729,-0.2198699604403195,-0.32251705537559716,1.0,0.693144651658522,0.8728855134731329,-0.29292065365410885,-0.2942271835670497,-0.2945949718179669,0.03205786880643501,-0.06576020550561987,0.023993925579424865,-0.19549431527993893,-0.15120307866218996,0.1976614406205848,0.18140083281993843,0.21824102526449699,-0.13636342200887072,-0.13636301663017567,-0.13963752252892628,0.08207962447584759,0.0010462030516819533,0.15416883450386137,0.06101928228464137,-0.028567590589399262,0.05143798961312295,0.1252370330460884,0.07550859695067284,-0.0295535152218726,-0.029081308800694847,-0.030822924712510538,0.1028504567159025,0.11919502065937941,0.060399896013300834,0.06971598065105984,0.050632557334349064,0.0016538811077990258,-0.018117170758814447,0.11118712826312876,-0.06765655233300838,-0.08229088623028774,0.01987520300432946,0.08581502737955524,-0.04150788052586203,0.06365328066228108,0.06472368159733491,-0.00951704438493639,-0.00204172462305682,-0.04074400844086352,-0.16040418104322418,-0.2945949718179669,-0.13963752252892628,-0.030822924712510538,,,-0.029352482862757077,-0.15459220990929093,-0.022363169573349637,0.011543311894868898,-0.12726453705345397,0.011293105188331161,-0.04775376654613026,-0.003415267066956424,-0.05441555508557901,-0.08578699481086673,0.44233490415691334,-0.03227827116376075,-0.13872446898009758
spei30_prism_nldas_mean_veg,-0.16271858908748027,-0.1939855605448091,0.04024610708337939,0.06304884758117044,0.5926683636132006,-0.0749216403687486,-0.15588562414370122,-0.18889818735193245,-0.19932211240305375,-0.36794617502371735,-0.18355208235598755,0.2232852325817887,-0.4379347836542637,-0.01265284629495708,0.6636402249983785,0.36482581516463963,0.7469387809599888,0.5341046013736054,0.8203325152563375,0.6924498273247994,0.5972581919424924,0.5502167440193787,0.7157406676472238,0.47698019560375204,0.4888897826966153,-0.6061645130762681,0.8128852364266901,0.5878611459680685,-0.3175811508914286,-0.3147496560090896,-0.30961345482854424,-0.31684114439386885,-0.31783808631432525,0.16467580218570962,0.03326476224405836,-0.3118956448237676,-0.15992273817506744,0.8541577068884848,-0.21981359477692125,-0.5541417899150451,0.693144651658522,1.0,0.7523077114457462,-0.33340714667965443,-0.3342474439273747,-0.3348796550044371,-0.10840129225850281,-0.16960705932862194,0.03363015934048754,-0.33285424136628045,-0.3810781545379792,0.17378327792943513,0.25736187962277757,0.29685161611577904,-0.26949076665888944,-0.26939191394665235,-0.27171539283357743,-0.05897381560201864,-0.0949775633139197,-0.0025440468676684058,-0.14719958901832333,-0.23403053310802704,0.06372888459270619,0.14291625378062894,0.18645986005934556,-0.12511663496283756,-0.12523847962680507,-0.1269736663659992,0.10490650211396833,0.10221892394154852,0.08039252369790403,0.07765271558031941,-0.02122150332784639,-0.020425202263643437,-0.031544816840027044,0.018806971462955825,0.012636953578903007,-0.020875702852504795,0.013877077708642466,0.008983676380794664,-0.02042291088529441,0.0025456094608426296,0.021274461130843247,-0.008482929384316223,0.015066033327464258,0.0023938287675658513,-0.2920127108885643,-0.3348796550044371,-0.27171539283357743,-0.1269736663659992,,,-0.05747445906007034,-0.2469086902844253,-0.10819159900695033,0.048059625887769554,-0.13082098903358194,-0.041622583713980414,-0.05375009134473143,0.05896134188900636,-0.10317686839063839,-0.20436961396835784,0.4849248433113979,-0.13901800525629937,-0.2713111852194655
spei30_prism_nldas_min_veg,-0.11102767013472309,-0.11237442656631076,0.06314642807842845,0.05913560376483039,0.4514473803395127,-0.02662287539348727,-0.08389942416045762,-0.12014426532877337,-0.13147494452530858,-0.2654803465233235,-0.14206544982275535,0.22622233370754466,-0.3244729969588924,-0.002536239343325366,0.5341364008811295,0.46742474768978504,0.5707525379873342,0.5168956476924668,0.6134396767923721,0.5910677237197307,0.4726373681674984,0.4577479445649758,0.5807391779437101,0.6063675763855673,0.30167718266891563,-0.6189945322887163,0.6386320668069733,0.5921695230948846,-0.23672219574290257,-0.23430356958763007,-0.23025205312542096,-0.2366442476298027,-0.23774388526599016,0.11114273588342906,0.0013903128203906125,-0.24229332365611567,-0.12274715830511677,0.5821934166495605,-0.18623830151703663,-0.44127885081934703,0.8728855134731329,0.7523077114457462,1.0,-0.30323097812990807,-0.30415785274526175,-0.30473439031779365,-0.06443644576722131,-0.11360850655888295,0.042802932875539906,-0.25537584909762895,-0.2658236780371327,0.16443543451921483,0.21649267985846868,0.2720786124761156,-0.19035122633811535,-0.19040674350625955,-0.1932740398143904,-0.032341804732237064,-0.06984952473942842,0.0630645147648473,-0.08968962237893606,-0.16837473710984624,0.08670032133205513,0.1818891436712561,0.17126956342517444,-0.09591878458978388,-0.09550399298712764,-0.0972624847936163,0.060285166100634204,0.061576192376249214,0.06053593783295172,0.04384128878132667,0.04953289674155105,0.014641753967802821,0.02130749128573633,0.058711811648808315,-0.07465632752032941,-0.046944063450350355,-0.006478359761025841,0.04648132650331571,0.011914216265437181,0.027432184942713014,0.002136970020084431,-0.0065927765212534205,-0.023842013356789905,-0.017487360157239142,-0.21080225650031947,-0.30473439031779365,-0.1932740398143904,-0.0972624847936163,,,-0.07402214870451557,-0.20392684616875686,-0.05654880202519446,-0.01499332350908328,-0.16588855845119696,0.035114940912079354,-0.049232627505775534,0.023529793722019927,-0.05862916126252412,-0.09395600513234932,0.590911700060905,-0.08268862502375227,-0.19259369930608322
cdhw_count_veg,0.06364724664254919,0.29817890681532716,-0.09731507541716575,-0.1375669217612541,-0.29083075965659383,-0.00462783446399553,0.21729582565984717,0.29618409929826955,0.3078954029227537,0.2355391318903036,0.1192972408192294,-0.17365632055458627,0.2649375947981647,0.067459804718022,-0.28875661976006495,-0.2108711338274904,-0.30292471106300217,-0.27272297365573295,-0.294494810525845,-0.2770715595570126,-0.2288753992116838,-0.2374794651085364,-0.3035645641583549,-0.22316634185457554,-0.19488329758626907,0.3184092080677842,-0.3170420810179703,-0.2594067756429282,0.47551223448300867,0.467409216222969,0.4613136007665002,0.46812300720237143,0.4708321484528765,-0.039737358538099815,-0.04590250650483951,0.1492761664956676,0.6172170555403015,-0.34922194060892,0.21057195974744441,0.31626276457084235,-0.29292065365410885,-0.33340714667965443,-0.30323097812990807,1.0,0.9994965912498616,0.9992713822823422,0.12210413095219726,0.18954466477411802,-0.07558533161487704,0.18418845771593323,0.2491891818116767,-0.20255429518491774,-0.22203752863497492,-0.25639250496167665,0.28278750095900673,0.2831129443371648,0.28784952994805774,-0.04755003169240635,0.06052542222195642,-0.023806553571094756,0.06164394505721933,0.10420011492742699,0.0061178713721196255,-0.08351586489971627,-0.051407816820740686,0.05380498690641912,0.05567993940903307,0.06035250846115728,-0.11828866618607116,-0.11840010446152552,-0.043539622261223855,-0.08378317934524279,-0.0031063814880574934,0.019738180799359895,0.042260440293982376,-0.05698755138167308,-0.012521749685751237,0.032574041828837046,-0.0335801277859413,-0.051379356309750185,0.06942415484436211,-0.054012233067945246,-0.07914958822818573,-0.004904204206533016,-0.02311854877558462,0.026948489556127938,0.45987178869418555,0.9992713822823422,0.28784952994805774,0.06035250846115728,,,0.018373528905036837,0.23387368067818373,-0.04001249629398468,-0.12028236254764171,0.07769854209995213,-0.10691570256391791,0.18387944292803304,0.00535780193213108,0.0890708293485482,0.08543662191725405,-0.2576771476815001,0.2612884056652425,0.28645408250285254
cdhw_total_days_veg,0.06602389413082506,0.29921440605487026,-0.09682134017341329,-0.13737583381060325,-0.29191299484506433,-0.0029854141980236943,0.21942346516529312,0.29807310824920974,0.3094565965596753,0.2363080153207673,0.12074698894180627,-0.17378180236488153,0.2657013161868796,0.06641919109188767,-0.28998285756346537,-0.21240233773606643,-0.30421149948335646,-0.273975871532255,-0.29592294217316756,-0.27861349203618113,-0.23052739318824672,-0.23898012093275903,-0.3044716926014264,-0.22401037890216505,-0.19638760306368822,0.3192420385813352,-0.318019980459238,-0.26036547889872663,0.47593858588826693,0.46857393962222177,0.46273337321490116,0.46910771901913306,0.4718042003988836,-0.04176960770942178,-0.047918986219871826,0.15183191383013148,0.6182302825990323,-0.3499593164531203,0.21045565365045915,0.3169051648336956,-0.2942271835670497,-0.3342474439273747,-0.30415785274526175,0.9994965912498616,1.0,0.9996427127195725,0.12472974036266513,0.19208121269034525,-0.07759099411373009,0.1840619680769446,0.24985012867195586,-0.2041102195271364,-0.22302583252808467,-0.25731228014674,0.28545499243775985,0.2857707732924964,0.29048386976041374,-0.04613230895310614,0.06379218183529316,-0.02389973683907513,0.06363066450401542,0.10567547402814918,0.004611356778321303,-0.0847821484669659,-0.052458435989889196,0.05660677062848711,0.05870266732526945,0.06352252908800883,-0.11955417451647328,-0.11973962083510493,-0.04359870694691685,-0.08475287755727032,-0.0015576509207825525,0.020331391030135478,0.04274075393052283,-0.05524256365884647,-0.013834846561093706,0.031407284652888175,-0.03330931933507614,-0.05005750808662012,0.06854832261045325,-0.05244114955090614,-0.0778295536348962,-0.004464068457502724,-0.023656100441540526,0.026386292187604837,0.4597534806447312,0.9996427127195725,0.29048386976041374,0.06352252908800883,,,0.017742328414707142,0.23502594920218262,-0.04214716431613255,-0.12202709432358487,0.07893150102436752,-0.10977988785625419,0.18542759012323082,0.005369591685588399,0.09082336777773184,0.08559708869386523,-0.25859857561362637,0.2630925079129187,0.2891040304223168
CDHW_Severity_vegetative,0.06484273715943725,0.3005013893492576,-0.09828682953761717,-0.13838236266282028,-0.2926802118851948,-0.004429521490219345,0.2190398692643836,0.2977604943162582,0.3102318271200807,0.2371407629992763,0.12022453648165159,-0.17566652315589187,0.2665732160158096,0.06826780613056686,-0.290463964067365,-0.21276719611008726,-0.30480826630228636,-0.2746136844082676,-0.29624178831870235,-0.27909083610529367,-0.23107525051571243,-0.23949556181082576,-0.30509830925460363,-0.22427664852664775,-0.19639057015168712,0.31971882538568125,-0.3186494855228661,-0.260893617176805,0.47586657530710386,0.4683277941288464,0.4624649311487392,0.46963018874579093,0.4722993411249767,-0.04068337014282231,-0.047203582723890906,0.15137587300592606,0.6177287274502737,-0.35057391815190025,0.21230559969538781,0.3179858708783713,-0.2945949718179669,-0.3348796550044371,-0.30473439031779365,0.9992713822823422,0.9996427127195725,1.0,0.12436810209696011,0.19227058618323956,-0.07734938158171177,0.18571079293607257,0.25109797207762397,-0.2049597622463574,-0.2240713398541825,-0.25841063836206085,0.2858999993147345,0.2862146892794671,0.2909175805016181,-0.047944375530047226,0.06346802298925847,-0.02421604663458048,0.06268113562660961,0.10483026413957088,0.005890236091429575,-0.08432215722616826,-0.051784620560770836,0.05651592546869851,0.05864033188386219,0.06347795325751811,-0.1197738177953225,-0.12030196765040657,-0.04325656706503017,-0.08496495395174676,-0.0019408513863731804,0.020163490337616795,0.04276966642751421,-0.05628743395657849,-0.013775719293744833,0.03273034071689815,-0.03341099117533636,-0.05041867323874306,0.06927490587981308,-0.05290628479518852,-0.07886292255627013,-0.005009030767877266,-0.023821625811517994,0.026906850569645226,0.4597113456442443,1.0,0.2909175805016181,0.06347795325751811,,,0.017823591439656335,0.23591658086428902,-0.041236620897140225,-0.1218572591392735,0.07846907582491457,-0.10910578659340762,0.1869251804029266,0.005588701458498056,0.0915109268752591,0.08701366678719342,-0.25905870427794697,0.26265181743725874,0.2895223908376516
prism_tmax_mean_silk,0.8812945455176772,0.6656425286855066,0.7572049107386979,0.47386319186642134,0.008670385802291607,0.8509258966228342,0.9210524625413783,0.6751582433415516,0.6490751296415785,0.46991120745463216,0.6462038552597463,0.6428572417548429,0.40196853512134434,-0.4083047250953587,-0.19280990109500892,-0.12916490280470677,-0.1751464928361656,-0.14194119635444735,-0.150596278208458,-0.11171685246395498,-0.08304549505933338,-0.05425559598351479,-0.22945825674770062,-0.22399920731058134,-0.1722882138938861,0.21726514266247723,-0.20450027526451198,-0.18974854851848813,0.46401098184536443,0.47165887094120745,0.4701938504411987,0.4686353256819725,0.46915470777817503,-0.7805285566024246,-0.9516995011995881,0.7866395998117629,0.058158317005036236,-0.1837358152539426,-0.5644526206701982,0.09399318206674559,0.03205786880643501,-0.10840129225850281,-0.06443644576722131,0.12210413095219726,0.12472974036266513,0.12436810209696011,1.0,0.704373683295237,-0.4623546137159565,-0.22795412423716116,0.48169124111753747,-0.07669071258580966,-0.2720605012127746,-0.15086485889956475,0.4612630843940923,0.46658528463181875,0.4652768719062654,0.7514587337921103,0.5294871850120296,0.5659281291790949,0.8619787410487935,0.5854591542938246,-0.20938475301839776,-0.12119266412399722,-0.2798539478143739,0.3485309735380797,0.3504386581371321,0.35140338372943153,-0.07107831147763699,-0.04016880652357243,-0.059160489118377645,-0.055359391764048964,0.2794690223831302,0.0901704643065099,-0.03612177225746452,0.546643161635629,-0.34922824185589424,-0.4636123172901938,0.04925504677327198,0.33687017748381276,-0.2221449797132907,0.31311986206143455,0.32941193159794724,0.011869839229928696,-0.017031099153357026,-0.19579824420736,0.43325320104289766,0.12436810209696011,0.4652768719062654,0.35140338372943153,,,-0.03480520881332714,0.01921851273831789,0.16404517571131527,-0.04078017833919099,-0.031141414991626017,-0.049932063793351335,0.15880502889052875,-0.02859431949704795,0.03341595508565362,0.07979854172454551,-0.3233022279211781,0.683346942046812,0.46719836154102456
prism_tmax_days_gt35_silk,0.5474232921385471,0.7740106469116453,0.36907425503608243,0.1896499766595093,-0.21420235951709762,0.47550622625286293,0.7493582443838631,0.8740667102852778,0.8493228984439208,0.4641162059564777,0.39748159286020945,0.20003396022037154,0.4699782058785127,-0.11393367651630526,-0.3461775910246263,-0.2234467449477046,-0.32040603315085947,-0.2746464530983044,-0.285565276584507,-0.2614722704317635,-0.2361928252433113,-0.21944036562571215,-0.34769690121271835,-0.24471483398806948,-0.2657741997848954,0.3070638919193526,-0.3232095177227435,-0.2702092977134338,0.6240293037905648,0.6285296060595521,0.6236455815580204,0.6246436823921934,0.6264542359525461,-0.45204087275862354,-0.5912372388956467,0.5087827851726687,0.1730207182905755,-0.23410317643582793,-0.17613693305296743,0.2419027130145647,-0.06576020550561987,-0.16960705932862194,-0.11360850655888295,0.18954466477411802,0.19208121269034525,0.19227058618323956,0.704373683295237,1.0,-0.44285960210757314,0.0894142649524985,0.5287260270877286,-0.27341115634683194,-0.4194669332305843,-0.308186034935049,0.6761322055854833,0.6793117346143752,0.6783502179543035,0.3986338413225107,0.502837354086933,0.2435338240571001,0.5502775442006117,0.4591489090169126,-0.19271864241176934,-0.19060594644341414,-0.25511999758939496,0.3586890670500481,0.36088933049777566,0.36276913027824154,0.017427739074316686,-0.08614652727552541,-0.031651989586473896,0.02340481583104426,0.17992760662087384,-0.014857594937748336,-0.012744292034234725,0.29438417621012214,-0.2877893406163705,-0.20156548452082373,0.050091710559076325,0.2001429158214312,-0.12822714227168508,0.22027144097542964,0.14568377219694104,0.07640686806079668,-0.14273719789774328,-0.020876201584090943,0.5900507235853506,0.19227058618323956,0.6783502179543035,0.36276913027824154,,,-0.10793354387815247,0.07095954796559921,0.12191698995401737,-0.16821404576489887,-0.12061225430278656,-0.07218936349459053,0.16756443615193273,-0.14943208941075678,0.1347500047083766,0.07614524352179437,-0.3565449758877342,0.8662054755469967,0.6788044097116651
prism_ppt_total_silk,-0.3301265352778435,-0.4168871593928709,-0.2054718882392048,-0.13082466089599548,0.4065159802383551,-0.27558636357768873,-0.4524766549774936,-0.4130166462423146,-0.40872889161298387,-0.29606190518928877,-0.22386292424376672,-0.06763592334183974,-0.3298869816439196,0.0950225949321205,0.4878334099696309,0.2450668054330207,0.4558538327738279,0.3857458334337712,0.32014885327517445,0.2782691201179934,0.24976722371593674,0.22803258154500433,0.45747252856085163,0.24364695987884472,0.37543484851685005,-0.34125671648900846,0.40341500624184085,0.33479171445718864,-0.4125910370732585,-0.41386035944487354,-0.4088975455615992,-0.4094239970075843,-0.41123506579078833,0.24420606109293763,0.3456712402921593,-0.25691325484193706,-0.013491148599217063,0.08584674437343935,0.14444043717830243,-0.05492797085971341,0.023993925579424865,0.03363015934048754,0.042802932875539906,-0.07558533161487704,-0.07759099411373009,-0.07734938158171177,-0.4623546137159565,-0.44285960210757314,1.0,-0.09241158533491971,-0.4126199842949974,0.49103767512985796,0.7039451811527733,0.4664195009259823,-0.4159627424737537,-0.4170326199943543,-0.41526352788985643,-0.22178342408125085,-0.28605869298255693,-0.16329603571882562,-0.34191644155747547,-0.3781653946415502,0.21052337205472405,0.3383525653351576,0.3013005206026909,-0.3280525141733537,-0.3282926116813937,-0.3299081264159265,0.00331310278560063,0.061158480663883644,0.03673185187603232,0.004835763430885098,-0.10311685394927164,-0.06913988400116558,-0.03917285988340046,-0.17590590638949147,0.14064294330082733,0.14040816831185512,-0.018393701360160886,-0.0763968443582803,0.03397707222737872,-0.06314983396633538,-0.05556649709153159,0.008556772183534801,0.0027345698835676184,0.07996105135201846,-0.38878926666953123,-0.07734938158171177,-0.41526352788985643,-0.3299081264159265,,,0.08455659303763548,-0.10356719101920282,-0.03901333123052098,0.0692851535036772,0.10387947487387413,-0.04399958741420201,-0.08862350611831976,0.10595211091911591,-0.01171011022936328,0.0013434473091689652,0.3006074276302365,-0.3870495117075576,-0.4157454004356602
nldas_et0_total_silk,-0.21284896334940562,0.1256950453107035,-0.353798484717969,-0.28850847624025844,-0.3456836525749857,-0.2813632443379769,-0.07728072549685219,0.12012516739026254,0.13772025963976428,0.581426287038321,0.10347882779811254,-0.605841513894899,0.644211340656151,0.5912373124856956,-0.28858441302522303,-0.18689989222502312,-0.2998376288242013,-0.2836874163342781,-0.2754857394156491,-0.25713480020194707,-0.20406916763600044,-0.20696074519957905,-0.4622695951300802,-0.33747084565336205,-0.24642297776119426,0.4432607918889405,-0.45779687487332665,-0.38501900548556006,0.29671407733677857,0.28959579586124534,0.28157674339761735,0.28928762840835626,0.2920467995474529,0.17313215273793287,0.35655697664086466,-0.11182764637670885,0.19529426863640226,-0.26486981337842896,0.623918481638078,0.6550808089534499,-0.19549431527993893,-0.33285424136628045,-0.25537584909762895,0.18418845771593323,0.1840619680769446,0.18571079293607257,-0.22795412423716116,0.0894142649524985,-0.09241158533491971,1.0,0.6211448879099957,-0.32950068256663917,-0.4569789774449622,-0.4652234009670149,0.28924868232797485,0.2860346026747339,0.2862715032909507,-0.2410834481967113,0.0073681682279652695,-0.21156502941067631,-0.1001454030323092,0.29978360658343023,0.028345600191220847,-0.23151497167054913,-0.22248189145353736,0.14967452973132353,0.14882000459183733,0.15072506592180088,0.19082066017319196,0.008294269951900196,0.047950095834317974,0.1663953182852476,-0.0013729367627547191,-0.10270695809211142,0.12537128825331603,-0.22537932370784064,-0.0704248065397011,0.3692191370419779,0.018082368478879764,-0.07444091650025277,0.18861604999441584,-0.0005618361867272297,-0.25270654686529676,0.0808451580272171,-0.2646408489719681,0.12428290038597897,0.2725210430956423,0.18571079293607257,0.2862715032909507,0.15072506592180088,,,-0.0421619805413099,0.15531258870658587,-0.027937455693582892,-0.1530466734310409,-0.0001611508398126384,0.06170425521280928,-0.04259612047059285,-0.10143040932171772,0.05465804657739331,0.020862115215236517,-0.34000083975582074,0.08958915453248215,0.28490172962733074
nldas_vpd_mean_silk,0.4107023285604734,0.5854444334329375,0.23703490593883372,0.06358917676543227,-0.32579492228717066,0.3531332296821675,0.5716924680167033,0.5739443971282898,0.5737100849285506,0.8906981345325874,0.5036430468742726,-0.08505894851541206,0.9300660605557032,0.1890918922363473,-0.39607285403939296,-0.24810083020521828,-0.3978778161750406,-0.3451722438225897,-0.3634640522591927,-0.3077745702039494,-0.2893164124983843,-0.27480587346306995,-0.5990042218876199,-0.4724007657322492,-0.3539498188336628,0.5650898487722325,-0.570958314623582,-0.48393413167487226,0.5490864771602005,0.5479583501316169,0.5419791551843752,0.5468426421234713,0.548772037180741,-0.3694964481326628,-0.3797320347594095,0.41165203766856034,0.23896830632590865,-0.3887327223377899,0.15519356219726022,0.6773786903427621,-0.15120307866218996,-0.3810781545379792,-0.2658236780371327,0.2491891818116767,0.24985012867195586,0.25109797207762397,0.48169124111753747,0.5287260270877286,-0.4126199842949974,0.6211448879099957,1.0,-0.3257238523578716,-0.6076590445410773,-0.5383121398967283,0.5055534870152814,0.5058878503908125,0.5053494248542004,0.2694656179577461,0.374871551385347,0.21708852396561343,0.521185919260366,0.6690203580199914,-0.10389435767515504,-0.2834472848238211,-0.3770416013594707,0.34846660054861506,0.3488112559665943,0.35043974566422004,0.11810217002911498,-0.018320752236136696,-0.012526125240896333,0.10134069654701156,0.20169751927726978,-0.049679173441841216,0.10513662250177466,0.18348541777803323,-0.29544683922238896,-0.01739946885163695,0.06460109195405755,0.17750453525839602,-0.008943793589360654,0.20824595948411553,-0.0027944164269330155,0.07687995978809303,-0.22461625800225837,0.01159100365148102,0.5226188048191664,0.25109797207762397,0.5053494248542004,0.35043974566422004,,,-0.053223768957941335,0.09823685856855996,0.08054795160361022,-0.13573279220084733,0.011670802781861205,-0.004308188587328978,0.08558960984479262,-0.17184388804813983,0.07698374518703,0.03986346456134481,-0.5445466845193403,0.5515828670830107,0.5051643093436694
spi1_prism_min_silk,0.03484672536238068,-0.2350861026671736,0.18652218150576125,0.14001565831092846,0.4680572081988265,0.11127601119400617,-0.1338749306608068,-0.22926403332632636,-0.23929354909170394,-0.18670452004063187,-0.0002782994760277325,0.2945194024256993,-0.26941714784274956,-0.11493816357985562,0.5029841271870581,0.4403251609776843,0.4667338898154518,0.4584737125363532,0.36415906927120417,0.3406256494631356,0.27445679949159496,0.26494024038819697,0.46357216005314567,0.3094939552635975,0.26585575734268174,-0.4419051820108653,0.43300069653051404,0.3774919540472483,-0.4001351882671232,-0.3979966712152898,-0.39260619344464254,-0.3966560053022049,-0.3984765154568471,-0.08995618225122066,-0.06893963015375826,0.01360549570939014,-0.13218814445370014,0.25803426826563025,-0.21035532451356911,-0.1720131182580425,0.1976614406205848,0.17378327792943513,0.16443543451921483,-0.20255429518491774,-0.2041102195271364,-0.2049597622463574,-0.07669071258580966,-0.27341115634683194,0.49103767512985796,-0.32950068256663917,-0.3257238523578716,1.0,0.6929839505120462,0.8468186874238511,-0.4529919605099568,-0.4530848857651071,-0.4534193067881288,0.09250297204115715,-0.08382368528943827,0.10814505209403599,0.04360676248904338,-0.12208921692142359,0.09141492896253403,0.19896864533702946,0.16442568736693824,-0.15869523268158717,-0.15985731000019335,-0.16208254570220387,0.0032183437901186027,0.11286427296665905,0.04832539192318594,0.004467944812269172,0.08483884570669471,0.05569380187268918,0.029750815792562123,0.1120317651825099,-0.05849321093512641,-0.10412900198981216,0.006211358520766813,0.06887700927824073,-0.03233902272017235,0.0596958432427783,0.06246950857456245,-0.016771205854435558,0.03399312864285893,-0.04995119586472977,-0.37741089982386566,-0.2049597622463574,-0.4534193067881288,-0.16208254570220387,,,0.07815844614222833,-0.1316890939223779,-0.06862276538436124,0.19346838300198224,0.04860636972090397,-0.023147321030122042,-0.0615685289989638,0.09688301724270271,-0.09517332613581408,-0.04075711786798282,0.3332685118706814,-0.19439860092275865,-0.4530196019448495
spei30_prism_nldas_mean_silk,-0.12322787586572871,-0.38830827081266267,0.050016169408242966,0.07130689115954726,0.5566975221101188,-0.04321455488453891,-0.3257051380656254,-0.3790462376605436,-0.3864860084490172,-0.43542026972530784,-0.18042623974840608,0.2718151380380997,-0.5152555891847944,-0.15805396423790863,0.5944099590178568,0.3109254519840476,0.5924348525447947,0.483643169102723,0.46190877495417176,0.38380375676752665,0.33713870533458473,0.32383826169590424,0.6735830977599927,0.3972729229666045,0.4773554650804411,-0.5499458564071911,0.64051646032966,0.49705157133168826,-0.5068233371657889,-0.5017923348880116,-0.493569639455354,-0.49833840812041247,-0.50141037960579,0.0671133223309707,0.10958687758033717,-0.1381650096667495,-0.15465669040456048,0.35445003538064684,-0.18766766608494184,-0.31094602700983315,0.18140083281993843,0.25736187962277757,0.21649267985846868,-0.22203752863497492,-0.22302583252808467,-0.2240713398541825,-0.2720605012127746,-0.4194669332305843,0.7039451811527733,-0.4569789774449622,-0.6076590445410773,0.6929839505120462,1.0,0.7922275241061583,-0.545109984063245,-0.5440200282370647,-0.5432108686489128,-0.0047938547370564456,-0.1616004626316002,-0.020329092733762374,-0.16743661705998367,-0.34623639660679156,0.061990729221871106,0.2797478025076096,0.2634444778542764,-0.23851854288938992,-0.2381511003212669,-0.24004292747993164,-0.03235003186745983,0.0648222727638827,0.05464850558644995,-0.02204393182171705,0.008817956879767346,0.008117267590030602,-0.018495348186976773,0.03815495600242609,0.023197847075330905,-0.053092521750816565,0.0035006103526674047,0.009479409968698073,-0.022011696344165173,0.0062791664638559815,0.037487351061838016,-0.013523557422454327,0.028651749371763947,-0.015370366607932832,-0.4779650853337479,-0.2240713398541825,-0.5432108686489128,-0.24004292747993164,,,0.12389355179849863,-0.1184878106334564,-0.10142199505283107,0.16747750180631057,0.05765592297424832,-0.022432673494867845,-0.06209197830068661,0.14140386715220005,-0.08935852888059596,-0.07547461294242097,0.4404226669229864,-0.3366978594715794,-0.5427992565894089
spei30_prism_nldas_min_silk,-0.047169014214466266,-0.2748657259945265,0.10503293829264444,0.09497220561948021,0.4907548652566135,0.023435986347830576,-0.2092254348716184,-0.2770027404621956,-0.28602542020088595,-0.40547454119601184,-0.2036016314986054,0.3150820365572615,-0.479291542837744,-0.15627962423240147,0.5057315036426931,0.4008264909858266,0.47813873757306957,0.4672951084498799,0.3873827714885026,0.35840326785456483,0.28540499203789593,0.2815028626017341,0.6193014982250442,0.503958749683786,0.32982346475467156,-0.6215302532068071,0.5734447914827183,0.5327927680276191,-0.4937860728878995,-0.48942201451295153,-0.48227759167114165,-0.48851793622873363,-0.490880203624472,0.00428989767413211,0.016765729245660978,-0.07404894213042366,-0.17766247517200384,0.3565400942685368,-0.2533636534365144,-0.33115892601013797,0.21824102526449699,0.29685161611577904,0.2720786124761156,-0.25639250496167665,-0.25731228014674,-0.25841063836206085,-0.15086485889956475,-0.308186034935049,0.4664195009259823,-0.4652234009670149,-0.5383121398967283,0.8468186874238511,0.7922275241061583,1.0,-0.5247340712714422,-0.5238801997981171,-0.5250448930220037,0.018461755320432118,-0.12857771470439253,0.05053987191816528,-0.08827234440293566,-0.29645306516353975,0.10586715944693406,0.3007244437114517,0.31619574210337115,-0.22023891676006246,-0.22060150883862825,-0.22274429322222275,-0.019984813120536134,0.036975289346320515,0.059786997953142164,-0.001900174367230535,0.11671526773477565,0.0807272827309672,0.057826421418984746,0.11626194277659221,-0.1231356090063062,-0.07788551030785036,-0.016557076827097193,0.0574209606805181,0.01745552848597983,0.05347761549677729,0.01167353088311799,-0.01744130689686648,-0.008812126680624975,-0.04865192590283973,-0.4675193990883744,-0.25841063836206085,-0.5250448930220037,-0.22274429322222275,,,0.12994189370335532,-0.11630132839882885,-0.12115565339066928,0.2204463773942002,0.02062336759444818,-0.026171810924803373,-0.08146520725252178,0.14255064879752408,-0.08009981601466014,-0.047199114622195594,0.5228982388342941,-0.2384300505781909,-0.5243945180076067
cdhw_count_silk,0.3297860101382194,0.5619224133957338,0.14738289534475077,0.08850771019964872,-0.3254268168805461,0.24769888225449999,0.5067521409483008,0.6051343882677098,0.6051510014554461,0.4408787623344616,0.3297005549265938,-0.05541856252324199,0.4704491743557142,0.02239331284764971,-0.4051284367271756,-0.2942719184802797,-0.3876530367430311,-0.3684169637701206,-0.33817530498196446,-0.3237243533012865,-0.2556823132609061,-0.25399642710704895,-0.4554172844406643,-0.3468439630102736,-0.2989841331349505,0.46730272637088544,-0.43291093100009126,-0.39585033605388936,0.8443160386480628,0.8398457020718075,0.8280942176939876,0.8321470670437243,0.8365243836652473,-0.26608595820855285,-0.32832243689019874,0.33838125964669463,0.19563932519600563,-0.31395612138730633,0.03945657547147439,0.30701694298381793,-0.13636342200887072,-0.26949076665888944,-0.19035122633811535,0.28278750095900673,0.28545499243775985,0.2858999993147345,0.4612630843940923,0.6761322055854833,-0.4159627424737537,0.28924868232797485,0.5055534870152814,-0.4529919605099568,-0.545109984063245,-0.5247340712714422,1.0,0.9981426119745149,0.9970093733147235,0.1877230517489505,0.36939199698403424,0.12394535816153762,0.35091292984774974,0.3732304626602747,-0.13642894352200796,-0.21998030075327943,-0.28250274769401645,0.3674171228222647,0.3693272052620701,0.37256383494243567,0.009091951682931443,-0.06797065893941265,-0.049543594388400974,0.007382427081896041,0.07853748753387123,-0.012622141869153178,-0.008053232893884382,0.12976499977271705,-0.11979212165962931,-0.07769534767174863,0.041974729414115834,0.10042989968508495,-0.056123997655029685,0.10038876757349535,0.06496872902537927,0.038800260503689545,-0.07057756036390136,-0.025241426566540034,0.8001592623784873,0.2858999993147345,0.9970093733147235,0.37256383494243567,,,-0.06414343676496917,0.17941362930118923,0.07906156617211697,-0.2015632857660659,-0.1349868182697855,0.004023856023073791,0.10884769027485793,-0.20589276866002612,0.1751779642849134,0.06812959745090548,-0.4214932626990357,0.5755335378788032,0.9969766588831384
cdhw_total_days_silk,0.3351680127971479,0.5649024351244437,0.1524411483607329,0.09256648177141842,-0.3235302165981959,0.2526220868764752,0.5107235992127357,0.6086831766039714,0.608713963661135,0.4408352465947477,0.3333061160952605,-0.05065538479178113,0.4706063859783307,0.016365418355574667,-0.4047422878324988,-0.2944730758151744,-0.387432701543833,-0.3685787335045492,-0.33802130523552065,-0.32356292572619283,-0.2568517877362307,-0.25393115241133873,-0.45436723366601767,-0.3465116709687011,-0.29817009275301537,0.46637444317865967,-0.4320885800567484,-0.3962533658646233,0.8433213011376388,0.8421286483619319,0.8322744950432199,0.8348983241673492,0.8387200669957193,-0.26983106704336246,-0.3341319329914141,0.34295347011271937,0.19482259078799338,-0.3128083485137248,0.035414733756527685,0.30604954004770274,-0.13636301663017567,-0.26939191394665235,-0.19040674350625955,0.2831129443371648,0.2857707732924964,0.2862146892794671,0.46658528463181875,0.6793117346143752,-0.4170326199943543,0.2860346026747339,0.5058878503908125,-0.4530848857651071,-0.5440200282370647,-0.5238801997981171,0.9981426119745149,1.0,0.9987612986689279,0.19321744442564837,0.3756396144822815,0.12752522310012537,0.3546462936516229,0.3749888465743284,-0.13574436401111648,-0.21902842102888145,-0.2821336689825537,0.37254389913521396,0.37446298436701,0.37761960376667064,0.007623647410519671,-0.06935390564592646,-0.050175626069134734,0.00599920864788534,0.07811296994664076,-0.013610841110659943,-0.011862559301200394,0.13361261970639493,-0.1208260244922753,-0.08157403891578908,0.043177563764309076,0.10357423111964122,-0.06055768233394198,0.10406498921544043,0.07015144011685734,0.03879229430644269,-0.07074064189714686,-0.026692435189293404,0.7996590555740952,0.2862146892794671,0.9987612986689279,0.37761960376667064,,,-0.06469433189981758,0.17843526743967536,0.078616662472977,-0.2004926434572176,-0.1368299853216167,0.003025652022923426,0.11215479067767582,-0.20357963343584073,0.1772056337786369,0.06597848445714431,-0.42187125245147006,0.5795894380507187,0.9988187866425117
CDHW_Severity_silking,0.33300124607362064,0.5679215725284917,0.14922127335521101,0.09246684497407848,-0.3260824321995459,0.24961778590803682,0.5101083903614193,0.60822199460214,0.6105371347403801,0.4405556986271998,0.3339859608126857,-0.05430777780352385,0.47041515529199757,0.01691439711357013,-0.40693339127307326,-0.29688134000309985,-0.3890730452712427,-0.3705305561306018,-0.33982674160886134,-0.3253035634645098,-0.25869624150070614,-0.255856310601691,-0.4564344270285302,-0.34960909718796473,-0.29987138523900586,0.467597322721037,-0.4335999153794751,-0.3981027240568834,0.8425749856791451,0.8412042221688747,0.8314947630638669,0.8365078533428765,0.8400492398508478,-0.26679025384597366,-0.3328207824771754,0.34165391702550685,0.19785830186065864,-0.3139325927672027,0.038485024342184794,0.3066890437101926,-0.13963752252892628,-0.27171539283357743,-0.1932740398143904,0.28784952994805774,0.29048386976041374,0.2909175805016181,0.4652768719062654,0.6783502179543035,-0.41526352788985643,0.2862715032909507,0.5053494248542004,-0.4534193067881288,-0.5432108686489128,-0.5250448930220037,0.9970093733147235,0.9987612986689279,1.0,0.1903949023082846,0.3745915073943629,0.12332921617483956,0.3524989216044095,0.37391991991446943,-0.13787135850644186,-0.22116226178198437,-0.28435508706650614,0.3705871580210125,0.3724000320318818,0.37557521204609756,0.007187094066646661,-0.06976597152909673,-0.05106626062188789,0.005941856490848404,0.07697313888095222,-0.013677778375294773,-0.01197458255335424,0.13156757531486293,-0.11882056752361475,-0.08127576048231211,0.04299297923199924,0.1023179343381553,-0.06044323362018414,0.10310799948324308,0.06954137745562329,0.039423311241019485,-0.0702881516327812,-0.025451864916067327,0.7994938795552633,0.2909175805016181,1.0,0.37557521204609756,,,-0.06711155422542042,0.17766250138292825,0.07437045578110998,-0.20250388369012234,-0.13509412440165508,0.0021921497629050265,0.11705674936330934,-0.2048016205856687,0.1748389879045095,0.0660908136146615,-0.4252584589524909,0.578748947339604,0.9999621554215796
prism_tmax_mean_grain,0.9576846770551478,0.3706725601702629,0.909216937336775,0.5436716926651263,0.09569299867517585,0.9717251744687345,0.7121257517555168,0.4242460852495899,0.38509188804081357,0.4199192412797749,0.7198607095663125,0.7833290006020426,0.3415956880738604,-0.44659794993304486,-0.060138674874653526,-0.06468140377724844,-0.028974959128636752,-0.051177656492604695,-0.017806988334357877,-0.015146177748963466,0.02067209947402752,0.035573009334520025,-0.11962565019622816,-0.18811734269136227,-0.04605305213602553,0.148587221616981,-0.07864306586704078,-0.12036320119811764,0.26059597114187955,0.27136917716577597,0.2749068393546758,0.2672969103829549,0.2658414169939105,-0.8639687791495736,-0.8017165945903301,0.7869581081239264,-0.17316837957109477,-0.09409583953113869,-0.6458396761007925,0.05729052755598336,0.08207962447584759,-0.05897381560201864,-0.032341804732237064,-0.04755003169240635,-0.04613230895310614,-0.047944375530047226,0.7514587337921103,0.3986338413225107,-0.22178342408125085,-0.2410834481967113,0.2694656179577461,0.09250297204115715,-0.0047938547370564456,0.018461755320432118,0.1877230517489505,0.19321744442564837,0.1903949023082846,1.0,0.5578571515736972,0.45998002935661225,0.9035632405664993,0.6840111301667963,-0.2777866019017728,-0.1601358218721197,-0.34468115089063445,0.3401566363004326,0.3425022450862003,0.3402978868573313,-0.06901954058363668,-0.02262637762537568,-0.042217535615503066,-0.05009348541219606,0.17822512950573086,-0.08672261349693601,-0.25190844679374785,0.5786402838802354,-0.23889912870996222,-0.5086201845466393,0.10962494835986084,0.3148073284001155,-0.36824210336069696,0.3121636005518874,0.4725001480217879,0.04265658429325533,-0.11978007130876045,-0.08605767099740086,0.25421695316661336,-0.047944375530047226,0.1903949023082846,0.3402978868573313,,,0.08787248012286088,-0.04377184445065123,0.07032125175222584,0.024360095867989262,-0.007698599948770432,0.008095968201224244,0.033472460017135545,0.0011111439688785616,-0.08510941260994974,0.02918457395799124,-0.2439995643584273,0.44599063207329664,0.19376565115285627
prism_tmax_days_gt35_grain,0.5715690432398075,0.5638354870886423,0.4733120618995407,0.2589428573238582,-0.05731242910738316,0.5382666756043997,0.6116814108204847,0.6674502233855204,0.6391800635268177,0.4400996916535602,0.4582796103262308,0.31442547411836247,0.41626138752771685,-0.15943354395276685,-0.19113832579467785,-0.1446802269730983,-0.14849477263153382,-0.16755279002221438,-0.11940568959763877,-0.11330670953137152,-0.13482360913009814,-0.15447552013658636,-0.23470254620939116,-0.22775746718613327,-0.1629452028535229,0.25474589368654676,-0.18347426712622253,-0.20359770438620914,0.5180803446790817,0.5282755979347569,0.5272624025871101,0.5238087128722083,0.5244102933819427,-0.48710957952170675,-0.5173271559905598,0.47556111504986665,0.03376222843553453,-0.09179663285051051,-0.25022491220885007,0.18699372911162354,0.0010462030516819533,-0.0949775633139197,-0.06984952473942842,0.06052542222195642,0.06379218183529316,0.06346802298925847,0.5294871850120296,0.502837354086933,-0.28605869298255693,0.0073681682279652695,0.374871551385347,-0.08382368528943827,-0.1616004626316002,-0.12857771470439253,0.36939199698403424,0.3756396144822815,0.3745915073943629,0.5578571515736972,1.0,0.2321840452795473,0.5901489291987515,0.5527652272711184,-0.20071410553238023,-0.24073163657799088,-0.30464372183500055,0.6889570612170389,0.6904899609680635,0.6900211221870407,0.03827346968318831,-0.025251897885833024,-0.019148398699595937,0.039398733650077004,0.11921081829620266,-0.08202957256776673,-0.13348784274647407,0.3408833524484599,-0.23398205565329122,-0.23921582216167006,0.07998174113513157,0.21963184070876549,-0.2012078283770869,0.24384654433461692,0.22989205951311803,0.05427423043783371,-0.1326253866718615,-0.011732989919144642,0.4934778746515028,0.06346802298925847,0.3745915073943629,0.6900211221870407,,,-0.025031033250262052,-0.0013542517105801246,0.02096572111739657,-0.06408501995177665,-0.03550675109453299,0.020537956363267364,0.12139417493699624,-0.2043426378587644,0.10053421265157246,0.02316203378983019,-0.31064419143895067,0.6770301971172751,0.37714887302944555
prism_ppt_total_grain,0.5817202428368994,0.22509562336295688,0.6720942133636508,0.46203698057056153,0.4817243884714991,0.6376474881856606,0.46366763446604126,0.22473311213302055,0.19242683154191695,0.2023055346313626,0.4535479861692448,0.6350033428891345,0.0987269612314112,-0.3182738242374714,0.30919148473578595,0.21553390579132317,0.1897143039313978,0.23003857123048818,0.13402486056806737,0.16303185845407228,0.14209304943818168,0.19808242104799445,0.21481528609176262,0.11236711112051993,0.15681789673826826,-0.17873161670568768,0.1106431488028988,0.12917961135854114,0.11562208103678405,0.12202076208169137,0.12523467445501685,0.1186973933461325,0.11792806919335973,-0.6401720242814659,-0.5992122113073108,0.5591925528510582,-0.0837975745761827,-0.049444836420326085,-0.514664855963186,-0.01559117910324955,0.15416883450386137,-0.0025440468676684058,0.0630645147648473,-0.023806553571094756,-0.02389973683907513,-0.02421604663458048,0.5659281291790949,0.2435338240571001,-0.16329603571882562,-0.21156502941067631,0.21708852396561343,0.10814505209403599,-0.020329092733762374,0.05053987191816528,0.12394535816153762,0.12752522310012537,0.12332921617483956,0.45998002935661225,0.2321840452795473,1.0,0.5456336422896315,0.12492305528305785,0.27386289371852923,0.5610523802524481,0.219942279221748,0.11560137211452756,0.11792698461499934,0.11750686083427575,-0.00880079224463543,0.05463074531862322,-0.028974907997251748,-0.011011271167427655,0.23238887453973148,0.11380384264610598,-0.01357168037011597,0.4468349875241909,-0.2563401258846824,-0.38342791275927407,0.03537937045021246,0.26662910033912657,-0.18626399070251112,0.2514383081452463,0.2620755511844666,0.0031218808732723733,0.06805575424719096,-0.19509391032935502,0.10534344220197427,-0.02421604663458048,0.12332921617483956,0.11750686083427575,,,0.03757169492776462,0.06330782428504238,0.1108917182748063,-0.02511493278382639,-0.0025351422941428787,0.019808983568800287,0.007011319948641848,0.07591038677987876,-0.021176143899778888,0.10919093186888376,0.0688622000534925,0.2653781441062791,0.12518167546816422
nldas_et0_total_grain,0.9462432650531144,0.5624859367311072,0.8737097868869391,0.549741063508495,0.05539841590063081,0.9476812409742396,0.8413555105048198,0.5834242829915138,0.5530214593612481,0.6469623560734442,0.797651752537918,0.6715851218203842,0.5492110127559025,-0.32057145919162877,-0.15069807065343593,-0.12126013361101289,-0.11723500950655598,-0.10452487425272661,-0.10643208481465934,-0.07815668545457928,-0.0538015192698762,-0.03244108905187534,-0.27149061997660107,-0.3163558804247784,-0.16960827480982368,0.2828242650943071,-0.2264529301235091,-0.23323430517462976,0.41871078987244104,0.4254735260870136,0.42440691799312685,0.42124132962615807,0.42157485254302035,-0.9179175734033242,-0.8781720118822183,0.8603325111384452,-0.0005795460500331906,-0.17521726198013718,-0.565757874461154,0.2385241936712249,0.06101928228464137,-0.14719958901832333,-0.08968962237893606,0.06164394505721933,0.06363066450401542,0.06268113562660961,0.8619787410487935,0.5502775442006117,-0.34191644155747547,-0.1001454030323092,0.521185919260366,0.04360676248904338,-0.16743661705998367,-0.08827234440293566,0.35091292984774974,0.3546462936516229,0.3524989216044095,0.9035632405664993,0.5901489291987515,0.5456336422896315,1.0,0.8351376987832243,-0.2837801141517093,-0.25616532700492456,-0.43735546034800915,0.41078590365474543,0.41186824701500246,0.4111454866524816,-0.04546401949392531,0.011431720877385382,-0.04214104196075376,-0.029952126327689548,0.3252764340682101,0.11965477928901168,-0.03766382244100841,0.6033646402789661,-0.41740230296319797,-0.5024145315145333,0.029270856737998212,0.32792565464666495,-0.20519038205260146,0.3058660626443645,0.32148221435718727,-0.014366499048734714,-0.03802464594083062,-0.19570260464423356,0.3980484963936699,0.06268113562660961,0.3524989216044095,0.4111454866524816,,,0.010989393556433451,0.00952631679855462,0.1080785650984408,-0.007475960268316035,-0.00330578278811686,0.024278955043385522,0.10818751185901469,-0.08945426793538876,-0.023596720697768643,0.044421774270408255,-0.39597309015052673,0.593822956360248,0.35507730999486914
nldas_vpd_mean_grain,0.6932552739600872,0.5139754696898295,0.5418192349215444,0.2762072934446944,-0.26274764316813654,0.6560784835837984,0.6601768587188293,0.5359905689147614,0.5226303888049261,0.8146329265908373,0.6977437923877827,0.2166942238046326,0.7934340131613371,0.009222319844582256,-0.3575361438778275,-0.2268842407934247,-0.2904931642828505,-0.27221939105393617,-0.23670283398342684,-0.20460861464306176,-0.17314180704337268,-0.17595145992224082,-0.5353355591532424,-0.4799205501656132,-0.3430455046583959,0.5103042313301539,-0.4428207793388747,-0.40927629034080415,0.4746035107500186,0.47754927148043824,0.4735068282836149,0.47349075368544985,0.47476720708889286,-0.6154363821461879,-0.5603338013226471,0.5920710428386002,0.05202475478398537,-0.2199868062497031,-0.12757435096040046,0.47298737538465263,-0.028567590589399262,-0.23403053310802704,-0.16837473710984624,0.10420011492742699,0.10567547402814918,0.10483026413957088,0.5854591542938246,0.4591489090169126,-0.3781653946415502,0.29978360658343023,0.6690203580199914,-0.12208921692142359,-0.34623639660679156,-0.29645306516353975,0.3732304626602747,0.3749888465743284,0.37391991991446943,0.6840111301667963,0.5527652272711184,0.12492305528305785,0.8351376987832243,1.0,-0.3546836774632812,-0.5438853281926165,-0.616867727616485,0.4566081181528621,0.45639340617640256,0.4560566348149041,0.034439557276423595,0.008283654382961934,-0.013504225633422358,0.03702164458830133,0.22507144487975553,0.024344078643918923,-0.013333382855985518,0.3463479586745851,-0.3263858582049416,-0.2470029838510657,0.01772784229113735,0.16291257346105625,-0.09596887939369186,0.16610062284129326,0.15254881470801035,0.05328493507081387,-0.20133662144844508,-0.04792105939411267,0.4545664975041224,0.10483026413957088,0.37391991991446943,0.4560566348149041,,,-0.03678461857642192,-0.0005179095320177271,0.06040658665701139,-0.04117206348322164,-0.03776101554185976,0.06615279345086027,0.08925219433316042,-0.2178554673863601,-0.03328246896633159,-0.052008273896679544,-0.5420797519103475,0.5214074424440978,0.3756532410492087
spi1_prism_min_grain,-0.26392474225676715,-0.1769959435273828,-0.14736298993510025,-0.11894605491364464,0.29544356872919597,-0.22122611896869152,-0.2146403171431367,-0.1955394069038092,-0.19130258044532863,-0.17795741851819888,-0.2282487595401777,-0.0861772113732671,-0.17113913976242806,0.11237171209755785,0.4048502681532569,0.572781578522458,0.22847360747773482,0.2568009863878661,0.1510938649398232,0.15215534097524425,0.11365692615972725,0.11742267505277058,0.35488965458709293,0.4764122592605655,0.16216524624142564,-0.4223389344439659,0.2065163927770586,0.24610369286553913,-0.18246110521242376,-0.18329472726609833,-0.17972405175618605,-0.18123887898399121,-0.1823228607005592,0.19736400859781428,0.18584760866455388,-0.20873903238228314,0.01474326544807757,0.06210803913846168,0.15308862287463754,-0.005144065998185736,0.05143798961312295,0.06372888459270619,0.08670032133205513,0.0061178713721196255,0.004611356778321303,0.005890236091429575,-0.20938475301839776,-0.19271864241176934,0.21052337205472405,0.028345600191220847,-0.10389435767515504,0.09141492896253403,0.061990729221871106,0.10586715944693406,-0.13642894352200796,-0.13574436401111648,-0.13787135850644186,-0.2777866019017728,-0.20071410553238023,0.27386289371852923,-0.2837801141517093,-0.3546836774632812,1.0,0.6200739995847697,0.8179820187262619,-0.23610573820958677,-0.23575010150062783,-0.23585113445387257,0.05587949610387179,0.013288694343098125,0.03378976713001644,0.0434584939167347,-0.0395898467173308,-0.004565267692702611,0.046839506872208295,-0.14186519292501273,0.04971812535966165,0.11884620129612597,-0.04092155264397404,-0.09142111072085972,0.10345644311794928,-0.09015240519845727,-0.12906704649179396,-0.01643952483745866,-0.0021629314238370547,0.05402112130675131,-0.1763241458126099,0.005890236091429575,-0.13787135850644186,-0.23585113445387257,,,-0.040667545462854865,0.0897065799922523,0.10816987781729429,-0.01621620276078572,0.022355668801124894,0.03853902889847218,-0.14014089926445492,0.1103480615752406,-0.03159314630773751,-0.0437928779972108,0.4803599338460954,-0.17497068009770508,-0.13811639232316092
spei30_prism_nldas_mean_grain,-0.1533984259383087,-0.22608944225599112,0.007611791097588432,0.032480779194630986,0.561552490328914,-0.08376316602046845,-0.19723157551932152,-0.23389827732950444,-0.2433667133069804,-0.35728616434494076,-0.24610215706623223,0.1866367109619524,-0.3888180307614875,-0.07534273311218433,0.606241780167643,0.4220603038493236,0.419517520213521,0.4364317956360458,0.2976395599004641,0.28589986195885186,0.24021506140670076,0.2621559432374567,0.6491417123832607,0.5497405872393798,0.41003771089269425,-0.607515619544041,0.4513080971641017,0.4785703130499901,-0.2980261225669989,-0.2957352853746441,-0.2890803864424215,-0.2928687290657085,-0.29526675679508013,0.052902511090988605,0.06619565260324589,-0.0945408956107883,-0.06613789117803359,0.11079268673352619,-0.08809650730411706,-0.16399878473123405,0.1252370330460884,0.14291625378062894,0.1818891436712561,-0.08351586489971627,-0.0847821484669659,-0.08432215722616826,-0.12119266412399722,-0.19060594644341414,0.3383525653351576,-0.23151497167054913,-0.2834472848238211,0.19896864533702946,0.2797478025076096,0.3007244437114517,-0.21998030075327943,-0.21902842102888145,-0.22116226178198437,-0.1601358218721197,-0.24073163657799088,0.5610523802524481,-0.25616532700492456,-0.5438853281926165,0.6200739995847697,1.0,0.76906056299922,-0.3042624533288751,-0.30202944554410893,-0.30191966397588793,0.020560879003320775,-0.010202746965945031,0.028805948973348892,0.01923281164720619,0.025707853777454458,0.020380239064105844,0.02261717515747745,0.006460569083320156,-0.04399481986012932,-0.006491850809613283,-0.022715124872008333,-0.006453339242331834,0.030417204901278926,-0.017723103120358467,-0.03209383128716498,-0.004306567637348191,-0.019380134259026547,0.007113741357945667,-0.28212677746655923,-0.08432215722616826,-0.22116226178198437,-0.30191966397588793,,,0.07740624497995129,0.008402835571889351,0.018231642159703226,0.04474004786444249,0.008084440544724816,-0.027735373665262818,-0.1198773472426199,0.21849157312089101,0.0012899617477508723,0.06406720575158299,0.5572788020501814,-0.19012476990061788,-0.22100277126291193
spei30_prism_nldas_min_grain,-0.34497807943738446,-0.2676162327907024,-0.20607861819008605,-0.13151725037997003,0.3873054120091225,-0.2943553634848,-0.3170069964469218,-0.28756685777335844,-0.2865360320460065,-0.46483629012116195,-0.4466522558179137,0.0015508569387167994,-0.4591683610783464,-0.005015075125605202,0.4756310559458673,0.5020627853221513,0.31203415552346414,0.3171828645085347,0.22519611804660994,0.20315527943907333,0.14510439520692217,0.14833342609132927,0.5740934818539406,0.683365968193886,0.29630145902158395,-0.629134259883038,0.40207249517675286,0.42768922494100153,-0.3478762343847789,-0.3475542707808883,-0.34168709153091786,-0.34540775523136413,-0.34741688679889493,0.26787300334320807,0.2457693841198778,-0.2839007116361026,-0.017709351367713476,0.17107459526139168,0.035076913988272757,-0.2099644712536342,0.07550859695067284,0.18645986005934556,0.17126956342517444,-0.051407816820740686,-0.052458435989889196,-0.051784620560770836,-0.2798539478143739,-0.25511999758939496,0.3013005206026909,-0.22248189145353736,-0.3770416013594707,0.16442568736693824,0.2634444778542764,0.31619574210337115,-0.28250274769401645,-0.2821336689825537,-0.28435508706650614,-0.34468115089063445,-0.30464372183500055,0.219942279221748,-0.43735546034800915,-0.616867727616485,0.8179820187262619,0.76906056299922,1.0,-0.35885495080397944,-0.3580471443415836,-0.35849851450920095,0.0006244980380990008,-0.06487691759570766,0.03242945886190191,0.006587971995203044,-0.018861165261853545,0.0280198437871578,0.07049001700459351,-0.14794598231025224,0.020702004561016174,0.11467980271448032,-0.06654363655293191,-0.10011282739384478,0.12514989350070949,-0.0939266244544722,-0.14710560958018498,-0.04020012530625835,0.0006462326029780899,0.057585417036433446,-0.3290992101413452,-0.051784620560770836,-0.28435508706650614,-0.35849851450920095,,,-0.01961877772950519,0.026501094986983185,0.04354149270687838,0.04689810870575825,0.04028589780148817,-0.022660094579162803,-0.1429514153617243,0.20829444155353394,0.011484945961693417,-0.018196345808697594,0.6911945109955677,-0.2591094302635182,-0.28463436520969676
cdhw_count_grain,0.3678298973015856,0.41564166397860947,0.2741795859641491,0.1374050826724107,-0.1491408527687635,0.3291707523932103,0.41765995978987375,0.473478224767814,0.46163873068519057,0.38362765853221026,0.3250477029425064,0.09748805748507831,0.38791681388512744,-0.022047361286819566,-0.2539089397905703,-0.17705151536142125,-0.2233856892315298,-0.23278598998838962,-0.17341053383101937,-0.18507740158654412,-0.1594056915486741,-0.1850558182994456,-0.31117644694487157,-0.2696487951919691,-0.19676131085741688,0.338150451148043,-0.26712882530804616,-0.28816786831324137,0.6155776631855842,0.6212694943304832,0.6148342454714952,0.6107331430475897,0.6138088966020827,-0.31421048110562655,-0.3133974364169488,0.3088242481380744,0.022347339352640987,-0.10243815123979767,-0.08341710378075526,0.20881159649878428,-0.0295535152218726,-0.12511663496283756,-0.09591878458978388,0.05380498690641912,0.05660677062848711,0.05651592546869851,0.3485309735380797,0.3586890670500481,-0.3280525141733537,0.14967452973132353,0.34846660054861506,-0.15869523268158717,-0.23851854288938992,-0.22023891676006246,0.3674171228222647,0.37254389913521396,0.3705871580210125,0.3401566363004326,0.6889570612170389,0.11560137211452756,0.41078590365474543,0.4566081181528621,-0.23610573820958677,-0.3042624533288751,-0.35885495080397944,1.0,0.9988474714524443,0.9983772656776049,0.057835207060555616,-0.007522651734746607,-0.009379227396872379,0.043909218790753005,0.08977681990625223,-0.022355202964265984,-0.055090840038223954,0.19374979416933863,-0.15354816654834813,-0.1310730958517557,0.039443435803584136,0.13157414668614884,-0.10206651525919683,0.14079503178356761,0.12537936702232574,0.044422457538630444,-0.08283991478743429,-0.03320820822418413,0.5783763728841366,0.05651592546869851,0.3705871580210125,0.9983772656776049,,,0.015297166312553328,0.05257230610169138,0.043064392181157034,-0.10746668148853442,-0.06962931581459617,0.10186878664498236,0.06314985757854912,-0.1541945793441425,0.09397803638646221,-0.041056995350951496,-0.3279574416300204,0.46648745380382944,0.37222977175395733
cdhw_total_days_grain,0.369902381342467,0.4172324377049644,0.27609854624726105,0.13830316129290254,-0.14722063841547142,0.331036920463099,0.419610260547889,0.47539898653714197,0.463664518824995,0.3839193582213617,0.3271362051554213,0.0993976746436138,0.38784460297326956,-0.023219619765434203,-0.25278605840448115,-0.17695719604341334,-0.22290253643438132,-0.2323124735044823,-0.17304156208372368,-0.18472891118676943,-0.1593668032236311,-0.18437831882955755,-0.3099822850543961,-0.26861333080802235,-0.19636507763197944,0.3371724496416328,-0.2663877111485017,-0.2871421762077181,0.6151139259430926,0.6227587972796195,0.6172702620597639,0.6125258119915691,0.615301947486571,-0.31554889746055836,-0.31501181541368084,0.31035027239079904,0.024177741484658226,-0.10226709350820339,-0.08425444860992794,0.20795310314614343,-0.029081308800694847,-0.12523847962680507,-0.09550399298712764,0.05567993940903307,0.05870266732526945,0.05864033188386219,0.3504386581371321,0.36088933049777566,-0.3282926116813937,0.14882000459183733,0.3488112559665943,-0.15985731000019335,-0.2381511003212669,-0.22060150883862825,0.3693272052620701,0.37446298436701,0.3724000320318818,0.3425022450862003,0.6904899609680635,0.11792698461499934,0.41186824701500246,0.45639340617640256,-0.23575010150062783,-0.30202944554410893,-0.3580471443415836,0.9988474714524443,1.0,0.9994970683249925,0.05868848222991739,-0.007700727578097615,-0.008460254853037814,0.04447650834319371,0.08774303697979144,-0.025323938113937447,-0.05865660655462735,0.19562435423928695,-0.15310031858819953,-0.1296184913072598,0.041734436852909035,0.13325666983228746,-0.10508405984790045,0.1435026932062373,0.12773338744472132,0.0457010213373646,-0.08385404314303757,-0.03428504540583446,0.5781321070859922,0.05864033188386219,0.3724000320318818,0.9994970683249925,,,0.013529331242155261,0.05198400792691229,0.041552895159478576,-0.10646950842959124,-0.06972361999747119,0.09946759921294655,0.06298378775718298,-0.15312384411320745,0.09457354038956252,-0.039335915213281496,-0.32741270156162366,0.4686095025905199,0.37406543949277976
CDHW_Severity_grainfill,0.36927767914407417,0.41871935452185544,0.2737083549646819,0.13646218191656623,-0.14899846643175463,0.32955904370248035,0.420038536845228,0.4759907570717469,0.4649645436343191,0.38494773558642836,0.3269664084291029,0.09639894570283504,0.38900872263601016,-0.021494710806941875,-0.25418181957338665,-0.17843711676161791,-0.22436827378150698,-0.23393729988318626,-0.17473188033168421,-0.18679496807873242,-0.1611331460357428,-0.18615258842087087,-0.31132851375131493,-0.2696737958487281,-0.197293439221562,0.33824812307128643,-0.2678552271541495,-0.28840856547593713,0.6156011957466528,0.6231024624999175,0.6175067412538614,0.6135903545043767,0.6163424330489562,-0.3143879394105091,-0.3151382450700211,0.31039426945662324,0.02799026193180425,-0.10375311881762411,-0.0810251267322953,0.21000181647420887,-0.030822924712510538,-0.1269736663659992,-0.0972624847936163,0.06035250846115728,0.06352252908800883,0.06347795325751811,0.35140338372943153,0.36276913027824154,-0.3299081264159265,0.15072506592180088,0.35043974566422004,-0.16208254570220387,-0.24004292747993164,-0.22274429322222275,0.37256383494243567,0.37761960376667064,0.37557521204609756,0.3402978868573313,0.6900211221870407,0.11750686083427575,0.4111454866524816,0.4560566348149041,-0.23585113445387257,-0.30191966397588793,-0.35849851450920095,0.9983772656776049,0.9994970683249925,1.0,0.058255672194623985,-0.008323885600577544,-0.008046049867217329,0.04417154223168987,0.08865769242164276,-0.023926769651393523,-0.056583219377982774,0.19484804367727662,-0.1539898895244584,-0.12880725567173948,0.04114743748426439,0.13295787536047118,-0.10380058895236356,0.14291031936075813,0.1265072734690191,0.04599788281086177,-0.08416467339866356,-0.03462165631038243,0.5780865894635335,0.06347795325751811,0.37557521204609756,1.0,,,0.013491181383660561,0.054546976861780776,0.04090162424488764,-0.10764958851737284,-0.06965215540298349,0.09676374608566221,0.06466317131423172,-0.1537591392789999,0.09601672730348841,-0.038402336066973256,-0.32867330072583273,0.4689562502573388,0.3772226115971045
noaa_hail_count_gs,-0.0946345137522346,-0.004920053376219632,-0.04297092760817343,0.041403488859301306,0.10565520946979784,-0.08302867978786155,-0.06480926409564039,0.012531785507429965,0.00889634794414066,0.12152925374576325,0.03723698402911338,-0.1181519604241849,0.10814265386705807,0.22094474844324738,0.12155915195378204,0.06193469482506335,0.12038912067707853,0.049812261773613226,0.12695499770516733,0.07885425589153294,0.06853616412656227,0.06747207078516365,0.0578287979804931,0.027152635615863063,0.060642757147068446,-0.026412556118065787,0.06341737769144519,0.011111696385509854,0.0024408728332839928,0.0029785806034857793,0.0034757755581811345,0.0035110222230967016,0.003207508053835392,0.08845957342870009,0.057044304661528336,-0.10479262105508765,-0.07890033006777374,0.1670422163457756,0.1675339398838459,0.10876169123155159,0.1028504567159025,0.10490650211396833,0.060285166100634204,-0.11828866618607116,-0.11955417451647328,-0.1197738177953225,-0.07107831147763699,0.017427739074316686,0.00331310278560063,0.19082066017319196,0.11810217002911498,0.0032183437901186027,-0.03235003186745983,-0.019984813120536134,0.009091951682931443,0.007623647410519671,0.007187094066646661,-0.06901954058363668,0.03827346968318831,-0.00880079224463543,-0.04546401949392531,0.034439557276423595,0.05587949610387179,0.020560879003320775,0.0006244980380990008,0.057835207060555616,0.05868848222991739,0.058255672194623985,1.0,0.3977048756229892,0.1897439574286965,0.8463836724904533,-0.05743384909368603,-0.09956398655899727,-0.01495358984504671,-0.06371045076073469,-0.021002769834337857,0.1685192173914417,0.06863921259111348,-0.005962484150711551,-0.03447235471908181,0.02473797467722026,-0.07345395674971925,0.07646415141443119,0.033816687818678796,0.0687754122257727,0.001707212731788194,-0.1197738177953225,0.007187094066646661,0.058255672194623985,,,-0.01589940635944006,-0.023999533757498814,-0.011400740288343847,-0.016657121301995075,-0.0596844562124502,-0.03846523481767244,-0.07490526201957232,-0.02988308734599823,-0.08512917361283706,0.015961004497036406,0.027101539112110083,0.024614684276527098,0.006850688802058883
noaa_thunderstorm_wind_count_gs,-0.028232271383188404,-0.11274687091576636,0.0690614607910957,0.1586430860648957,0.1632231170983181,0.005777442973382206,-0.08717612190033724,-0.09533794982762546,-0.10201961194025086,0.01953193016024282,0.12972660086443072,0.031511451473715237,-0.024103974531280308,0.043626777791910064,0.1756246829401861,0.07984221996631989,0.19414768846571168,0.12723042262107867,0.19117553393543266,0.15719458608148096,0.15345860745371706,0.14392894177111076,0.08444027185658602,-0.01873865284129326,0.09911273619415766,-0.026628938709965574,0.11038642723354268,0.031203250154011968,-0.07058195608039511,-0.07071561010826777,-0.06968526586129323,-0.07060613357217521,-0.07118630947565956,0.017671661510312027,-0.008209620360188621,-0.05698632068562927,-0.1045431462793897,0.15172052622206342,0.005076251536720217,-0.053703912319574984,0.11919502065937941,0.10221892394154852,0.061576192376249214,-0.11840010446152552,-0.11973962083510493,-0.12030196765040657,-0.04016880652357243,-0.08614652727552541,0.061158480663883644,0.008294269951900196,-0.018320752236136696,0.11286427296665905,0.0648222727638827,0.036975289346320515,-0.06797065893941265,-0.06935390564592646,-0.06976597152909673,-0.02262637762537568,-0.025251897885833024,0.05463074531862322,0.011431720877385382,0.008283654382961934,0.013288694343098125,-0.010202746965945031,-0.06487691759570766,-0.007522651734746607,-0.007700727578097615,-0.008323885600577544,0.3977048756229892,1.0,0.19356321398831916,0.2940504264041388,-0.10421674972868823,0.04211783671442819,-0.04127738340530879,0.0006235812228896228,0.06975837737319394,0.007264806917684327,0.03674324021965085,-0.0317712536754037,-0.04818282424067216,-0.036359635051753623,-0.009374375979735672,-0.016021496347575173,0.2955604479958552,-0.023278638445392696,-0.06645118740293315,-0.12030196765040657,-0.06976597152909673,-0.008323885600577544,,,0.028808623900870488,-0.07436015090547994,0.010484270154683197,0.011845545403450454,-0.07914539204352665,-0.01125603405634544,0.008270402925242247,-0.009149267020137847,-0.14989290567882382,0.016618309378501225,0.0004193132917023215,-0.08464274364604397,-0.06982080636719651
noaa_tornado_count_gs,-0.05908874162209646,-0.025999206487862248,-0.036812483838243606,-0.026341860644327482,0.07411424643290526,-0.05078857785061522,-0.05555240379745051,-0.027727694340630892,-0.026148902003616494,0.023936799745528956,-0.018800280990678785,-0.040264633325509946,0.010445464377911062,0.09869271435493972,0.10202238945097426,0.046619937404197384,0.10187189092988647,0.06710192079397098,0.09254114639998921,0.06615736219343968,0.05457940381465684,0.03713176593226306,0.0877064009670772,0.057349776796608555,0.06820383297841073,-0.06593942402946784,0.08522840148702535,0.07085385205228523,-0.05076777467724774,-0.050730971118164006,-0.05057284850796093,-0.05036544121422063,-0.050364088646051526,0.055657492985678396,0.044850014966878564,-0.0689294811576884,-0.0014438750151702549,0.10247633633917709,0.08371508630543097,0.05161125027403967,0.060399896013300834,0.08039252369790403,0.06053593783295172,-0.043539622261223855,-0.04359870694691685,-0.04325656706503017,-0.059160489118377645,-0.031651989586473896,0.03673185187603232,0.047950095834317974,-0.012526125240896333,0.04832539192318594,0.05464850558644995,0.059786997953142164,-0.049543594388400974,-0.050175626069134734,-0.05106626062188789,-0.042217535615503066,-0.019148398699595937,-0.028974907997251748,-0.04214104196075376,-0.013504225633422358,0.03378976713001644,0.028805948973348892,0.03242945886190191,-0.009379227396872379,-0.008460254853037814,-0.008046049867217329,0.1897439574286965,0.19356321398831916,1.0,0.1742227050024105,-0.01182197520859642,0.015995393375016143,0.037787443727795966,-0.03112084756506638,-0.053783665988953795,0.03695349744383929,-0.03665232460307914,-0.06982727506204184,0.09385247645351745,-0.060947519069491675,-0.11393859554018,-0.03002196707377902,0.021420991689232612,0.01817550103832937,-0.04802676434353042,-0.04325656706503017,-0.05106626062188789,-0.008046049867217329,,,0.016403345371861323,-0.03566108775407581,-0.015258489620364234,0.02506882677415971,-0.038690920864283135,-0.012682586998072523,0.010255617489314564,-0.003928711386096733,-0.042715408018110426,0.011367008725507567,0.05841901090259924,-0.020714097544211132,-0.05102691506295151
noaa_max_hail_size_gs,-0.06779744550634445,0.022981411430108147,-0.03920469145153214,0.017453846067533405,0.07943493885408366,-0.062437538729379814,-0.035749737064860794,0.028207575649319135,0.02708415899312929,0.11072739287892379,0.01577810642702622,-0.09638694695300114,0.10254369857262471,0.18467300438749712,0.0889083194091248,0.03953536696947506,0.0887199705098878,0.03416009555944943,0.0901653117880271,0.05126984606493245,0.03967959150278363,0.03798661657895314,0.045687223540203284,0.028061160380673546,0.04796278276576721,-0.02339365306885901,0.04656943242719948,0.011446194888142955,0.007203903339036416,0.0070886701528828045,0.007024599363612443,0.007981265565054076,0.0077947275722701605,0.061430529937020036,0.049015242508265625,-0.07095251315923427,-0.03845828831122487,0.12535840229787687,0.1413539307536184,0.11750781544592777,0.06971598065105984,0.07765271558031941,0.04384128878132667,-0.08378317934524279,-0.08475287755727032,-0.08496495395174676,-0.055359391764048964,0.02340481583104426,0.004835763430885098,0.1663953182852476,0.10134069654701156,0.004467944812269172,-0.02204393182171705,-0.001900174367230535,0.007382427081896041,0.00599920864788534,0.005941856490848404,-0.05009348541219606,0.039398733650077004,-0.011011271167427655,-0.029952126327689548,0.03702164458830133,0.0434584939167347,0.01923281164720619,0.006587971995203044,0.043909218790753005,0.04447650834319371,0.04417154223168987,0.8463836724904533,0.2940504264041388,0.1742227050024105,1.0,-0.025080006507744813,-0.08227358477180947,-0.006785606540243303,-0.04569950604680641,-0.04428422807249324,0.1381327130021753,0.04540401663439678,-0.0029495071997924097,-0.008058474892048757,0.02053032877537985,-0.0726940338467043,0.06534363309152327,-0.003314640064512723,0.05619477665443526,0.007976840804318269,-0.08496495395174676,0.005941856490848404,0.04417154223168987,,,-0.005537620998363671,-0.020186445643882545,-0.008889154336286408,-0.002237169575910562,-0.049716086087528005,-0.04002649911916474,-0.035479214443204524,-0.03725867557238089,-0.08378226045020616,0.0060120684207621245,0.022754257208997312,0.03751217634056073,0.00572957749207619
soil_awc,0.28119504395453293,0.2049351684626179,0.25478101546801607,0.10719144063230206,0.10577156599520926,0.2856227979960079,0.26104684985260584,0.18046807979845259,0.17898786562696986,0.23566472648838507,0.16384825471621478,0.19105763812956522,0.19387686290521552,-0.021393234882503737,-0.009209348406671123,0.03514786047307483,-0.010742854236174607,0.03964910656647019,-0.018470662563103705,0.03132885550876945,-0.02779635393287705,0.00425017097185872,-0.003046283323982748,0.03449241379395993,-0.04562806850352583,-0.028176233581692918,-0.014460445009897894,0.0569211814659003,0.0856954312690751,0.0829897232790179,0.07985621255662397,0.08003965184819199,0.08126507596427233,-0.2743023628257074,-0.29009792250136607,0.2537105979458183,0.0234050110399501,0.014713811971300561,-0.11262133527748305,0.13617380016596237,0.050632557334349064,-0.02122150332784639,0.04953289674155105,-0.0031063814880574934,-0.0015576509207825525,-0.0019408513863731804,0.2794690223831302,0.17992760662087384,-0.10311685394927164,-0.0013729367627547191,0.20169751927726978,0.08483884570669471,0.008817956879767346,0.11671526773477565,0.07853748753387123,0.07811296994664076,0.07697313888095222,0.17822512950573086,0.11921081829620266,0.23238887453973148,0.3252764340682101,0.22507144487975553,-0.0395898467173308,0.025707853777454458,-0.018861165261853545,0.08977681990625223,0.08774303697979144,0.08865769242164276,-0.05743384909368603,-0.10421674972868823,-0.01182197520859642,-0.025080006507744813,1.0,0.27718633457713465,0.5869595715222623,0.5141006078022569,-0.4625170690079948,-0.15944475476728961,0.029534328161017774,0.2903053627547355,0.13802217290821592,0.221734581901083,-0.03405169800799662,0.008318747883415044,-0.1756623436935315,-0.2694587312580374,0.07936799983980664,-0.0019408513863731804,0.07697313888095222,0.08865769242164276,,,0.0,0.0,0.0,0.0,0.0,0.0,0.0,0.0,0.0,0.0,-0.0014093484405823583,0.18648020865079765,0.07731147694549427
soil_bulk_density,0.06521596657083326,0.022778319120084867,0.11440382945766085,0.09514226583231258,0.027243866632788945,0.08400298155326369,0.05233416683704555,-0.02922394143093108,-0.02619478180747182,0.04081794627959536,0.03806263650691664,0.06881156530813015,-0.004703175933925767,0.031196253888446886,0.00257793748733807,0.018484282680362042,0.0029650880926306916,0.041836482604578916,-0.0025611571878212335,0.020183731407074204,-0.01639427957991605,-0.02040886645225096,0.003191469675749061,0.026994433229456122,-0.01838672442908501,-0.03348580467292733,-0.006506291076381995,0.048197088429528905,-0.012071940074929451,-0.016935799804695152,-0.01875956229708662,-0.018305548427884986,-0.017330542402813686,-0.08737727988680859,-0.10797214133848763,0.05623525075726708,0.029821887206684005,-0.023515221908652427,-0.019043791175618097,0.07785733830980772,0.0016538811077990258,-0.020425202263643437,0.014641753967802821,0.019738180799359895,0.020331391030135478,0.020163490337616795,0.0901704643065099,-0.014857594937748336,-0.06913988400116558,-0.10270695809211142,-0.049679173441841216,0.05569380187268918,0.008117267590030602,0.0807272827309672,-0.012622141869153178,-0.013610841110659943,-0.013677778375294773,-0.08672261349693601,-0.08202957256776673,0.11380384264610598,0.11965477928901168,0.024344078643918923,-0.004565267692702611,0.020380239064105844,0.0280198437871578,-0.022355202964265984,-0.025323938113937447,-0.023926769651393523,-0.09956398655899727,0.04211783671442819,0.015995393375016143,-0.08227358477180947,0.27718633457713465,1.0,0.4420042128022244,0.06044169638262095,-0.526693276509711,-0.3113850341585235,-0.5160942486714162,-0.39135544368328085,0.596930013051167,-0.3819073222661335,-0.45239499617954376,-0.3793284094383151,0.239874159693051,-0.2056926739927992,-0.009880345804940389,0.020163490337616795,-0.013677778375294773,-0.023926769651393523,,,0.0,0.0,0.0,0.0,0.0,0.0,0.0,0.0,0.0,0.0,0.02141175827593277,-0.03748137922509981,-0.014044388746526047
soil_clay,-0.10842219560538134,0.0484978086193985,-0.12069060368453531,-0.13951500963129443,-0.03627398773173031,-0.11025870803799522,-0.024778897746478,-0.01057739196739925,0.004090581184639975,0.12372765692644176,-0.11099326043556704,-0.18052752738649983,0.12400478303356416,0.19870394816479547,-0.014372306313065901,0.02330458922846325,-0.023948157907774152,0.01970147091448662,-0.020561489307991645,0.023193750898596315,-0.033897290025874,-0.006043981471295754,-0.013561833787978204,0.05891348166645229,-0.04126907381660454,-0.01484622180435939,-0.03235520309502062,0.04073505845176258,-0.014828937947164438,-0.024068268690060957,-0.0298063902487172,-0.025588022062144628,-0.023434155550763874,0.09792538502702182,0.04992381287923391,-0.08921629169441826,0.1233780099840563,-0.018601097994340916,0.2267889513648814,0.23270722816093328,-0.018117170758814447,-0.031544816840027044,0.02130749128573633,0.042260440293982376,0.04274075393052283,0.04276966642751421,-0.03612177225746452,-0.012744292034234725,-0.03917285988340046,0.12537128825331603,0.10513662250177466,0.029750815792562123,-0.018495348186976773,0.057826421418984746,-0.008053232893884382,-0.011862559301200394,-0.01197458255335424,-0.25190844679374785,-0.13348784274647407,-0.01357168037011597,-0.03766382244100841,-0.013333382855985518,0.046839506872208295,0.02261717515747745,0.07049001700459351,-0.055090840038223954,-0.05865660655462735,-0.056583219377982774,-0.01495358984504671,-0.04127738340530879,0.037787443727795966,-0.006785606540243303,0.5869595715222623,0.4420042128022244,1.0,-0.0457657130497594,-0.39286374010594116,0.06412739340917778,-0.22235328731841258,-0.10577466986090842,0.4840035348735987,-0.13446846968503476,-0.48150938642798574,-0.10168553414719776,-0.05336828269070611,-0.17538232294117242,-0.01622374105013985,0.04276966642751421,-0.01197458255335424,-0.056583219377982774,,,0.0,0.0,0.0,0.0,0.0,0.0,0.0,0.0,0.0,0.0,0.04853265808201393,-0.021535163838035696,-0.01307958817160002
soil_silt,0.6326868675711644,0.2668207032829793,0.6273215078327187,0.44459350606219467,0.20020624401574788,0.6444176773172862,0.4786748260165234,0.28871537471071274,0.26454212855033693,0.21209515916205215,0.44296669752236156,0.5866789447887124,0.13440538496573765,-0.3832096335601223,0.018569223269401584,0.017494386114406638,0.032079061871665676,0.060185759232017286,0.014083514919700078,0.04509104133297827,0.008383820808497264,0.03581615497832456,0.01978732092955186,-0.04195498657663028,-0.008505666253621771,-0.023565356472003435,0.031071513711123558,0.03248942226208695,0.14747397558539252,0.15590684718114525,0.15967731225187504,0.15331174477505266,0.1521411681381396,-0.600840996445798,-0.5757700504928772,0.5597823600313454,-0.12180794301034988,0.005110513801639279,-0.5452446142169345,-0.10333035579451513,0.11118712826312876,0.018806971462955825,0.058711811648808315,-0.05698755138167308,-0.05524256365884647,-0.05628743395657849,0.546643161635629,0.29438417621012214,-0.17590590638949147,-0.22537932370784064,0.18348541777803323,0.1120317651825099,0.03815495600242609,0.11626194277659221,0.12976499977271705,0.13361261970639493,0.13156757531486293,0.5786402838802354,0.3408833524484599,0.4468349875241909,0.6033646402789661,0.3463479586745851,-0.14186519292501273,0.006460569083320156,-0.14794598231025224,0.19374979416933863,0.19562435423928695,0.19484804367727662,-0.06371045076073469,0.0006235812228896228,-0.03112084756506638,-0.04569950604680641,0.5141006078022569,0.06044169638262095,-0.0457657130497594,1.0,-0.3151381573981983,-0.43535747964419713,0.26076733702719196,0.5189429284956817,-0.26964503889575875,0.41014181596937965,0.4593285859272047,-0.01922824702192865,0.014345905608459586,-0.2817982254104291,0.14123999574131196,-0.05628743395657849,0.13156757531486293,0.19484804367727662,,,0.0,0.0,0.0,0.0,0.0,0.0,0.0,0.0,0.0,0.0,-0.08600971284962251,0.3081048491918004,0.1335267366963489
soil_organic_carbon,-0.33456075949768455,-0.34015207621388954,-0.31522044484288125,-0.1177184629959001,-0.10060230352859474,-0.3446329627762739,-0.37796079709520614,-0.3170743034241713,-0.3079031684704297,-0.38878679813275724,-0.22827017043761133,-0.20420318057107426,-0.3282956802241219,-0.12862478064854402,0.016375202535758512,-0.01770536526752941,0.02163757096059158,-0.028665612424555044,0.026494193153845123,-0.0035900182885798245,0.031821420095536256,0.028129822726629755,0.0031528435757601394,-0.04012546790173142,0.04356977380020593,0.03410583418121,0.01940795177200757,-0.060258634525772715,-0.1473618449939401,-0.14848392028625565,-0.1477232159684448,-0.14694980555962064,-0.1471251281284689,0.33049289783106184,0.3548896059343247,-0.28442167219655357,-0.07617125340651276,0.00011073643506719677,0.048396136119474034,-0.3157744748565287,-0.06765655233300838,0.012636953578903007,-0.07465632752032941,-0.012521749685751237,-0.013834846561093706,-0.013775719293744833,-0.34922824185589424,-0.2877893406163705,0.14064294330082733,-0.0704248065397011,-0.29544683922238896,-0.05849321093512641,0.023197847075330905,-0.1231356090063062,-0.11979212165962931,-0.1208260244922753,-0.11882056752361475,-0.23889912870996222,-0.23398205565329122,-0.2563401258846824,-0.41740230296319797,-0.3263858582049416,0.04971812535966165,-0.04399481986012932,0.020702004561016174,-0.15354816654834813,-0.15310031858819953,-0.1539898895244584,-0.021002769834337857,0.06975837737319394,-0.053783665988953795,-0.04428422807249324,-0.4625170690079948,-0.526693276509711,-0.39286374010594116,-0.3151381573981983,1.0,0.16651680129174953,0.3028061205228334,0.044713118397416256,-0.38702817225651204,-0.024918584401259422,0.3178572670341219,0.20350899684740506,0.20483291209557594,0.15505739011647926,-0.14273027550936965,-0.013775719293744833,-0.11882056752361475,-0.1539898895244584,,,0.0,0.0,0.0,0.0,0.0,0.0,0.0,0.0,0.0,0.0,0.01820810815380566,-0.3267696883875347,-0.11970639411549532
elevation_mean_m,-0.5456034157979279,-0.18888628614799283,-0.6152444787591614,-0.5201476098811101,-0.12182226638251056,-0.5798080642819411,-0.3975758805596978,-0.1876631848869118,-0.16333114245728816,-0.06718405784385076,-0.38630233673350395,-0.5906298236117558,-0.022439210925842407,0.5217177797503961,-0.02662616655750279,-0.01597143694561503,-0.043075980560416234,-0.061339284685610736,-0.02256597665132448,-0.044417511217374916,-0.012490742315351251,-0.02569359416852097,-0.023405714796699107,0.035991210849370105,-0.019107781402174073,0.02795009543892394,-0.03613513315125066,-0.033247056953811346,-0.10033016044104272,-0.10457836603712807,-0.1070857913770461,-0.10198493457202888,-0.10166118843462027,0.5380711266163356,0.5256743489633341,-0.48023235144280974,0.10525434492763827,0.07014724094958533,0.5643142617368104,0.12199577674377764,-0.08229088623028774,-0.020875702852504795,-0.046944063450350355,0.032574041828837046,0.031407284652888175,0.03273034071689815,-0.4636123172901938,-0.20156548452082373,0.14040816831185512,0.3692191370419779,-0.01739946885163695,-0.10412900198981216,-0.053092521750816565,-0.07788551030785036,-0.07769534767174863,-0.08157403891578908,-0.08127576048231211,-0.5086201845466393,-0.23921582216167006,-0.38342791275927407,-0.5024145315145333,-0.2470029838510657,0.11884620129612597,-0.006491850809613283,0.11467980271448032,-0.1310730958517557,-0.1296184913072598,-0.12880725567173948,0.1685192173914417,0.007264806917684327,0.03695349744383929,0.1381327130021753,-0.15944475476728961,-0.3113850341585235,0.06412739340917778,-0.43535747964419713,0.16651680129174953,1.0,0.23650981306000185,0.015529018175616966,0.06540156624290887,0.08115846697235106,-0.2025227924944946,0.2020962167014718,-0.2473909476304938,-0.16286686789933585,-0.10015936882802383,0.03273034071689815,-0.08127576048231211,-0.12880725567173948,,,0.0,0.0,0.0,0.0,0.0,0.0,0.0,0.0,0.0,0.0,0.06746377222510638,-0.19738736812084207,-0.08309596231557398
elevation_std_m,0.07050225768433022,-0.0008765703266335862,0.0284336526713646,0.0049930385904505235,0.03390872656953147,0.05369893551826758,0.028338078806809216,0.035736553088086494,0.033372348186585146,-0.01737140531008065,0.0660240370008869,0.05675038049551015,-0.01683967352344702,-0.08970854676318107,0.0022283961587168466,-0.010209162879815516,0.00629261838855003,-0.0031902248238173648,0.008205410688240333,0.012303896146751207,0.0129409221672017,0.038582028058193364,0.0004569086418554171,-0.043425613651682425,-0.00015535283346813727,0.018455031444401908,0.011655682385261882,-0.027258019403357335,0.02716291538367747,0.03160083410259931,0.03340776656895395,0.032486477855845436,0.03132430771320393,-0.0412100168301787,-0.03161093371211633,0.07032656763002143,-0.07394406515941893,0.03343939432546682,-0.10838218958383004,-0.16941686705982387,0.01987520300432946,0.013877077708642466,-0.006478359761025841,-0.0335801277859413,-0.03330931933507614,-0.03341099117533636,0.04925504677327198,0.050091710559076325,-0.018393701360160886,0.018082368478879764,0.06460109195405755,0.006211358520766813,0.0035006103526674047,-0.016557076827097193,0.041974729414115834,0.043177563764309076,0.04299297923199924,0.10962494835986084,0.07998174113513157,0.03537937045021246,0.029270856737998212,0.01772784229113735,-0.04092155264397404,-0.022715124872008333,-0.06654363655293191,0.039443435803584136,0.041734436852909035,0.04114743748426439,0.06863921259111348,0.03674324021965085,-0.03665232460307914,0.04540401663439678,0.029534328161017774,-0.5160942486714162,-0.22235328731841258,0.26076733702719196,0.3028061205228334,0.23650981306000185,1.0,0.6494818714977364,-0.563564880094898,0.45157395809286466,0.5457398982564653,0.40840205337744595,-0.13251991232062804,-0.09656897168588034,0.022317695550140564,-0.03341099117533636,0.04299297923199924,0.04114743748426439,,,0.0,0.0,0.0,0.0,0.0,0.0,0.0,0.0,0.0,0.0,-0.041352961571154895,0.04315925524471586,0.043358655503082086
slope_mean,0.3765511341167584,0.15702847874346404,0.29388366112642494,0.17811009513182732,0.16309511358741882,0.35376805977791187,0.27347823760397943,0.18733120270859296,0.1745600977523731,0.09365641471472588,0.23551762001683985,0.3251545110937488,0.064775095165395,-0.27517801994557145,-0.0021168138109129834,0.004738628688487355,0.0068170371302140815,0.04081689971949904,0.003142324359589174,0.04404881309090991,0.0026557407668581735,0.03887025832624559,-0.0014519353208291205,-0.03178006293945813,-0.027942460050583012,-0.002200060066715417,0.008265420632178132,0.009997539048006225,0.09796203705633115,0.10446816720541559,0.10668798652843522,0.10427017312153988,0.10295836239274922,-0.3303401132406412,-0.31439864698119935,0.3539591475011903,-0.09307644714434385,0.050266257702592805,-0.3528869240022208,-0.17657698210971032,0.08581502737955524,0.008983676380794664,0.04648132650331571,-0.051379356309750185,-0.05005750808662012,-0.05041867323874306,0.33687017748381276,0.2001429158214312,-0.0763968443582803,-0.07444091650025277,0.17750453525839602,0.06887700927824073,0.009479409968698073,0.0574209606805181,0.10042989968508495,0.10357423111964122,0.1023179343381553,0.3148073284001155,0.21963184070876549,0.26662910033912657,0.32792565464666495,0.16291257346105625,-0.09142111072085972,-0.006453339242331834,-0.10011282739384478,0.13157414668614884,0.13325666983228746,0.13295787536047118,-0.005962484150711551,-0.0317712536754037,-0.06982727506204184,-0.0029495071997924097,0.2903053627547355,-0.39135544368328085,-0.10577466986090842,0.5189429284956817,0.044713118397416256,0.015529018175616966,0.6494818714977364,1.0,-0.6416101431536039,0.7296287046508874,0.737023169533235,0.4788407748321736,-0.14997924046254285,-0.24783472210682417,0.09046639401661385,-0.05041867323874306,0.1023179343381553,0.13295787536047118,,,0.0,0.0,0.0,0.0,0.0,0.0,0.0,0.0,0.0,0.0,-0.05609163312592919,0.20425380844829094,0.10346894892585376
nlcd_cropland_frac,-0.2686535889187887,-0.024465045411689777,-0.3013563460310861,-0.2281856377434979,-0.10873925673158465,-0.2808366696412686,-0.15061557422932653,-0.09546783025294088,-0.0781382578598231,0.08095399783586425,-0.22095278865159462,-0.3021070542326466,0.09349688193573885,0.2997379181072493,-0.002556522421126354,0.005930277042367882,-0.013078857919060074,-0.000693435752154323,-0.009245225168861991,-0.013010693162270253,-0.017472570440982108,-0.03780610715047953,0.0012086587017228047,0.0744431502763017,-0.011437898144010885,-0.02220823119590708,-0.018415248754644776,0.04155592565440179,-0.051033540710239834,-0.06037621611165301,-0.06515960133101789,-0.06104682386056665,-0.05924078377203859,0.2314756599257584,0.2492275805024121,-0.22245413893453586,0.1832259634724194,-0.030691968568054832,0.3637940911791635,0.3323273173810182,-0.04150788052586203,-0.02042291088529441,0.011914216265437181,0.06942415484436211,0.06854832261045325,0.06927490587981308,-0.2221449797132907,-0.12822714227168508,0.03397707222737872,0.18861604999441584,-0.008943793589360654,-0.03233902272017235,-0.022011696344165173,0.01745552848597983,-0.056123997655029685,-0.06055768233394198,-0.06044323362018414,-0.36824210336069696,-0.2012078283770869,-0.18626399070251112,-0.20519038205260146,-0.09596887939369186,0.10345644311794928,0.030417204901278926,0.12514989350070949,-0.10206651525919683,-0.10508405984790045,-0.10380058895236356,-0.03447235471908181,-0.04818282424067216,0.09385247645351745,-0.008058474892048757,0.13802217290821592,0.596930013051167,0.4840035348735987,-0.26964503889575875,-0.38702817225651204,0.06540156624290887,-0.563564880094898,-0.6416101431536039,1.0,-0.6435802402147365,-0.8373315225461415,-0.5267370488464407,-0.025310587630561623,-0.10547964584277546,-0.045550166332513235,0.06927490587981308,-0.06044323362018414,-0.10380058895236356,,,0.0,0.0,0.0,0.0,0.0,0.0,0.0,0.0,0.0,0.0,0.07329364932979979,-0.11499100020942407,-0.06172813508576128
nlcd_pasture_hay_frac,0.33598129394302967,0.1682897368756865,0.3020874332668493,0.1663596840794689,0.16117925198744476,0.32873199751202,0.2636320191910187,0.20601017275388822,0.19202093129522305,0.1275256571408903,0.2478858917562841,0.2902146337114693,0.09848379351125512,-0.18103149432085555,-0.01312545328509394,0.007726206786894038,-0.007009231807146234,0.013641528037673255,-0.010047451752892197,0.019543605752794947,-0.008578785285427283,0.026244722962212055,-0.011852102133248235,-0.02961978571337944,-0.026608607145057507,0.008613093095616869,-0.004263622112633289,-0.009779933105288127,0.09841521757515936,0.10609717008231988,0.10906342067580926,0.10599312969673193,0.10478015042478336,-0.2925651251778849,-0.29967718354691447,0.28935748744560547,-0.1146569141874304,0.053432770852811895,-0.28980741752619965,-0.13383444735763392,0.06365328066228108,0.0025456094608426296,0.027432184942713014,-0.054012233067945246,-0.05244114955090614,-0.05290628479518852,0.31311986206143455,0.22027144097542964,-0.06314983396633538,-0.0005618361867272297,0.20824595948411553,0.0596958432427783,0.0062791664638559815,0.05347761549677729,0.10038876757349535,0.10406498921544043,0.10310799948324308,0.3121636005518874,0.24384654433461692,0.2514383081452463,0.3058660626443645,0.16610062284129326,-0.09015240519845727,-0.017723103120358467,-0.0939266244544722,0.14079503178356761,0.1435026932062373,0.14291031936075813,0.02473797467722026,-0.036359635051753623,-0.060947519069491675,0.02053032877537985,0.221734581901083,-0.3819073222661335,-0.13446846968503476,0.41014181596937965,-0.024918584401259422,0.08115846697235106,0.45157395809286466,0.7296287046508874,-0.6435802402147365,1.0,0.6617860759944412,0.41404122306377344,-0.15895150286212736,-0.13347928394372105,0.08883660179168652,-0.05290628479518852,0.10310799948324308,0.14291031936075813,,,0.0,0.0,0.0,0.0,0.0,0.0,0.0,0.0,0.0,0.0,-0.05669611994527703,0.2270889803930514,0.10411385797334965
nlcd_forest_frac,0.41789085346564697,0.03856183567452394,0.3927783413496794,0.31718330859167065,0.14866662961634733,0.4103331325406661,0.23200500569898666,0.10621477490717468,0.08309461304889286,-0.06592320574357248,0.299793195366627,0.44948319877925474,-0.0912689030783008,-0.46893822234097593,0.009954832796863995,-0.005139660860987862,0.027043897312995818,0.027912851441724635,0.017553554242849472,0.03410001826390544,0.02374001582602949,0.047849749354632536,0.004249715400799641,-0.07890462154422653,0.010866496508286303,0.01384528700101476,0.02926356780962865,-0.02694861326749241,0.06212075666424907,0.0720607300214005,0.07721008899452764,0.07136177565289335,0.06963371320264702,-0.37176170001648173,-0.3379810461368408,0.3767140519699837,-0.21271332019741496,0.032386669243243515,-0.5107327345397913,-0.3559595815688239,0.06472368159733491,0.021274461130843247,0.002136970020084431,-0.07914958822818573,-0.0778295536348962,-0.07886292255627013,0.32941193159794724,0.14568377219694104,-0.05556649709153159,-0.25270654686529676,-0.0027944164269330155,0.06246950857456245,0.037487351061838016,0.01167353088311799,0.06496872902537927,0.07015144011685734,0.06954137745562329,0.4725001480217879,0.22989205951311803,0.2620755511844666,0.32148221435718727,0.15254881470801035,-0.12906704649179396,-0.03209383128716498,-0.14710560958018498,0.12537936702232574,0.12773338744472132,0.1265072734690191,-0.07345395674971925,-0.009374375979735672,-0.11393859554018,-0.0726940338467043,-0.03405169800799662,-0.45239499617954376,-0.48150938642798574,0.4593285859272047,0.3178572670341219,-0.2025227924944946,0.5457398982564653,0.737023169533235,-0.8373315225461415,0.6617860759944412,1.0,0.42675516802265767,-0.03207475710493353,-0.09149475452270868,0.05680360550924657,-0.07886292255627013,0.06954137745562329,0.1265072734690191,,,0.0,0.0,0.0,0.0,0.0,0.0,0.0,0.0,0.0,0.0,-0.08084937974013329,0.12596489715409534,0.07113212934551444
nlcd_grass_shrub_frac,-0.005964908133532881,0.0397777552634727,-0.0678340008812331,-0.0991023252399596,0.005512257250816493,-0.03137013247653232,0.01958998101767037,0.0630823122840337,0.0626819810788068,0.02053465573836396,-0.012503148784139929,-0.06176409996624031,0.03294300478507049,0.06000514114320733,-0.020644699334708014,-0.002692735486165108,-0.025941128425598373,-0.038347735503098904,-0.020461780838692843,-0.0252028157083014,-0.017076893294770096,-0.009848512405876664,-0.01914416698721388,-0.023135287167888118,-0.023249110768654775,0.014701035670095274,-0.021227741103968703,-0.025219473553328924,0.034119346675144546,0.03561521583273906,0.03520094468406776,0.03595906311915652,0.035928829977077,0.04650850688763996,0.014152212450589235,-0.0013851972144980358,-0.0166316380185282,0.01540558829415507,0.06901287232947474,-0.03703045207544781,-0.00951704438493639,-0.008482929384316223,-0.0065927765212534205,-0.004904204206533016,-0.004464068457502724,-0.005009030767877266,0.011869839229928696,0.07640686806079668,0.008556772183534801,0.0808451580272171,0.07687995978809303,-0.016771205854435558,-0.013523557422454327,-0.01744130689686648,0.038800260503689545,0.03879229430644269,0.039423311241019485,0.04265658429325533,0.05427423043783371,0.0031218808732723733,-0.014366499048734714,0.05328493507081387,-0.01643952483745866,-0.004306567637348191,-0.04020012530625835,0.044422457538630444,0.0457010213373646,0.04599788281086177,0.07646415141443119,-0.016021496347575173,-0.03002196707377902,0.06534363309152327,0.008318747883415044,-0.3793284094383151,-0.10168553414719776,-0.01922824702192865,0.20350899684740506,0.2020962167014718,0.40840205337744595,0.4788407748321736,-0.5267370488464407,0.41404122306377344,0.42675516802265767,1.0,-0.21102705692013246,0.09709837622628428,0.028556027866030433,-0.005009030767877266,0.039423311241019485,0.04599788281086177,,,0.0,0.0,0.0,0.0,0.0,0.0,0.0,0.0,0.0,0.0,-0.02740918304160451,0.07005461265758955,0.03930675500621248
nlcd_developed_frac,-0.0184280521326497,-0.164895721660407,0.1060334914271034,0.1891994154369064,0.041369701675869,0.020038481577209652,-0.10561907281766804,-0.1739854911139636,-0.17381906177881506,-0.25389821213395014,-0.007490057634209424,0.100457959241094,-0.26246480473206574,-0.2512653420709277,0.03131644113692388,-0.00046734384764305075,0.04164814294583217,0.04286564741275769,0.04190580997705564,0.04685679180972663,0.02655739550652498,0.02827935616291353,0.017742933514410232,-0.02952736600660543,0.02568105110526036,-0.004987707779838905,0.027811362085048363,-0.006217449470583813,-0.08438392868848699,-0.0856317094956952,-0.08490499898380463,-0.08655020807694985,-0.08636576705778741,-0.009544679801025725,-0.028371799718431817,-0.02027745472968392,-0.06359559948606189,-0.00988355977895171,-0.20642191571535728,-0.26152147846277296,-0.00204172462305682,0.015066033327464258,-0.023842013356789905,-0.02311854877558462,-0.023656100441540526,-0.023821625811517994,-0.017031099153357026,-0.14273719789774328,0.0027345698835676184,-0.2646408489719681,-0.22461625800225837,0.03399312864285893,0.028651749371763947,-0.008812126680624975,-0.07057756036390136,-0.07074064189714686,-0.0702881516327812,-0.11978007130876045,-0.1326253866718615,0.06805575424719096,-0.03802464594083062,-0.20133662144844508,-0.0021629314238370547,-0.019380134259026547,0.0006462326029780899,-0.08283991478743429,-0.08385404314303757,-0.08416467339866356,0.033816687818678796,0.2955604479958552,0.021420991689232612,-0.003314640064512723,-0.1756623436935315,0.239874159693051,-0.05336828269070611,0.014345905608459586,0.20483291209557594,-0.2473909476304938,-0.13251991232062804,-0.14997924046254285,-0.025310587630561623,-0.15895150286212736,-0.03207475710493353,-0.21102705692013246,1.0,-0.039596940378463084,-0.08120113684750638,-0.023821625811517994,-0.0702881516327812,-0.08416467339866356,,,0.0,0.0,0.0,0.0,0.0,0.0,0.0,0.0,0.0,0.0,-0.0017842035206871647,-0.1786365137824131,-0.07038639546063313
nlcd_water_wetland_frac,-0.22905491579175313,0.000280136594079064,-0.1394902004317344,-0.10647070038956678,-0.1103674451312511,-0.19764456673288708,-0.10436609897479283,0.003162655496697583,0.0077055681531357344,-0.02364330354095629,-0.14939325072578266,-0.21826337377988592,0.033488629965309574,0.16183893965415022,-0.006747187817983175,-0.0029285509647508064,-0.015506633615095222,-0.05332932498238574,-0.01521604669181251,-0.05009351955567893,-0.00964946371104303,-0.04109772154297115,-0.002746891997159496,0.023960315956243313,0.009113343358692651,0.005428007867002819,-0.009133643778328334,-0.0157647642379872,-0.019811919052990307,-0.022691903084633844,-0.02427906991789973,-0.021461731154305917,-0.021047681497766597,0.20568969456267874,0.1557822949220322,-0.23588333153977592,0.06262979360155418,-0.03282281956464975,0.21446286195662287,0.09945550256019711,-0.04074400844086352,0.0023938287675658513,-0.017487360157239142,0.026948489556127938,0.026386292187604837,0.026906850569645226,-0.19579824420736,-0.020876201584090943,0.07996105135201846,0.12428290038597897,0.01159100365148102,-0.04995119586472977,-0.015370366607932832,-0.04865192590283973,-0.025241426566540034,-0.026692435189293404,-0.025451864916067327,-0.08605767099740086,-0.011732989919144642,-0.19509391032935502,-0.19570260464423356,-0.04792105939411267,0.05402112130675131,0.007113741357945667,0.057585417036433446,-0.03320820822418413,-0.03428504540583446,-0.03462165631038243,0.0687754122257727,-0.023278638445392696,0.01817550103832937,0.05619477665443526,-0.2694587312580374,-0.2056926739927992,-0.17538232294117242,-0.2817982254104291,0.15505739011647926,-0.16286686789933585,-0.09656897168588034,-0.24783472210682417,-0.10547964584277546,-0.13347928394372105,-0.09149475452270868,0.09709837622628428,-0.039596940378463084,1.0,-0.01917502842283835,0.026906850569645226,-0.025451864916067327,-0.03462165631038243,,,0.0,0.0,0.0,0.0,0.0,0.0,0.0,0.0,0.0,0.0,0.024170631926951274,-0.00010056507115109654,-0.02571567012678606
CDHW_Flag,0.3628457411151468,0.6277206872931677,0.18952997749202097,0.06386887467897795,-0.33707274797802533,0.29155847246983757,0.5412898613319462,0.6719800867197977,0.6722974496258123,0.49340174215951366,0.34236429981993427,-0.007074489418423147,0.5272766675013113,0.009044417617011134,-0.42600241694643726,-0.3043301341220078,-0.40484902968400155,-0.38345169123536005,-0.3499686042722327,-0.3342181996314327,-0.26880102491944086,-0.28791643236263015,-0.4893859822566957,-0.3737345590466979,-0.29680942352007905,0.5128706697377362,-0.45648621012442697,-0.4153923590109721,0.9849561556076974,0.9839272635460958,0.9844373966108775,0.9835330907536656,0.9835330907536656,-0.30231493124718906,-0.32555650824658827,0.3551005410443246,0.2973197826807479,-0.3285100242001289,0.010739512928273591,0.3499385079837906,-0.16040418104322418,-0.2920127108885643,-0.21080225650031947,0.45987178869418555,0.4597534806447312,0.4597113456442443,0.43325320104289766,0.5900507235853506,-0.38878926666953123,0.2725210430956423,0.5226188048191664,-0.37741089982386566,-0.4779650853337479,-0.4675193990883744,0.8001592623784873,0.7996590555740952,0.7994938795552633,0.25421695316661336,0.4934778746515028,0.10534344220197427,0.3980484963936699,0.4545664975041224,-0.1763241458126099,-0.28212677746655923,-0.3290992101413452,0.5783763728841366,0.5781321070859922,0.5780865894635335,0.001707212731788194,-0.06645118740293315,-0.04802676434353042,0.007976840804318269,0.07936799983980664,-0.009880345804940389,-0.01622374105013985,0.14123999574131196,-0.14273027550936965,-0.10015936882802383,0.022317695550140564,0.09046639401661385,-0.045550166332513235,0.08883660179168652,0.05680360550924657,0.028556027866030433,-0.08120113684750638,-0.01917502842283835,1.0,0.4597113456442443,0.7994938795552633,0.5780865894635335,,,-0.032212938534050925,0.16137040330122357,0.07654093405719727,-0.1716597941484306,-0.07734020804225922,0.04509498560069453,0.12345544352541313,-0.18684749874898382,0.1272651507645062,0.06863981417372145,-0.4617603472038509,0.6417428205715695,0.7994938795693447
CDHW_Veg_Severity,0.06484273715943725,0.3005013893492576,-0.09828682953761717,-0.13838236266282028,-0.2926802118851948,-0.004429521490219345,0.2190398692643836,0.2977604943162582,0.3102318271200807,0.2371407629992763,0.12022453648165159,-0.17566652315589187,0.2665732160158096,0.06826780613056686,-0.290463964067365,-0.21276719611008726,-0.30480826630228636,-0.2746136844082676,-0.29624178831870235,-0.27909083610529367,-0.23107525051571243,-0.23949556181082576,-0.30509830925460363,-0.22427664852664775,-0.19639057015168712,0.31971882538568125,-0.3186494855228661,-0.260893617176805,0.47586657530710386,0.4683277941288464,0.4624649311487392,0.46963018874579093,0.4722993411249767,-0.04068337014282231,-0.047203582723890906,0.15137587300592606,0.6177287274502737,-0.35057391815190025,0.21230559969538781,0.3179858708783713,-0.2945949718179669,-0.3348796550044371,-0.30473439031779365,0.9992713822823422,0.9996427127195725,1.0,0.12436810209696011,0.19227058618323956,-0.07734938158171177,0.18571079293607257,0.25109797207762397,-0.2049597622463574,-0.2240713398541825,-0.25841063836206085,0.2858999993147345,0.2862146892794671,0.2909175805016181,-0.047944375530047226,0.06346802298925847,-0.02421604663458048,0.06268113562660961,0.10483026413957088,0.005890236091429575,-0.08432215722616826,-0.051784620560770836,0.05651592546869851,0.05864033188386219,0.06347795325751811,-0.1197738177953225,-0.12030196765040657,-0.04325656706503017,-0.08496495395174676,-0.0019408513863731804,0.020163490337616795,0.04276966642751421,-0.05628743395657849,-0.013775719293744833,0.03273034071689815,-0.03341099117533636,-0.05041867323874306,0.06927490587981308,-0.05290628479518852,-0.07886292255627013,-0.005009030767877266,-0.023821625811517994,0.026906850569645226,0.4597113456442443,1.0,0.2909175805016181,0.06347795325751811,,,0.017823591439656335,0.23591658086428902,-0.041236620897140225,-0.1218572591392735,0.07846907582491457,-0.10910578659340762,0.1869251804029266,0.005588701458498056,0.0915109268752591,0.08701366678719342,-0.25905870427794697,0.26265181743725874,0.2895223908376516
CDHW_Silking_Severity,0.33300124607362064,0.5679215725284917,0.14922127335521101,0.09246684497407848,-0.3260824321995459,0.24961778590803682,0.5101083903614193,0.60822199460214,0.6105371347403801,0.4405556986271998,0.3339859608126857,-0.05430777780352385,0.47041515529199757,0.01691439711357013,-0.40693339127307326,-0.29688134000309985,-0.3890730452712427,-0.3705305561306018,-0.33982674160886134,-0.3253035634645098,-0.25869624150070614,-0.255856310601691,-0.4564344270285302,-0.34960909718796473,-0.29987138523900586,0.467597322721037,-0.4335999153794751,-0.3981027240568834,0.8425749856791451,0.8412042221688747,0.8314947630638669,0.8365078533428765,0.8400492398508478,-0.26679025384597366,-0.3328207824771754,0.34165391702550685,0.19785830186065864,-0.3139325927672027,0.038485024342184794,0.3066890437101926,-0.13963752252892628,-0.27171539283357743,-0.1932740398143904,0.28784952994805774,0.29048386976041374,0.2909175805016181,0.4652768719062654,0.6783502179543035,-0.41526352788985643,0.2862715032909507,0.5053494248542004,-0.4534193067881288,-0.5432108686489128,-0.5250448930220037,0.9970093733147235,0.9987612986689279,1.0,0.1903949023082846,0.3745915073943629,0.12332921617483956,0.3524989216044095,0.37391991991446943,-0.13787135850644186,-0.22116226178198437,-0.28435508706650614,0.3705871580210125,0.3724000320318818,0.37557521204609756,0.007187094066646661,-0.06976597152909673,-0.05106626062188789,0.005941856490848404,0.07697313888095222,-0.013677778375294773,-0.01197458255335424,0.13156757531486293,-0.11882056752361475,-0.08127576048231211,0.04299297923199924,0.1023179343381553,-0.06044323362018414,0.10310799948324308,0.06954137745562329,0.039423311241019485,-0.0702881516327812,-0.025451864916067327,0.7994938795552633,0.2909175805016181,1.0,0.37557521204609756,,,-0.06711155422542042,0.17766250138292825,0.07437045578110998,-0.20250388369012234,-0.13509412440165508,0.0021921497629050265,0.11705674936330934,-0.2048016205856687,0.1748389879045095,0.0660908136146615,-0.4252584589524909,0.578748947339604,0.9999621554215796
CDHW_GrainFill_Severity,0.36927767914407417,0.41871935452185544,0.2737083549646819,0.13646218191656623,-0.14899846643175463,0.32955904370248035,0.420038536845228,0.4759907570717469,0.4649645436343191,0.38494773558642836,0.3269664084291029,0.09639894570283504,0.38900872263601016,-0.021494710806941875,-0.25418181957338665,-0.17843711676161791,-0.22436827378150698,-0.23393729988318626,-0.17473188033168421,-0.18679496807873242,-0.1611331460357428,-0.18615258842087087,-0.31132851375131493,-0.2696737958487281,-0.197293439221562,0.33824812307128643,-0.2678552271541495,-0.28840856547593713,0.6156011957466528,0.6231024624999175,0.6175067412538614,0.6135903545043767,0.6163424330489562,-0.3143879394105091,-0.3151382450700211,0.31039426945662324,0.02799026193180425,-0.10375311881762411,-0.0810251267322953,0.21000181647420887,-0.030822924712510538,-0.1269736663659992,-0.0972624847936163,0.06035250846115728,0.06352252908800883,0.06347795325751811,0.35140338372943153,0.36276913027824154,-0.3299081264159265,0.15072506592180088,0.35043974566422004,-0.16208254570220387,-0.24004292747993164,-0.22274429322222275,0.37256383494243567,0.37761960376667064,0.37557521204609756,0.3402978868573313,0.6900211221870407,0.11750686083427575,0.4111454866524816,0.4560566348149041,-0.23585113445387257,-0.30191966397588793,-0.35849851450920095,0.9983772656776049,0.9994970683249925,1.0,0.058255672194623985,-0.008323885600577544,-0.008046049867217329,0.04417154223168987,0.08865769242164276,-0.023926769651393523,-0.056583219377982774,0.19484804367727662,-0.1539898895244584,-0.12880725567173948,0.04114743748426439,0.13295787536047118,-0.10380058895236356,0.14291031936075813,0.1265072734690191,0.04599788281086177,-0.08416467339866356,-0.03462165631038243,0.5780865894635335,0.06347795325751811,0.37557521204609756,1.0,,,0.013491181383660561,0.054546976861780776,0.04090162424488764,-0.10764958851737284,-0.06965215540298349,0.09676374608566221,0.06466317131423172,-0.1537591392789999,0.09601672730348841,-0.038402336066973256,-0.32867330072583273,0.4689562502573388,0.3772226115971045
Fourier_sin_P1_0,,,,,,,,,,,,,,,,,,,,,,,,,,,,,,,,,,,,,,,,,,,,,,,,,,,,,,,,,,,,,,,,,,,,,,,,,,,,,,,,,,,,,,,,,,,,,,,,,,,,,,,,,
Fourier_cos_P1_0,,,,,,,,,,,,,,,,,,,,,,,,,,,,,,,,,,,,,,,,,,,,,,,,,,,,,,,,,,,,,,,,,,,,,,,,,,,,,,,,,,,,,,,,,,,,,,,,,,,,,,,,,
Fourier_sin_P3_0,0.041309318131793074,-0.06025428640211011,0.05984493491155862,-0.015184047362295106,0.04937156463921892,0.054287643769036074,-0.044507745996275085,-0.06885750710904974,-0.07205629518015555,-0.016282107290214752,-0.04548267215367687,0.09545847750451165,-0.01809507562937622,-0.052759255961297234,0.045223134444783424,-0.061815189635328734,0.029997450258553875,0.045107411397381794,0.020687400911505328,0.07943572774650601,-0.0320622344960308,-0.02612542794024465,0.05621352844975212,-0.07267336823517177,0.07857411817435987,0.006394810130610849,0.047646806293168545,0.010971022134367455,-0.029777415203230625,-0.03253612703527348,-0.03472369061280985,-0.03734014415786798,-0.03540727418131706,-0.022134136103375404,-0.0033181820597174027,0.019326154274418188,0.002613961447194,-0.05100393166441723,-0.026171622357149392,0.04447288787187,-0.029352482862757077,-0.05747445906007034,-0.07402214870451557,0.018373528905036837,0.017742328414707142,0.017823591439656335,-0.03480520881332714,-0.10793354387815247,0.08455659303763548,-0.0421619805413099,-0.053223768957941335,0.07815844614222833,0.12389355179849863,0.12994189370335532,-0.06414343676496917,-0.06469433189981758,-0.06711155422542042,0.08787248012286088,-0.025031033250262052,0.03757169492776462,0.010989393556433451,-0.03678461857642192,-0.040667545462854865,0.07740624497995129,-0.01961877772950519,0.015297166312553328,0.013529331242155261,0.013491181383660561,-0.01589940635944006,0.028808623900870488,0.016403345371861323,-0.005537620998363671,0.0,0.0,0.0,0.0,0.0,0.0,0.0,0.0,0.0,0.0,0.0,0.0,0.0,0.0,-0.032212938534050925,0.017823591439656335,-0.06711155422542042,0.013491181383660561,,,1.0,0.0,0.024202482320486725,0.011993692975806068,0.014094856203319142,0.03183328289048185,0.0,0.039650352801204256,-0.005586810138538145,0.0,-0.05383658570384105,-0.06458686361029428,-0.06705714061401975
Fourier_cos_P3_0,0.02517994616917811,0.09780638056849254,-0.021242659839894266,-0.029983064066338955,-0.15555662266147277,-0.001955477015191039,0.05080953150580503,0.09013865158999003,0.0939829995777166,0.07740651775179896,0.02433025512778396,-0.078405403831666,0.09851743791795219,0.006600025434454123,-0.1711405603427985,-0.07157031156381438,-0.1939633215727956,-0.1210877722229397,-0.24666229338598095,-0.2618815375541359,-0.20143346859764055,-0.16938246450485336,-0.1685931929528093,-0.07322850278450026,-0.09356843700218004,0.11161262277528616,-0.1974694973549461,-0.11371877301667106,0.18823830752935825,0.18526088120099735,0.1804016358155466,0.18361347169411846,0.18606645580917802,-0.06451857924382062,0.028834881637556646,0.10086652771941088,0.1253565194968041,-0.19727301078863743,0.050983729725778484,0.14961361117927474,-0.15459220990929093,-0.2469086902844253,-0.20392684616875686,0.23387368067818373,0.23502594920218262,0.23591658086428902,0.01921851273831789,0.07095954796559921,-0.10356719101920282,0.15531258870658587,0.09823685856855996,-0.1316890939223779,-0.1184878106334564,-0.11630132839882885,0.17941362930118923,0.17843526743967536,0.17766250138292825,-0.04377184445065123,-0.0013542517105801246,0.06330782428504238,0.00952631679855462,-0.0005179095320177271,0.0897065799922523,0.008402835571889351,0.026501094986983185,0.05257230610169138,0.05198400792691229,0.054546976861780776,-0.023999533757498814,-0.07436015090547994,-0.03566108775407581,-0.020186445643882545,0.0,0.0,0.0,0.0,0.0,0.0,0.0,0.0,0.0,0.0,0.0,0.0,0.0,0.0,0.16137040330122357,0.23591658086428902,0.17766250138292825,0.054546976861780776,,,0.0,1.0,0.01232939089657956,0.04674079261007566,-0.02441300706952612,0.055136863338027614,0.0,0.06377096661902268,-0.009676639012188983,0.0,-0.08127926330369027,0.07703601301536207,0.1768693042866678
Fourier_sin_P5_0,0.09889225864503678,0.11689494630921625,0.10698934978550745,-0.02171423718006791,-0.04217245714160728,0.10802762132912216,0.1721096794375842,0.10548505664982336,0.0999944978944579,0.06734347615636538,0.011659718300101861,0.08876419682483291,0.06425060634413701,0.02158740818591289,-0.05713240875622793,0.047995126348758646,-0.0911269553050039,-0.09061292736386006,-0.08501685360057287,-0.11218473503070664,-0.02886250639870016,0.0053631007957997716,-0.08614288484236081,-0.03516593483762258,-0.03425778459892042,0.05070362411023698,-0.1239666126131792,-0.13634786308676775,0.07802057544645642,0.07576201028745382,0.07348162400004825,0.07342514404899911,0.0742200418132421,-0.08376306919472758,-0.16021322394906218,0.08701981731213586,0.049238862827509264,-0.1497108109215545,-0.02449140795591324,0.08907524276310144,-0.022363169573349637,-0.10819159900695033,-0.05654880202519446,-0.04001249629398468,-0.04214716431613255,-0.041236620897140225,0.16404517571131527,0.12191698995401737,-0.03901333123052098,-0.027937455693582892,0.08054795160361022,-0.06862276538436124,-0.10142199505283107,-0.12115565339066928,0.07906156617211697,0.078616662472977,0.07437045578110998,0.07032125175222584,0.02096572111739657,0.1108917182748063,0.1080785650984408,0.06040658665701139,0.10816987781729429,0.018231642159703226,0.04354149270687838,0.043064392181157034,0.041552895159478576,0.04090162424488764,-0.011400740288343847,0.010484270154683197,-0.015258489620364234,-0.008889154336286408,0.0,0.0,0.0,0.0,0.0,0.0,0.0,0.0,0.0,0.0,0.0,0.0,0.0,0.0,0.07654093405719727,-0.041236620897140225,0.07437045578110998,0.04090162424488764,,,0.024202482320486725,0.01232939089657956,1.0,0.01731417777618543,0.05446850888864291,0.046115427336720874,0.003422264435105063,0.023482880968919897,-0.0008271956502948286,0.06237126153557306,-0.05558658642102725,0.10655672164480239,0.0749083332207664
Fourier_cos_P5_0,-0.008516234878521938,-0.0761319586929285,0.05641486734769516,0.13648419478894505,0.10395740283195429,0.008551416830560975,-0.08290991029765153,-0.11815233642139958,-0.10790231580949597,-0.08698274641485831,-0.1224494271292216,0.10494493476440928,-0.10549612315837298,-0.007792901236955167,0.09586624018164862,0.061585713504878105,0.059330155764976945,0.07903949749938993,0.06448052099435689,0.043291232819598666,0.07482791719798162,0.08398291901107945,0.10701234485305526,0.051226610121878895,0.018629447191107953,-0.12427237034920528,0.07381455520689857,0.07402877987715441,-0.19086873526299156,-0.18816887937816834,-0.1838913196635877,-0.1854483828828154,-0.18783340509330332,0.00762935685052673,-0.0034000210416679204,-0.01769636691664767,-0.05278144571063711,0.11840381405058571,-0.10354827524462398,-0.10205057125846016,0.011543311894868898,0.048059625887769554,-0.01499332350908328,-0.12028236254764171,-0.12202709432358487,-0.1218572591392735,-0.04078017833919099,-0.16821404576489887,0.0692851535036772,-0.1530466734310409,-0.13573279220084733,0.19346838300198224,0.16747750180631057,0.2204463773942002,-0.2015632857660659,-0.2004926434572176,-0.20250388369012234,0.024360095867989262,-0.06408501995177665,-0.02511493278382639,-0.007475960268316035,-0.04117206348322164,-0.01621620276078572,0.04474004786444249,0.04689810870575825,-0.10746668148853442,-0.10646950842959124,-0.10764958851737284,-0.016657121301995075,0.011845545403450454,0.02506882677415971,-0.002237169575910562,0.0,0.0,0.0,0.0,0.0,0.0,0.0,0.0,0.0,0.0,0.0,0.0,0.0,0.0,-0.1716597941484306,-0.1218572591392735,-0.20250388369012234,-0.10764958851737284,,,0.011993692975806068,0.04674079261007566,0.01731417777618543,1.0,-0.04961176616181275,0.10885599330609692,-0.0062794183662702886,0.07457283638256315,-0.0029399095520034027,-0.016611375450945175,0.05821580294607684,-0.11216160228965694,-0.20195782743598914
Fourier_sin_P7_0,0.008039230147046085,-0.09913779956430507,-0.01332961084861281,-0.0763708457379999,-0.012926599013595563,-0.0009485656767884708,-0.060774905418449585,-0.08728829023280163,-0.09565334613594959,0.015169340832011461,0.019918020585487396,-0.021824939658411716,0.011686924271795041,-0.013551155810184188,-0.02167089611435904,-0.03921734534000954,-0.06484925316559896,-0.08269216082229137,-0.10548938773024599,-0.11047449940274327,-0.05461214901590225,-0.06053321707348825,-0.054812928322395524,-0.11309909114191836,0.026829569685442867,0.04921596632519412,-0.08740798038738877,-0.11600003614908615,-0.08465940235410982,-0.08657836213039966,-0.08646143890466976,-0.0858565460727039,-0.08569193253160873,-0.03905480786207681,0.0061050441061311495,0.07265414630219,0.05472765244473398,-0.08287506986567293,-0.003036190428457905,0.0862254330344135,-0.12726453705345397,-0.13082098903358194,-0.16588855845119696,0.07769854209995213,0.07893150102436752,0.07846907582491457,-0.031141414991626017,-0.12061225430278656,0.10387947487387413,-0.0001611508398126384,0.011670802781861205,0.04860636972090397,0.05765592297424832,0.02062336759444818,-0.1349868182697855,-0.1368299853216167,-0.13509412440165508,-0.007698599948770432,-0.03550675109453299,-0.0025351422941428787,-0.00330578278811686,-0.03776101554185976,0.022355668801124894,0.008084440544724816,0.04028589780148817,-0.06962931581459617,-0.06972361999747119,-0.06965215540298349,-0.0596844562124502,-0.07914539204352665,-0.038690920864283135,-0.049716086087528005,0.0,0.0,0.0,0.0,0.0,0.0,0.0,0.0,0.0,0.0,0.0,0.0,0.0,0.0,-0.07734020804225922,0.07846907582491457,-0.13509412440165508,-0.06965215540298349,,,0.014094856203319142,-0.02441300706952612,0.05446850888864291,-0.04961176616181275,1.0,-0.011559771218386281,0.0018480843468516503,-0.012039570855498862,0.022214045050253053,0.06390724566612757,-0.09157564742021822,-0.09169710739576081,-0.13485426367312686
Fourier_cos_P7_0,-0.010411869833307271,-0.06212076178974291,0.027075477974772427,0.05510592720491136,-0.03758305011100301,0.0038532415302425208,-0.041530642767693186,-0.06311481674953888,-0.06408952586271328,0.005402123240811584,-0.01654741093841583,-0.01442788173980049,0.007687434791558511,0.00550388067997696,-0.01866340823049442,0.03247705797515407,-0.018822507302255275,0.04146536020461573,0.005243757886013058,0.0653786126438144,0.03011010337257933,0.024785046306580443,-0.03431104468331763,0.005881676901979235,-0.00964420062081779,0.03498716194993606,-0.022681951858148947,0.021319273970576175,0.04086823406428334,0.03825042892828602,0.0369113401110934,0.038451720908630506,0.03865151236357788,-0.03482339782753799,0.04890196825634501,-0.0004966085362361859,-0.13834755700544416,-0.06425760996561676,-0.05553584958778151,-0.03463232072089114,0.011293105188331161,-0.041622583713980414,0.035114940912079354,-0.10691570256391791,-0.10977988785625419,-0.10910578659340762,-0.049932063793351335,-0.07218936349459053,-0.04399958741420201,0.06170425521280928,-0.004308188587328978,-0.023147321030122042,-0.022432673494867845,-0.026171810924803373,0.004023856023073791,0.003025652022923426,0.0021921497629050265,0.008095968201224244,0.020537956363267364,0.019808983568800287,0.024278955043385522,0.06615279345086027,0.03853902889847218,-0.027735373665262818,-0.022660094579162803,0.10186878664498236,0.09946759921294655,0.09676374608566221,-0.03846523481767244,-0.01125603405634544,-0.012682586998072523,-0.04002649911916474,0.0,0.0,0.0,0.0,0.0,0.0,0.0,0.0,0.0,0.0,0.0,0.0,0.0,0.0,0.04509498560069453,-0.10910578659340762,0.0021921497629050265,0.09676374608566221,,,0.03183328289048185,0.055136863338027614,0.046115427336720874,0.10885599330609692,-0.011559771218386281,1.0,-0.008906438856561163,0.031165707223834545,-0.0955803719343344,0.018616692427669026,0.010553870371084318,-0.06597496861364108,0.0026706213145281884
Fourier_sin_P11_0,0.0874195603523239,0.2258591665248667,0.017144567990720096,0.01757312610518465,-0.12638134054738284,0.06878494359506013,0.1895669905557601,0.19801650243176808,0.2032698527533376,0.09220426973563453,0.09043313832825359,0.002861704013259331,0.09856574348886553,-0.06968506103678417,-0.12901705833998128,-0.14221664751759286,-0.07101468680076839,-0.03318797409276366,-0.06322625251277961,-0.016883493542507042,-0.07519423050198105,-0.06426577900224842,-0.12497596199967412,-0.12245858247472298,-0.07455860106547421,0.13345859640134408,-0.0731093789885686,-0.0493250311272509,0.13435336819151122,0.1351045746715621,0.13358260728638438,0.14157161812116814,0.14142016142493877,-0.06492849913795971,-0.14417520527100466,0.08576986333912234,0.19808645284423793,-0.111148431912283,-0.01526546263044546,0.05503658228871634,-0.04775376654613026,-0.05375009134473143,-0.049232627505775534,0.18387944292803304,0.18542759012323082,0.1869251804029266,0.15880502889052875,0.16756443615193273,-0.08862350611831976,-0.04259612047059285,0.08558960984479262,-0.0615685289989638,-0.06209197830068661,-0.08146520725252178,0.10884769027485793,0.11215479067767582,0.11705674936330934,0.033472460017135545,0.12139417493699624,0.007011319948641848,0.10818751185901469,0.08925219433316042,-0.14014089926445492,-0.1198773472426199,-0.1429514153617243,0.06314985757854912,0.06298378775718298,0.06466317131423172,-0.07490526201957232,0.008270402925242247,0.010255617489314564,-0.035479214443204524,0.0,0.0,0.0,0.0,0.0,0.0,0.0,0.0,0.0,0.0,0.0,0.0,0.0,0.0,0.12345544352541313,0.1869251804029266,0.11705674936330934,0.06466317131423172,,,0.0,0.0,0.003422264435105063,-0.0062794183662702886,0.0018480843468516503,-0.008906438856561163,1.0,-0.009902592130000597,0.02238284236189886,0.23230885134150273,-0.15161298812746643,0.18717171706578514,0.11677208717225528
Fourier_cos_P11_0,-0.02865818516094078,-0.14391363567051313,0.02401315858612798,-0.07674712628317547,0.11098337253363588,-0.001792884247194099,-0.07512874264042997,-0.1824594145126626,-0.18008485067221425,-0.1689317467578702,-0.016898875165512438,0.12148151061830066,-0.20816950517389143,-0.028839210443031154,0.13717246733533048,0.13566703761629512,0.09828830997140145,0.14049574138505783,0.11513400478224245,0.14522076471654458,0.21095961611319017,0.24472680268475763,0.18486283303437337,0.1628000549401767,0.1542433802815752,-0.19402167796434655,0.1484035419133174,0.18739607882084588,-0.1984237097937373,-0.19656296027663508,-0.19288556075874927,-0.1963237336566212,-0.19757847396744613,0.0263847037270269,0.009773923116748793,-0.040078102874114986,-0.05083357179523968,0.004861292549700381,-0.07457055780429599,-0.14084125777948023,-0.003415267066956424,0.05896134188900636,0.023529793722019927,0.00535780193213108,0.005369591685588399,0.005588701458498056,-0.02859431949704795,-0.14943208941075678,0.10595211091911591,-0.10143040932171772,-0.17184388804813983,0.09688301724270271,0.14140386715220005,0.14255064879752408,-0.20589276866002612,-0.20357963343584073,-0.2048016205856687,0.0011111439688785616,-0.2043426378587644,0.07591038677987876,-0.08945426793538876,-0.2178554673863601,0.1103480615752406,0.21849157312089101,0.20829444155353394,-0.1541945793441425,-0.15312384411320745,-0.1537591392789999,-0.02988308734599823,-0.009149267020137847,-0.003928711386096733,-0.03725867557238089,0.0,0.0,0.0,0.0,0.0,0.0,0.0,0.0,0.0,0.0,0.0,0.0,0.0,0.0,-0.18684749874898382,0.005588701458498056,-0.2048016205856687,-0.1537591392789999,,,0.039650352801204256,0.06377096661902268,0.023482880968919897,0.07457283638256315,-0.012039570855498862,0.031165707223834545,-0.009902592130000597,1.0,-0.1710878208461439,0.03969030487076074,0.17283639216364458,-0.17403699284568788,-0.20434528520103423
Fourier_sin_P19_0,-0.009373857010291786,0.11110147544634788,-0.09959637148261248,-0.020172450391954477,-0.12753498057628548,-0.06116017312847998,0.02406772703708211,0.13364987340972642,0.13280569787210192,0.010176392412411025,-0.126315235576635,-0.13114362335569624,0.06616344826034638,-0.001513054962294291,-0.12593000692610912,-0.06988914936328018,-0.13230009293777886,-0.1074274384227507,-0.11537338400357293,-0.10888447438672175,-0.08894384321319915,-0.12145582088743381,-0.1095906073596406,-0.014902362409480613,-0.07808481372395273,0.09176892225631013,-0.11411380695130759,-0.07185701843522353,0.1505186026658837,0.15229207140319442,0.14819977050970748,0.1472988468092777,0.14946999984591858,-0.019925014296731925,0.02256778675481268,0.09065742519464877,0.10908173152514712,-0.13834366093316333,0.023408052103155153,0.08376438255939712,-0.05441555508557901,-0.10317686839063839,-0.05862916126252412,0.0890708293485482,0.09082336777773184,0.0915109268752591,0.03341595508565362,0.1347500047083766,-0.01171011022936328,0.05465804657739331,0.07698374518703,-0.09517332613581408,-0.08935852888059596,-0.08009981601466014,0.1751779642849134,0.1772056337786369,0.1748389879045095,-0.08510941260994974,0.10053421265157246,-0.021176143899778888,-0.023596720697768643,-0.03328246896633159,-0.03159314630773751,0.0012899617477508723,0.011484945961693417,0.09397803638646221,0.09457354038956252,0.09601672730348841,-0.08512917361283706,-0.14989290567882382,-0.042715408018110426,-0.08378226045020616,0.0,0.0,0.0,0.0,0.0,0.0,0.0,0.0,0.0,0.0,0.0,0.0,0.0,0.0,0.1272651507645062,0.0915109268752591,0.1748389879045095,0.09601672730348841,,,-0.005586810138538145,-0.009676639012188983,-0.0008271956502948286,-0.0029399095520034027,0.022214045050253053,-0.0955803719343344,0.02238284236189886,-0.1710878208461439,1.0,0.0,-0.03130080381745437,0.12657201486810185,0.17462623343107866
Fourier_cos_P19_0,0.09048716063360783,0.055265089055917496,0.04326817175572775,0.03710485788566151,-0.14110552840938484,0.0752851687038465,0.061597112700127875,0.056494158902196404,0.05418720026994215,0.05501871430107341,0.11609857581806522,0.0514184224739927,0.02246884657903957,-0.0232426211331669,-0.11805573690463549,-0.034518387583792394,-0.12617807984204368,-0.010719944150383713,-0.14607152337492635,-0.0755563336369925,-0.09587240370810506,-0.03522835819022375,-0.1168599230135184,-0.03241066676168844,-0.074369279919547,0.0864885701452217,-0.1361440524674966,-0.01114964552372898,0.06383361579249067,0.060632042531596285,0.05898773950911588,0.06350338206123125,0.0633145197036617,-0.09784217645262774,-0.050084268220730185,0.16101701161569415,0.054278543181562264,-0.29524808654552487,-0.018897893052629972,0.07808566800866186,-0.08578699481086673,-0.20436961396835784,-0.09395600513234932,0.08543662191725405,0.08559708869386523,0.08701366678719342,0.07979854172454551,0.07614524352179437,0.0013434473091689652,0.020862115215236517,0.03986346456134481,-0.04075711786798282,-0.07547461294242097,-0.047199114622195594,0.06812959745090548,0.06597848445714431,0.0660908136146615,0.02918457395799124,0.02316203378983019,0.10919093186888376,0.044421774270408255,-0.052008273896679544,-0.0437928779972108,0.06406720575158299,-0.018196345808697594,-0.041056995350951496,-0.039335915213281496,-0.038402336066973256,0.015961004497036406,0.016618309378501225,0.011367008725507567,0.0060120684207621245,0.0,0.0,0.0,0.0,0.0,0.0,0.0,0.0,0.0,0.0,0.0,0.0,0.0,0.0,0.06863981417372145,0.08701366678719342,0.0660908136146615,-0.038402336066973256,,,0.0,0.0,0.06237126153557306,-0.016611375450945175,0.06390724566612757,0.018616692427669026,0.23230885134150273,0.03969030487076074,0.0,1.0,-0.04473300838709377,0.04142246580195791,0.06619658919756297
Inter_SPEI_Tmax,-0.33254644230150765,-0.40280354634437365,-0.1421796573633264,-0.05563370078916411,0.4485203248902812,-0.25399223854388936,-0.3840200944565819,-0.39992152086823224,-0.4102258377242788,-0.5781377579190703,-0.4307390285289386,0.09323903049758828,-0.6008200509385717,-0.04395979835099424,0.5836813730793186,0.700647998133345,0.5053557970992159,0.5471103507101537,0.45671330256833925,0.45251931246780835,0.3321168083417112,0.34479063579497055,0.7189795219054023,0.9846343873962695,0.36236347936690944,-0.8229350488023086,0.6324461812898162,0.6978931179171458,-0.48891568436981353,-0.48732481533571315,-0.48101886255792425,-0.4891143896023642,-0.49090719418708034,0.2885863175399133,0.24551754124575592,-0.36054944237624587,-0.18395097124010115,0.4001217833389946,-0.06973292660078419,-0.44519189551755717,0.44233490415691334,0.4849248433113979,0.590911700060905,-0.2576771476815001,-0.25859857561362637,-0.25905870427794697,-0.3233022279211781,-0.3565449758877342,0.3006074276302365,-0.34000083975582074,-0.5445466845193403,0.3332685118706814,0.4404226669229864,0.5228982388342941,-0.4214932626990357,-0.42187125245147006,-0.4252584589524909,-0.2439995643584273,-0.31064419143895067,0.0688622000534925,-0.39597309015052673,-0.5420797519103475,0.4803599338460954,0.5572788020501814,0.6911945109955677,-0.3279574416300204,-0.32741270156162366,-0.32867330072583273,0.027101539112110083,0.0004193132917023215,0.05841901090259924,0.022754257208997312,-0.0014093484405823583,0.02141175827593277,0.04853265808201393,-0.08600971284962251,0.01820810815380566,0.06746377222510638,-0.041352961571154895,-0.05609163312592919,0.07329364932979979,-0.05669611994527703,-0.08084937974013329,-0.02740918304160451,-0.0017842035206871647,0.024170631926951274,-0.4617603472038509,-0.25905870427794697,-0.4252584589524909,-0.32867330072583273,,,-0.05383658570384105,-0.08127926330369027,-0.05558658642102725,0.05821580294607684,-0.09157564742021822,0.010553870371084318,-0.15161298812746643,0.17283639216364458,-0.03130080381745437,-0.04473300838709377,1.0,-0.3647705707978771,-0.4249041778853237
Inter_Heat_Precip,0.5672145122075726,0.9015093693580302,0.40767208678481076,0.15815318072916018,-0.14758364268552102,0.5111583497044146,0.8027145224720159,0.9946599610007557,0.9779231097985893,0.5263561667652769,0.4223730453028397,0.23579476749900466,0.5254329217819698,-0.08880461683865144,-0.2834452327811432,-0.19221130822518948,-0.253517269023682,-0.22602852363915654,-0.22501265966534303,-0.21188913637391496,-0.19348289409914335,-0.20121015361342276,-0.30604712496417374,-0.23482446391207962,-0.22859973848214535,0.28876860449478614,-0.2743031419169957,-0.24040447643127613,0.6628717107277086,0.6701662011698859,0.6688848354464372,0.6673149939899203,0.6679888718233173,-0.4811842271069148,-0.5997416472274197,0.5089750930143563,0.3836622216807651,-0.1902919234189646,-0.17195767533261805,0.30079172169781626,-0.03227827116376075,-0.13901800525629937,-0.08268862502375227,0.2612884056652425,0.2630925079129187,0.26265181743725874,0.683346942046812,0.8662054755469967,-0.3870495117075576,0.08958915453248215,0.5515828670830107,-0.19439860092275865,-0.3366978594715794,-0.2384300505781909,0.5755335378788032,0.5795894380507187,0.578748947339604,0.44599063207329664,0.6770301971172751,0.2653781441062791,0.593822956360248,0.5214074424440978,-0.17497068009770508,-0.19012476990061788,-0.2591094302635182,0.46648745380382944,0.4686095025905199,0.4689562502573388,0.024614684276527098,-0.08464274364604397,-0.020714097544211132,0.03751217634056073,0.18648020865079765,-0.03748137922509981,-0.021535163838035696,0.3081048491918004,-0.3267696883875347,-0.19738736812084207,0.04315925524471586,0.20425380844829094,-0.11499100020942407,0.2270889803930514,0.12596489715409534,0.07005461265758955,-0.1786365137824131,-0.00010056507115109654,0.6417428205715695,0.26265181743725874,0.578748947339604,0.4689562502573388,,,-0.06458686361029428,0.07703601301536207,0.10655672164480239,-0.11216160228965694,-0.09169710739576081,-0.06597496861364108,0.18717171706578514,-0.17403699284568788,0.12657201486810185,0.04142246580195791,-0.3647705707978771,1.0,0.5796258284440948
Inter_CDHW_GDD,0.3358023974877204,0.56821470418777,0.1523815649181466,0.09455270557553529,-0.3250758572911929,0.25265359083984845,0.5115905263475035,0.6089154422953457,0.6110532459791552,0.44084765031823836,0.3355795007265231,-0.05129224001612945,0.47043156230946603,0.014952841406200923,-0.40643829119476343,-0.2963803648234609,-0.38860098568230217,-0.3699029149665483,-0.3393546447819009,-0.3247250916368031,-0.2580362723149565,-0.2550429090919394,-0.45594391633802134,-0.3491001479672596,-0.299821254660776,0.467079660309678,-0.4331611361705688,-0.39761137708303024,0.8426310849689342,0.8413618744800928,0.8317080046273496,0.8365952257525895,0.8401147653651291,-0.2696037106969769,-0.3351378543961489,0.34389248593053146,0.19668006227848053,-0.3138228349122659,0.035610354127764254,0.30586417993091247,-0.13872446898009758,-0.2713111852194655,-0.19259369930608322,0.28645408250285254,0.2891040304223168,0.2895223908376516,0.46719836154102456,0.6788044097116651,-0.4157454004356602,0.28490172962733074,0.5051643093436694,-0.4530196019448495,-0.5427992565894089,-0.5243945180076067,0.9969766588831384,0.9988187866425117,0.9999621554215796,0.19376565115285627,0.37714887302944555,0.12518167546816422,0.35507730999486914,0.3756532410492087,-0.13811639232316092,-0.22100277126291193,-0.28463436520969676,0.37222977175395733,0.37406543949277976,0.3772226115971045,0.006850688802058883,-0.06982080636719651,-0.05102691506295151,0.00572957749207619,0.07731147694549427,-0.014044388746526047,-0.01307958817160002,0.1335267366963489,-0.11970639411549532,-0.08309596231557398,0.043358655503082086,0.10346894892585376,-0.06172813508576128,0.10411385797334965,0.07113212934551444,0.03930675500621248,-0.07038639546063313,-0.02571567012678606,0.7994938795693447,0.2895223908376516,0.9999621554215796,0.3772226115971045,,,-0.06705714061401975,0.1768693042866678,0.0749083332207664,-0.20195782743598914,-0.13485426367312686,0.0026706213145281884,0.11677208717225528,-0.20434528520103423,0.17462623343107866,0.06619658919756297,-0.4249041778853237,0.5796258284440948,1.0
